GAMS 32.2.0  rc62c018 Released Aug 26, 2020 WEX-WEI x86 64bit/MS Windows - 02/18/26 01:42:35 Page 1
Food Supply Simulation in Japan applying the SWISSfoodSys Model
C o m p i l a t i o n


   2   
      Build 2.7b Feb 4 2026
      Simultaneous simulation for croping and animal production models with 16 crops, 6 processing foods,
      18 feeds, 7 livestocks, 5 animal products and 2 marine products .
      The objective function consists of calorie deficit and net food intake balance of 8 food groups.
      The contstraints on cropping are a) arable land endowments in total acreage and each cropping month;
                                       b) expansion margin;
                                       c) fertilizer supply and usage (constanat or variable) balance by element; and
      The contstraints on livestock production are total feed supply and TDN and CP balance.
      The common constraints on agricultural labor supply and usage balance.
      Variable cropping patterns (rice and wheat based; potato based)
      Differentiate land type and region for cropping.
      Baseline scenario (current food and feed import) and import decline scenarios.
      Post-hoc analysiy for no-pestiside area to deduct the yield.
      Ishikawa et al.(2025) Food Supply Simulation in Japan applying the SWISSfoodSys Model. 
  19   
  20  * set build version name:
  22  * select data year:
  24  * enable gdxxrw (0 only for developpers):
  26   
  27  * set variable weight for calorie deficit in objective fuction:
  29  * set variable upper limit for cropping area expansion:
  31  * set variable cropping pattern:
  33  * set variable first-year cropping scenario:
  35  * set grain stockpile release scenario:
  37   
  38  * set import decline scenario (0=baseline(0%), 1=20%, 2=40%, 3=60%, 4=100%):
  40  * set default weight for calorie deficit in objective fuction (any value in [0,100]):
  42  * set default upper limit for cropping area expansion:
  44  * set solve statement without cropping area upper bound:
  46  * include deserted land into land endowment (sey 0 if no deserted land):
  48  * evaluate objective function by rate not by difference:
  50  * include constraints on fertilizer element balance (do not set 1 if liebig is 1):
  52  * include variable yield and fertilizer application (do not set 1 if fbal is 1):
  54  * set rate of chemical fertilizer import (any value):
  56  * set rate of no pestiside area (any value in [0,100]):
  58  * include young animals for reproduction:
  60  * include CP balance in feed nutrient:
  62   
  63  * generate land usage report:
  65  * generate fertilizer balance report:
  67  * generate labor balance report:
  69   
  71   
  72  * set suffix for file name
BATINCLUDE C:\Users\ikiyo\OneDrive\MAFF_2025\workspace simul\appendTagVal.inc
  74  * appendTagVal.inc
  75  * args: %1 = tag string, %2 = value
  76   
BATINCLUDE C:\Users\ikiyo\OneDrive\MAFF_2025\workspace simul\appendTag.inc
  79  * appendTag.inc
  80  * args: %1 = tag string, %2 = flag (0/1)
  81   
BATINCLUDE C:\Users\ikiyo\OneDrive\MAFF_2025\workspace simul\appendTag.inc
  89  * appendTag.inc
  90  * args: %1 = tag string, %2 = flag (0/1)
  91   
BATINCLUDE C:\Users\ikiyo\OneDrive\MAFF_2025\workspace simul\appendTag.inc
  94  * appendTag.inc
  95  * args: %1 = tag string, %2 = flag (0/1)
  96   
BATINCLUDE C:\Users\ikiyo\OneDrive\MAFF_2025\workspace simul\appendTagVal.inc
  99  * appendTagVal.inc
 100  * args: %1 = tag string, %2 = value
 101   
BATINCLUDE C:\Users\ikiyo\OneDrive\MAFF_2025\workspace simul\appendTagVal.inc
 104  * appendTagVal.inc
 105  * args: %1 = tag string, %2 = value
 106   
BATINCLUDE C:\Users\ikiyo\OneDrive\MAFF_2025\workspace simul\appendTag.inc
 109  * appendTag.inc
 110  * args: %1 = tag string, %2 = flag (0/1)
 111   
BATINCLUDE C:\Users\ikiyo\OneDrive\MAFF_2025\workspace simul\appendTag.inc
 114  * appendTag.inc
 115  * args: %1 = tag string, %2 = flag (0/1)
 116   
 118   
 119  * name output files
 122   
 123   
 124   
GAMS 32.2.0  rc62c018 Released Aug 26, 2020 WEX-WEI x86 64bit/MS Windows - 02/18/26 01:42:35 Page 2
Food Supply Simulation in Japan applying the SWISSfoodSys Model
Sets


 126  Set
 127  * item
 128      c            crops
 129      ap           animal products
 130      fe           feeds
 131      ls           livestocks
 132  * food groups
 133      cg           crops and processed foods
 134      ag           animal products
 135  * model arguments
 136      t            cropping month
 137      r            region
 138      l            land type
 139      p            production
 140      e            fertilizer elemtnts
 141      q            feed quantity
 142      nf           feed nutrients
 143      n            nutrient values
 144      nn           nutrition
 145      a            age
 146      s            sex
 147      v            value
 148      sname        scalar value name (for data import)
 149  * scenario
 150      scn          import scenario
 151      w            weight on calorie balance
 152      u            upper limit for cropping area
 153      z            animal production scenario
 154      pattern      cropping pattern
 155  * mapping
 156      mmap         crops to month
 157      mmap_hok
 158      rmap         crops to regions
 159      lmap         crops to land type
 160      CRL          crops to region land type pair
 161      ;
 162   
GDXIN   C:\Users\ikiyo\OneDrive\MAFF_2025\workspace simul\sets.gdx
--- LOAD  c = 1:c
--- LOAD  ap = 2:ap
--- LOAD  fe = 3:fe
--- LOAD  ls = 4:ls
--- LOAD  cg = 5:cg
--- LOAD  ag = 6:ag
--- LOAD  t = 7:t
--- LOAD  r = 8:r
--- LOAD  l = 9:l
--- LOAD  p = 10:p
--- LOAD  e = 11:e
--- LOAD  q = 12:q
--- LOAD  nf = 13:nf
--- LOAD  n = 14:n
--- LOAD  nn = 15:nn
--- LOAD  a = 16:a
--- LOAD  s = 17:s
--- LOAD  v = 18:v
--- LOAD  sname = 19:sname
--- LOAD  scn = 24:scn
--- LOAD  w = 20:w
--- LOAD  u = 21:u
--- LOAD  z = 22:z
--- LOAD  pattern = 23:pattern
--- LOAD  rmap = 25:rmap
--- LOAD  lmap = 26:lmap
--- LOAD  mmap = 27:mmap
--- LOAD  mmap_hok = 28:mmap_hok
 166   
 167  * i for ingredient for processed food
 168  alias (c,i);
 169   
 170  Set
 171  * union
 172      g            /set.c, set.ap/
 173      x            /set.g, set.ls/
 174  * mapping to land type
 175      paddy(c)     /rice,pwheat,pbarley,psweetp,ppotato,psoy/
 176      field(c)     /wheat,barley,naked,mis_grains,sweetp,potato,soy,mis_beans,veges,scane,sbeat,rapeseed/
 177      orchard(c)   /mandarin,apple,mis_fruits/
 178      pasture(c)   /corn,sorghum/
 179      local(c)     /scane,sbeat/
 180      winter(c)    /wheat,pwheat,barley,pbarley,naked,potato,ppotato,veges,scane,rapeseed/
 181  * aggregator for double cropping item
 182      total_wheat(c)  /wheat,pwheat/
 183      total_barley(c) /barley,pbarley/
 184      total_sweetp(c) /sweetp,psweetp/
 185      total_potato(c) /potato,ppotato/
 186      total_soy(c)    /soy,psoy/
 187  * mapping to report layer group
 188      staple(c)    /rice,wheat,pwheat,sweetp,psweetp,potato,ppotato,soy,psoy/
 189      edible(c)    /rice,wheat,pwheat,barley,pbarley,naked,mis_grains,sweetp,psweetp,potato,ppotato,soy,psoy,mis_beans,veges,mandarin,apple,mis_fruits/
 190      marine(c)    /fish,seaweed/
 191      processed(c) /starch,sugar,oil,miso,soysource,mis_foods/
 192      import(g)    /rice,wheat,barley,naked,mis_grains,sweetp,potato,soy,mis_beans,veges,apple,mis_fruits,rapeseed,fish,seaweed,starch,sugar,oil,soysource,mis_foods,beef,pork,chicken,egg,milk/
 193  * mapping to food group
 194      cmap(cg,c)   Crop groups to crop mapping
 195                   /grain.(rice,wheat,pwheat,barley,pbarley,naked,mis_grains)
 196                    tuber.(sweetp,potato,psweetp,ppotato)
 197                    pulse.(soy,psoy,mis_beans)
 198                    veget.(veges)
 199                    fruit.(mandarin,apple,mis_fruits)
 200                    starch.(starch)
 201                    sugar.(sugar)
 202                    other.(oil,miso,soysource,mis_foods) /
 203      amap(ag,ap)  Animap product groups to animal products mapping
 204                   /meat.(beef,pork,chicken)
 205                    egg_dairy.(egg,milk) /
 206      ;
 207   
 208  * crops to region land type pair
 209      CRL(c,r,l) = yes$(rmap(c,r) and lmap(c,l));
 210   
 211  Display CRL;
 212   
 213   
 214   
GAMS 32.2.0  rc62c018 Released Aug 26, 2020 WEX-WEI x86 64bit/MS Windows - 02/18/26 01:42:35 Page 3
Food Supply Simulation in Japan applying the SWISSfoodSys Model
Parameters


 216  Scalar
 217      dummy      'Dummy value to linear term of zyield and fert'       / 1e-5   /
 218      rate_cfim   'rate % of chemical fertilizer import'               / 0 /
 219      rate_npe   'rate % of no pestiside area'                         / 0  /
 220      weight     'Weight on calorie balance in the objective function' / 0 /
 221      limit      'Upper bound for area expansion and feed production'  / 3 /
 222      ;
 223   
 224  parameter
 225  * data
 226      data(*,p)         'Production data'
 227      land_endw(r,l)    'Land endowment (1000ha)'
 228      land_dsrt(r,*)    'Deserted land (1000ha)'
 229      edemand(c,e)      'Fertilizer element demand (each element: kg/ha)'
 230      esupply(*,e)      'Fertilizer element supply (each element: t)'
 231      fertcoef(c,e,*)   'Fertilizer input coefficients'
 232      head(ls)          'Number of animals      (head)'
 233      fdemand(ls,nf)    'Feed nutrient demand   (TDN:kilograms per head, CP:%)'
 234      fsupply(ls,nf,fe) 'Feed nutrient supply   (%)'
 235      fconst(fe,q)      'Feed constraints       (t)'
 236      ldemand_c(*)      'Labor dmenad (hour/10a -> hour/1000ha)'
 237      ldemand_l(*)      'Labor dmenad (hour/head)'
 238      intake(a,s,n)     'Required daily intake of nutrients'
 239      nvalue(*,v,n)     'Nutritive supply and value of foods'
 240      sval(sname)       'Scalar values (for data import)'
 241  * constant
 242      CRT(c,r,t)        'Crops to region month pair (0/1)'
 243      n_group(*)        'Number of item in food group'
 244      stockpile(c)      'Government grain stockpile (1000t) '
 245      wapply(w)         'Set weight for loop operation'
 246      uapply(u)         'Set upper limit for loop operation'
 247      lsu(ls)           'Livestock unit coefficient'
 248      dmcoef(fe)        'Feed DM coefficient'
 249      pcoef(c,i)        'Output of processed food by 1 unit crop'
 250      acoef(ap,ls)      'Output of animal product (kg) by 1 unit livestock'
 251      fcoef(fe,c)       'Forage and Feed yield (MT/ha)'
 252      ycoef(c,l)        'Yield increase coefficient for "paddy_dry" and "field_irr"'
 253  * scenario
 254      cfcoef           'Chemical fertilizer import decline coefficient'
 255      npecoef(c)        'No pestiside area yield decrease coefficent'
 256      yrrate(*)         'Yield reduction rate'
 257      irrate(*,*)       'Import reduation rate'
 258      frrate(*,*)       'Feed import reduction rate'
 259      im(*)             'Imported food (net food)     (grams)'
 260      impc(*)           '              (daily intake) (grams/capita)'
 261      imnn(nn)          '              (nutrients)    (kcal grams/capita)'
 262  * converters
 263      tpop              'National population       (million)'
 264      pintake(a,s,nn)   'Daily intake requirement  (kcal grams/million)'
 265      nreq(nn)          'Daily intake requirement  (kcal grams/capita)'
 266      nnvalue(*,nn)     'Nutritive value of foods  (kcal grams/netfood gram)'
 267      nnpcvalue(*,nn)   'Nutritive value of foods  (kcal grams/capita)'
 268      nnpc(*)           'Current daily intake      (grams/capita)'
 269      t2g(*)            'Total food to gross food'
 270      t2p(*)            'Total food to processing use'
 271      t2f(*)            'Total food to feed use'
 272      g2n(*)            'Gross food to net food '
 273      x2n(c)            'Cropping area(1000ha) to net food (grams)'
 274      x2nn(c,nn)        'Cropping area(1000ha) to nutritive value (kcal grams)'
 275      x2f(c,i)          'Cropping area(1000ha) of i to processed food (grams) of c '
 276      x2fn(c,i,nn)      'Cropping area(1000ha) of i to nutritive value (kcal grams) of c'
 277      x2a(ap,ls)        'Livestock head to net food (grams)'
 278      x2an(ap,ls,nn)    'Livestock head to nutritional value (kcal grams)'
 279      x2fe(fe,c)        'Cropping area(1000ha) to DM base feed (MT)'
 280      ;
 281   
GDXIN   C:\Users\ikiyo\OneDrive\MAFF_2025\workspace simul\data_2022.gdx
--- LOAD  data = 1:data
--- LOAD  land_endw = 2:land_endw
--- LOAD  land_dsrt = 3:land_dsrt
--- LOAD  head = 4:head
--- LOAD  fdemand = 5:fdemand
--- LOAD  fsupply = 6:fsupply
--- LOAD  fconst = 7:fconst
--- LOAD  edemand = 8:edemand
--- LOAD  esupply = 9:esupply
--- LOAD  fertcoef = 10:fertcoef
--- LOAD  ldemand_c = 11:ldemand_c
--- LOAD  ldemand_l = 12:ldemand_l
--- LOAD  intake = 13:intake
--- LOAD  nvalue = 14:nvalue
--- LOAD  sval = 15:sval
 285   
GDXIN   C:\Users\ikiyo\OneDrive\MAFF_2025\workspace simul\parameters.gdx
--- LOAD  n_group = 1:n_group
--- LOAD  stockpile = 2:stockpile
--- LOAD  wapply = 3:wapply
--- LOAD  uapply = 4:uapply
--- LOAD  lsu = 5:lsu
--- LOAD  dmcoef = 6:dmcoef
--- LOAD  pcoef = 7:pcoef
--- LOAD  acoef = 8:acoef
--- LOAD  fcoef = 9:fcoef
--- LOAD  ycoef = 10:ycoef
--- LOAD  yrrate = 11:yrrate
--- LOAD  irrate = 12:irrate
--- LOAD  frrate = 13:frrate
 289   
 290  * Organic fertilizer supply as residual of chemical fertilizer supply and total demand
 291      esupply("organic",e) = max(0, sum(c,data(c,"area")*edemand(c,e))-esupply("prod",e)-esupply("import",e) );
 292  * Convert hour/10a -> hour/1000ha
 293      ldemand_c(c) = ldemand_c(c)*(10**4);
 294  * Include deserted land into land endowment
 296      land_endw(r,"paddy_wet")  = land_endw(r,"paddy_wet")  + land_dsrt(r,"paddy_dsrt");
 297      land_endw(r,"field_rain") = land_endw(r,"field_rain") + land_dsrt(r,"field_dsrt");
 299  * dairycow half of newborn calves spent to produce beef
 300      acoef("beef","dairycow")      = acoef("beef","dairycow")*(0.5*head("calves")/head("dairycow"));
 301  * dairycow of lactating to produce milk
 302      acoef("milk","dairycow")      = acoef("milk","dairycow")*(sval("lactating")/head("dairycow"));
 303  * layinghens culled to produce chicken
 304      acoef("chicken","layinghens") = acoef("chicken","layinghens")*(sval("culled")/head("layinghens"));
 305   
 306      CRT(c,r,t)$(not sameas(r,'Hokkaido')) = yes$mmap(c,t);
 307      CRT(c,"Hokkaido",t)                   = yes$mmap_hok(c,t);
 308   
 309      tpop = sum((a,s), intake(a,s,"pop"));
 310   
 311      pintake(a,s,"calorie")       = intake(a,s,"pop") * intake(a,s,"calorie");
 312      pintake(a,s,"protein")       = intake(a,s,"pop") * intake(a,s,"protein");
 313      pintake(a,s,"fat")           = intake(a,s,"pop") * intake(a,s,"fat");
 314      pintake(a,s,"carbonhydrate") = intake(a,s,"pop") * intake(a,s,"carbonhydrate");
 315   
 316      nreq(nn) = sum((a,s),pintake(a,s,nn))/tpop;
 317   
 318      nnvalue(g,"calorie")         = nvalue(g,"value","calorie")/100;
 319      nnvalue(g,"protein")         = nvalue(g,"value","protein")/100;
 320      nnvalue(g,"fat")             = nvalue(g,"value","fat")/100;
 321      nnvalue(g,"carbonhydrate")   = nvalue(g,"value","carbonhydrate")/100;
 322      nnpcvalue(g,"calorie")       = nvalue(g,"pc","calorie");
 323      nnpcvalue(g,"protein")       = nvalue(g,"pc","protein");
 324      nnpcvalue(g,"fat")           = nvalue(g,"pc","fat");
 325      nnpcvalue(g,"carbonhydrate") = nvalue(g,"pc","carbonhydrate");
 326      nnpc(g)                      = nvalue(g,"pc","supplypd");
 327   
 328      t2g(g)       = data(g,"gross")/data(g,"total");
 329      t2p(g)       = data(g,"processing")/data(g,"total");
 330  * adjust processing rate (oil) of domestically produced soybeans
 331      t2p("soy")   = 18/data("soy","prod");
 332      t2p("psoy")  = 18/data("psoy","prod");
 333      t2f(g)       = data(g,"feed")/data(g,"total");
 334      g2n(g)       = data(g,"g2n")/100;
 335   
 336      x2n(c)         = data(c,"yield")*t2g(c)*g2n(c)*(10**9);
 337      x2nn(c,nn)     = x2n(c)*nnvalue(c,nn);
 338      x2f(c,i)       = data(i,"yield")*t2p(i)*pcoef(c,i)*(10**9);
 339      x2f("oil","rice") = data("rice","yield")*pcoef("oil","rice")*(10**9);
 340      x2fn(c,i,nn)   = x2f(c,i)*nnvalue(c,nn);
 341      x2a(ap,ls)     = acoef(ap,ls)*g2n(ap)*1000;
 342      x2an(ap,ls,nn) = x2a(ap,ls)*nnvalue(ap,nn)*0.8;
 343      x2fe(fe,c)     = fcoef(fe,c)*dmcoef(fe)*(10**3);
 344   
 345      cfcoef    = 1+rate_cfim/100;
 346      npecoef(c) = 1-yrrate(c)*rate_npe/100;
 347   
 348      im(g) $import(g)   = (1-irrate(g,'scn4'))*data(g,"import")*t2g(g)*g2n(g)*(10**9) $import(g);
 349      impc(g) $import(g) = im(g)/(tpop*(10**6)*365) $import(g);
 350      imnn(nn)           = sum(g, impc(g)*nnvalue(g,nn) $import(g));
 351   
 352  Display CRT, esupply, ldemand_c, land_endw, acoef , tpop;
 353   
 354   
 355   
GAMS 32.2.0  rc62c018 Released Aug 26, 2020 WEX-WEI x86 64bit/MS Windows - 02/18/26 01:42:35 Page 4
Food Supply Simulation in Japan applying the SWISSfoodSys Model
Variables


 357  Variable
 358      xrlcrop(c,r,l)       'Cropping area (1000ha)'
 359      xcrop(c)             'Cropping area (1000ha)'
 360      xlive(ls)            'Head of animal ls'
 361      yfeed(ls,fe)         'Distribution of feed j to animal ls (MT)'
 362      zyield(*)            'Effective yield by Liebigs law (MT/ha)'
 363      fert(c,e)            'Fertilizer application per area (kg/ha)'
 364   
 365      eled(e)              'Fertilizer element demand (MT)'
 366      eles(e)              'Fertilizer element supply (MT)'
 367   
 368      labd_c               'Labor demand by crop      (bil. h)'
 369      labd_ls              'Labor demand by livestock (bil. h)'
 370   
 371      tdnd(ls)             'TDN demand by livestock (MT)'
 372      tdns(ls)             'TDN supply to livestock (MT)'
 373      cpd(ls)              'CP demand by livestock  (MT)'
 374      cps(ls)              'CP supply to livestock  (MT)'
 375      dms(fe)              'DM supply               (MT)'
 376   
 377      nnpotential_c(c,nn)  'Potential nutrition intake from crops (kcal or grams/capita)'
 378      nnpotential_f(c,nn)  'Potential nutrition intake from processed foods (kcal or grams/capita)'
 379      nnpotential_l(ap,nn) 'Potential nutrition intake from animal products (kcal or grams/capita)'
 380   
 381      cdeficit             'Calorie deficit (kcal/capita)'
 382      cshortrate           'Calorie shortage rate'
 383   
 384      dpotential_c(c)      'Potential netfood intake from crops (grams/capita)'
 385      dpotential_f(c)      'Potential netfood intake from processed foods (grams/capita)'
 386      dpotential_l(ap)     'Potential netfood intake from animal products (grams/capita)'
 387   
 388      delta(cg)            'Net food intake change (grams/capita)'
 389      deltasumsq           'Sum of squared net food intake change rate (crop group)'
 390   
 391      adelta(ag)           'Net food intake change (grams/capita)'
 392      adeltasumsq          'Sum of squared net food intake change rate (animal product group)'
 393   
 394      target               'Weighted average of calorie deficit and net food balance';
 395   
 396  Positive Variable xrlcrop, xcrop, xlive, yfeed, zyield, fert;
 397   
 398  * set upper limit of fertilizer application adjusted equivalent to data(c,"yield")
 399      fert.up(c,e) = fertcoef(c,e,"max");
 400   
 401   
 402   
GAMS 32.2.0  rc62c018 Released Aug 26, 2020 WEX-WEI x86 64bit/MS Windows - 02/18/26 01:42:35 Page 5
Food Supply Simulation in Japan applying the SWISSfoodSys Model
Equations


 404  Equation
 405      link                 'xrlcrop to xcrop link by summation'
 406      landbal              'Monthly land balance on each land type (1000ha)'
 407   
 408      areamax_y            'Area upper bound on paddy crops   (1000ha)'
 409      areamax_u            'Area upper bound on upland crops  (1000ha)'
 410      areamax_p            'Area upper bound on pasture crops (1000ha)'
 411      areamax_o            'Area upper bound on orchard       (1000ha)'
 412      areamax_l            'Area upper bound on local crops   (1000ha)'
 413      areamax_wheat        'Area upper bound on wheat and pwheat (1000ha)'
 414      areamax_barley       '                    barley and pbarley'
 415      areamax_sweetp       '                    sweetp and psweetp'
 416      areamax_potato       '                    potato and ppotato'
 417      areamax_soy          '                    soy and psoy'
 418   
 419      jan                  'Cropping area balance by month    (1000ha)'
 420      feb
 421      mar
 422      apr
 423      may
 424      jun
 425      jul
 426      aug
 427      sep
 428      oct
 429      nov
 430      dec
 431   
 432      Liebig               'Effective yield by Liebigs law of minimum (MT/ha)'
 433      Liebigbal            'Fertilizer element balance　(MT each element)'
 434      eledemand            'Fertilizer element demand  (MT each element)'
 435      elesupply            'Fertilizer element supply  (MT each element)'
 436      elebal               'Fertilizer element balance (MT each element)'
 437   
 438      labdemand_c          'Total labor demand by crop      (bil. hour)'
 439      labdemand_l          'Total labor demand by livestock (bil. hour)'
 440      labbal               'Total labor balance             (bil. hour)'
 441   
 442      tdndemand            'TDN demand by animal ls'
 443      tdnsupply            'TDN supply for animal ls by feed fe'
 444      tdnbal               'TDN balance'
 445      cpdemand             'CP demand by animal ls'
 446      cpdemand_low         'CP demand by animal ls (underestimate)'
 447      cpdemand_high        'CP demand by animal ls (overestimate)'
 448      cpsupply             'CP supply for animal ls'
 449      cpbal                'CP balance'
 450      dmsupply             'Feed supply (constant + import + crop byproducts) (dry matter MT)'
 451      distbal              'Feed distribution balance'
 452      distbal_stock        'Feed distribution balance with feed grain stockpile'
 453   
 454      bredbal              'Livestock breeding balance'
 455      dairyoxrep           'Reproduction rate of dairy ox per mother dairycow'
 456      heiferrep            'Reproduction rate of heifer per mother dairycow'
 457      calfrep              'Reproduction rate of calves per mother dairycow'
 458   
 459      nutpet_c             'Potential nutrition supply (grams or kcal/capita)'
 460      nutpet_f
 461      nutpet_l
 462   
 463      caloriebal           'Calorie deficit (kcal/capita)'
 464      caloriebal_r         'Calorie shortage rate'
 465   
 466      dietpet_c            'Potential netfood supply (kcal/capita)'
 467      dietpet_f
 468      dietpet_l
 469   
 470      dietbal              'Net food balance by fgroup (grams/capita)'
 471      dietbal_r            'Net food shortage rate by fgroup'
 472      adietbal
 473      adietbal_r
 474   
 475      dif                  'Objective function evaluated as difference value'
 476      rat                  'Objective function evaluated as rate of shortage';
 477   
 478      link(c)..             sum((r,l)$CRL(c,r,l), xrlcrop(c,r,l)) =e= xcrop(c);
 479      landbal(t,r,l)..      sum(c$CRL(c,r,l), xrlcrop(c,r,l) * CRT(c,r,t)) =l= land_endw(r,l);
 480   
 481      areamax_y(c)..        xcrop(c) $ paddy(c)   =l= limit*data(c,"area") $ paddy(c);
 482      areamax_u(c)..        xcrop(c) $ field(c)   =l= limit*data(c,"area") $ field(c);
 483      areamax_p(c)..        xcrop(c) $ pasture(c) =l= limit*data(c,"area") $ pasture(c);
 484      areamax_o(c)..        xcrop(c) $ orchard(c) =l=       data(c,"area") $ orchard(c);
 485      areamax_l(c)..        xcrop(c) $ local(c)   =l=       data(c,"area") $ local(c);
 486      areamax_wheat..       sum(c $total_wheat(c), xcrop(c)) =l= limit*data("wheat","area");
 487      areamax_barley..      sum(c $total_barley(c),xcrop(c)) =l= limit*data("barley","area");
 488      areamax_sweetp..      sum(c $total_sweetp(c),xcrop(c)) =l= limit*data("sweetp","area");
 489      areamax_potato..      sum(c $total_potato(c),xcrop(c)) =l= limit*data("potato","area");
 490      areamax_soy..         sum(c $total_soy(c),   xcrop(c)) =l= limit*data("soy","area");
 491   
 492      jan(c)..              xcrop(c) $ mmap(c,"jan") =l= data(c,"area") $ mmap(c,"jan");
 493      feb(c)..              xcrop(c) $ mmap(c,"feb") =l= data(c,"area") $ mmap(c,"feb");
 494      mar(c)..              xcrop(c) $ mmap(c,"mar") =l= data(c,"area") $ mmap(c,"mar");
 495      apr(c)..              xcrop(c) $ mmap(c,"apr") =l= data(c,"area") $ mmap(c,"apr");
 496      may(c)..              xcrop(c) $ mmap(c,"may") =l= data(c,"area") $ mmap(c,"may");
 497      jun(c)..              xcrop(c) $ mmap(c,"jun") =l= data(c,"area") $ mmap(c,"jun");
 498      jul(c)..              xcrop(c) $ mmap(c,"jul") =l= data(c,"area") $ mmap(c,"jul");
 499      aug(c)..              xcrop(c) $ mmap(c,"aug") =l= data(c,"area") $ mmap(c,"aug");
 500      sep(c)..              xcrop(c) $ mmap(c,"sep") =l= data(c,"area") $ mmap(c,"sep");
 501      oct(c)..              xcrop(c) $ mmap(c,"oct") =l= data(c,"area") $ mmap(c,"oct");
 502      nov(c)..              xcrop(c) $ mmap(c,"nov") =l= data(c,"area") $ mmap(c,"nov");
 503      dec(c)..              xcrop(c) $ mmap(c,"dec") =l= data(c,"area") $ mmap(c,"dec");
 504   
 505      eledemand(e)..        eled(e)  =e= sum(c, xcrop(c)*edemand(c,e));
 506      elesupply(e)..        eles(e)  =e= cfcoef*esupply("prod",e) + cfcoef*esupply("import",e) + esupply("organic",e);
 507  *   Chemical fertilizer coefficient (cfcoef) involves import and production except nitrogen
 508      elebal(e)..           eled(e)  =l= eles(e);
 509   
 510  *   Liebig's Law of the Minimum yield(c) = min_e [ a(c,e) + b(c,e)*fert(c,e) ] is executed as
 511  *                               yield(c) =l= a(c,e) + b(c,e)*fert(c,e)  (∀e)
 512  *   Maximize production in the objective function being executed also maximize yield(c) as much as possible.
 513  *   Since the above inequality must hold for all e, yield(c) corresponds to the “minimum value” of the potential yield for the scarsiest element.
 514      Liebig(c,e)..         zyield(c) =l= fertcoef(c,e,"intercept") + fertcoef(c,e,"slope")*fert(c,e);
 515      Liebigbal(e)..        sum(c, xcrop(c)*fert(c,e)) =l= eles(e);
 516   
 517      labdemand_c..         labd_c   =e= sum(c, xcrop(c)*ldemand_c(c)) /(10**9);
 518      labdemand_l..         labd_ls  =e= sum(ls,xlive(ls)*ldemand_l(ls))/(10**9);
 519      labbal..              labd_c + labd_ls  =l= sval("lsupply");
 520   
 521      tdndemand(ls)..       tdnd(ls) =e= xlive(ls)*fdemand(ls,"tdn")/1000;
 522      tdnsupply(ls)..       tdns(ls) =e= sum(fe, yfeed(ls,fe)*fsupply(ls,"tdn",fe)/100);
 523      tdnbal(ls)..          tdnd(ls) =l= tdns(ls);
 524   
 525      cpdemand(ls)..        cpd(ls)  =e= tdnd(ls)*fdemand(ls,"cp_mid")/100;
 526      cpdemand_low(ls)..    cpd(ls)  =e= tdnd(ls)*fdemand(ls,"cp_low")/100;
 527      cpdemand_high(ls)..   cpd(ls)  =e= tdnd(ls)*fdemand(ls,"cp_high")/100;
 528      cpsupply(ls)..        cps(ls)  =e= sum(fe, yfeed(ls,fe)*fsupply(ls,"cp",fe)/100);
 529      cpbal(ls)..           cpd(ls)  =l= cps(ls);
 530   
 531      dmsupply(fe)..        dms(fe)  =e= fconst(fe,"const")+(1-frrate(fe,'scn4'))*fconst(fe,"import")+sum(c, xcrop(c)*x2fe(fe,c));
 532      distbal(fe)..         dms(fe)  =g= sum(ls, yfeed(ls,fe));
 533      distbal_stock(fe)..   dms(fe)  =g= sum(ls, yfeed(ls,fe))-fconst(fe,"stock");
 534   
 535      bredbal(ls)..         xlive(ls) =l= limit*head(ls);
 536      dairyoxrep..          xlive("dairyox") =e= head("dairyox")*xlive("dairycow")/head("dairycow");
 537      heiferrep..           xlive("heifer")  =e= head("heifer") *xlive("dairycow")/head("dairycow");
 538      calfrep..             xlive("calves")  =e= head("calves") *xlive("dairycow")/head("dairycow");
 539   
 540   
 541      nutpet_c(c,nn)..      nnpotential_c(c,nn) =e= sum((r,l)$CRL(c,r,l), xrlcrop(c,r,l)*x2nn(c,nn)*ycoef(c,l)
 543                                                   )/(tpop*(10**6)*365);
 544   
 545      nutpet_f(c,nn)..      nnpotential_f(c,nn) =e= sum((i,r,l)$CRL(i,r,l), xrlcrop(i,r,l)*x2fn(c,i,nn)*ycoef(i,l)
 547                                                   )/(tpop*(10**6)*365);
 548   
 549      nutpet_l(ap,nn)..     nnpotential_l(ap,nn) =e= sum(ls, xlive(ls)*x2an(ap,ls,nn))/(tpop*(10**6)*365);
 550   
 551      caloriebal..          cdeficit =e= nreq("calorie")-imnn("calorie")
 552                                         -sum((c,ap), nnpotential_c(c,"calorie")+nnpotential_f(c,"calorie")+nnpotential_l(ap,"calorie"))
 554  *   Add a “very small linear term” to the objective function to avoid the saddle point solutions (all zero).
 555                            ;
 556   
 557      caloriebal_r..        cshortrate =e= cdeficit/nreq("calorie")
 559  *   Add a “very small linear term” to the objective function to avoid the saddle point solutions (all zero).
 560                            ;
 561   
 562   
 563      dietpet_c(c)..        dpotential_c(c) =e= sum((r,l)$CRL(c,r,l), xrlcrop(c,r,l)*x2n(c)*ycoef(c,l)
 565                                                    )/(tpop*(10**6)*365);
 566   
 567      dietpet_f(c)..        dpotential_f(c) =e= sum((i,r,l)$CRL(i,r,l), xrlcrop(i,r,l)*x2f(c,i)*ycoef(i,l)
 569                                                    )/(tpop*(10**6)*365);
 570   
 571      dietpet_l(ap)..       dpotential_l(ap) =e= sum(ls, xlive(ls)*x2a(ap,ls))/(tpop*(10**6)*365);
 572   
 573      dietbal(cg)..         delta(cg) =e= sum(c $cmap(cg,c), nnpc(c)-impc(c)-dpotential_c(c)-dpotential_f(c))
 575  *   Add a “very small linear term” to the objective function to avoid the saddle point solutions (all zero).
 576                            ;
 577   
 578      dietbal_r..           deltasumsq =e= sum(cg, sqr(
 579                                                       (delta(cg)/sum(c $cmap(cg,c), nnpc(c))) / n_group(cg)
 580                                                      )
 581                                              );
 582   
 583      adietbal(ag)..        adelta(ag) =e= sum(ap $amap(ag,ap), nnpc(ap)-impc(ap)-dpotential_l(ap)
 584                                              );
 585   
 586      adietbal_r..          adeltasumsq =e= sum(ag, sqr(
 587                                                       (adelta(ag)/sum(ap $amap(ag,ap), nnpc(ap))) / n_group(ag)
 588                                                       )
 589                                               );
 590   
 591      dif..                 target =e= weight*cdeficit + (1-weight)*(sum(cg,delta(cg))+sum(ag,adelta(ag)));
 592      rat..                 target =e= weight*cshortrate + (1-weight)*(deltasumsq +adeltasumsq);
 593   
 594   
 595   
GAMS 32.2.0  rc62c018 Released Aug 26, 2020 WEX-WEI x86 64bit/MS Windows - 02/18/26 01:42:35 Page 6
Food Supply Simulation in Japan applying the SWISSfoodSys Model
Model definition and solve


 597      Model crop_constraint   /
 598                                link,landbal,areamax_o,areamax_l
 599                                labdemand_c,labdemand_l,labbal
 602                              /;
 603      Model area_max          /
 604                                areamax_y,areamax_u,areamax_p
 605                                areamax_wheat,areamax_barley,areamax_sweetp,areamax_potato,areamax_soy
 606                              /;
 607      Model animal_constraint /
 608                                tdndemand,tdnsupply,tdnbal
 609                                dmsupply,distbal
 610                                bredbal
 613                              /;
 614      Model balance           /
 615                                nutpet_c, nutpet_f, nutpet_l,
 616                                caloriebal,caloriebal_r
 617                                dietpet_c,dietpet_f,dietpet_l
 618                                dietbal,dietbal_r,
 619                                adietbal,adietbal_r
 620                              /;
 621   
 622  * Standard solution
 623      Model sol_dif           / crop_constraint + area_max + animal_constraint + balance + dif /;
 624      Model sol_rat           / crop_constraint + area_max + animal_constraint + balance + rat /;
 625   
 626  * Solution without expansion upper bound
 627      Model sol_dif_unlimited / sol_dif - area_max /;
 628      Model sol_rat_unlimited / sol_rat - area_max /;
 629   
 630  * First-year scenario
 631      Model sol_dif_jan       / sol_dif+jan /;
 632      Model sol_dif_feb       / sol_dif+feb /;
 633      Model sol_dif_mar       / sol_dif+mar /;
 634      Model sol_dif_apr       / sol_dif+apr /;
 635      Model sol_dif_may       / sol_dif+may /;
 636      Model sol_dif_jun       / sol_dif+jun /;
 637      Model sol_dif_jul       / sol_dif+jul /;
 638      Model sol_dif_aug       / sol_dif+aug /;
 639      Model sol_dif_sep       / sol_dif+sep /;
 640      Model sol_dif_oct       / sol_dif+oct /;
 641      Model sol_dif_nov       / sol_dif+nov /;
 642      Model sol_dif_dec       / sol_dif+dec /;
 643   
 644      Model sol_rat_jan       / sol_rat+jan /;
 645      Model sol_rat_feb       / sol_rat+feb /;
 646      Model sol_rat_mar       / sol_rat+mar /;
 647      Model sol_rat_apr       / sol_rat+apr /;
 648      Model sol_rat_may       / sol_rat+may /;
 649      Model sol_rat_jun       / sol_rat+jun /;
 650      Model sol_rat_jul       / sol_rat+jul /;
 651      Model sol_rat_aug       / sol_rat+aug /;
 652      Model sol_rat_sep       / sol_rat+sep /;
 653      Model sol_rat_oct       / sol_rat+oct /;
 654      Model sol_rat_nov       / sol_rat+nov /;
 655      Model sol_rat_dec       / sol_rat+dec /;
 656   
 657   
 658   
GAMS 32.2.0  rc62c018 Released Aug 26, 2020 WEX-WEI x86 64bit/MS Windows - 02/18/26 01:42:35 Page 7
Food Supply Simulation in Japan applying the SWISSfoodSys Model
Display Solutions


 660  Set
 661      frep           Net food report /
 662      current_cal    'Current calorie intake      (kcal/day-capita)'
 663      potential_cal  'Potential calorie intake    (kcal/day-capita)'
 664      current_diet   'Current netfood intake      (grams/day-capita)'
 665      potential_diet 'Potential netfood intake    (grams/day-capita)'
 666      import_diet    'Import                      (grams/day-capita)'
 667      change_diet    'Change in diet              (grams/day-capita)'/
 668      nrep           Nutiritional report /
 669      required       'Required nutrients          (kcal grams/day-capita)'
 670      current        'Current intake              (kcal grams/day-capita)'
 671      potential      'Potential intake            (kcal grams/day-capita)'
 672      import         'Import                      (kcal grams/day-capita)'
 673      shortage       'Shortage                    (kcal grams/day-capita)'
 674      srate          'Sufficiency rate            (%)'/
 675      erep           Feed nutrition report /
 676      tdp_dist       'Potential TDP distribution  (kg/year-head)'
 677      cp_dist        'Potential CP distribution   (kg/year-head)'/
 678      prep           Animal population report /
 679      current        'Current population          (head)'
 680      potential      'Potential population        (head)'
 681      change         'Change in population        (head)'
 682      roc            'Rate of change              (%)'
 683      carcass        'Carcass by early slaughter'/
 684      rep            Calorie balance on First-year scenario
 685      /mean,max,min/
 686      nonzero(ls)    non-zero constraint on zfeedrep
 687      /dairycow,dairyox,heifer,calves,layinghens/;
 688   
 689  Parameter
 690  * Assign calculated values
 691      wxrlcrop(w,c,r,l)        'Cropping area by region and landtype(1000ha)'
 692      wxcrop(w,c)              'Cropping area (1000ha)'
 693      wxlive(w,ls)             'Livestock head (head)'
 694      wzyield(w,c)             'Effective yield by Liebigs law (MT/ha)'
 695      wfert(w,c,e)             'Fertilizer application per area (kg/ha)'
 696      wxnnpotential_c(w,c,nn)  'Potential nutrition intake from crops (kcal or grams/capita)'
 697      wxnnpotential_f(w,c,nn)  'Potential nutrition intake from processed foods (kcal or grams/capita)'
 698      wxnnpotential_l(w,ap,nn) 'Potential nutrition intake from animal products (kcal or grams/capita)'
 699      wxdpotential_c(w,c)      'Potential netfood intake from crops (grams/capita)'
 700      wxdpotential_f(w,c)      'Potential netfood intake from processed foods (grams/capita)'
 701      wxdpotential_l(w,ap)     'Potential netfood intake from animal products (grams/capita)'
 702      wcroprep                 'Crop report summary'
 703      wfoodrep                 'Processed food summary'
 704      wliverep                 'Animal product summary'
 705      wmarinerep               'Marine product summary'
 706      wdietrep                 'Nutrient summary'
 707      wradar                   'Radar chart summary for crop group'
 708      waradar                  'Radar chart summary for animal product group'
 709      wlandrep                 'Land allocation summary (1000ha)'
 710      wlandrep_month
 711      wlandrep_region
 712      wlaborrep                'Labor allocation summary (bil. hour)'
 713      wfertrep                 'Fertilizer usage report summary (each element MT)'
 714      wyieldrep                'Effective yield by Liebigs law summary (MT/ha)'
 715   
 716      lxrlcrop(u,c,r,l)
 717      lxcrop(u,c)
 718      lxlive(u,ls)
 719      lzyield(u,c)
 720      lfert(u,c,e)
 721      lxnnpotential_c(u,c,nn)
 722      lxnnpotential_f(u,c,nn)
 723      lxnnpotential_l(u,ap,nn)
 724      lxdpotential_c(u,c)
 725      lxdpotential_f(u,c)
 726      lxdpotential_l(u,ap)
 727      lcroprep
 728      lfoodrep
 729      lliverep
 730      lmarinerep
 731      ldietrep
 732      lradar
 733      laradar
 734      llandrep
 735      llandrep_month
 736      llandrep_region
 737      llaborrep
 738      lfertrep
 739      lyieldrep
 740   
 741      pxrlcrop(*,c,r,l)
 742      pxcrop(*,c)
 743      pxlive(*,ls)
 744      pzyield(*,c)
 745      pfert(*,c,e)
 746      pxnnpotential_c(*,c,nn)
 747      pxnnpotential_f(*,c,nn)
 748      pxnnpotential_l(*,ap,nn)
 749      pxdpotential_c(*,c)
 750      pxdpotential_f(*,c)
 751      pxdpotential_l(*,ap)
 752      pcroprep
 753      pfoodrep
 754      pliverep
 755      pmarinerep
 756      pdietrep
 757      pradar
 758      paradar
 759      plandrep
 760      plandrep_month
 761      plandrep_region
 762      plaborrep
 763      pfertrep
 764      pyieldrep
 765   
 766      mxcrop(t,*)
 767      mcroprep
 768      mfoodrep
 769      mdietrep
 770   
 771  *   Feed and livestock report
 772      zyfeed(z,*,*)            'Distribution of feed j to animal l'
 773      zfeedrep                 'Feed distribution report'
 774      zpoprep                  'Animal population report'
 775   
 776  *   Grain stockpile release scenario
 777      stock                    'Grain stockpile reserved'
 778      xcbal                    'Calorie balance on First-year scenario  (kcal/day-capita)'
 779      period                   'Estimated maximum duration of stockpile release (days)';
 780   
 781  * test run
 782  * do not change
 783      solve sol_dif minimizing target using nlp ;
 784   
 785  Display xrlcrop.l, xcrop.l, xlive.l, yfeed.l, dms.l
 788          cdeficit.l, cshortrate.l, deltasumsq.l, adeltasumsq.l ;
 789   
 790   
 791   
GAMS 32.2.0  rc62c018 Released Aug 26, 2020 WEX-WEI x86 64bit/MS Windows - 02/18/26 01:42:35 Page 8
Food Supply Simulation in Japan applying the SWISSfoodSys Model
Scenario by weight (weight = 100, 75, 50, 25)


 793  if(0,
 794  if(1,
 795   loop(w,
 796      weight = wapply(w);
 797    if(1,
 798      solve sol_rat_unlimited minimizing target using nlp ;
 799    else
 800      solve sol_rat minimizing target using nlp ;
 801    );
 802      display xrlcrop.l, xcrop.l, xlive.l, yfeed.l, dms.l ;
 803      wxrlcrop(w,c,r,l) = xrlcrop.l(c,r,l);
 804      wxcrop(w,c) = xcrop.l(c);
 805      wxlive(w,ls)= xlive.l(ls);
 807      wxnnpotential_c(w,c,nn) = nnpotential_c.l(c,nn);
 808      wxnnpotential_f(w,c,nn) = nnpotential_f.l(c,nn);
 809      wxnnpotential_l(w,ap,nn) = nnpotential_l.l(ap,nn);
 810      wxdpotential_c(w,c) = dpotential_c.l(c);
 811      wxdpotential_f(w,c) = dpotential_f.l(c);
 812      wxdpotential_l(w,ap) = dpotential_l.l(ap);
 813   );
 814  else
 815   loop(w,
 816      weight = wapply(w);
 817    if(1,
 818      solve sol_dif_unlimited minimizing target using nlp ;
 819    else
 820      solve sol_dif minimizing target using nlp ;
 821    );
 822      display xrlcrop.l, xcrop.l, xlive.l, yfeed.l, dms.l ;
 823      wxrlcrop(w,c,r,l) = xrlcrop.l(c,r,l);
 824      wxcrop(w,c) = xcrop.l(c);
 825      wxlive(w,ls)= xlive.l(ls);
 827      wxnnpotential_c(w,c,nn) = nnpotential_c.l(c,nn);
 828      wxnnpotential_f(w,c,nn) = nnpotential_f.l(c,nn);
 829      wxnnpotential_l(w,ap,nn) = nnpotential_l.l(ap,nn);
 830      wxdpotential_c(w,c) = dpotential_c.l(c);
 831      wxdpotential_f(w,c) = dpotential_f.l(c);
 832      wxdpotential_l(w,ap) = dpotential_l.l(ap);
 833   );
 834  );
 835  );
 836   
 837      wcroprep(w,c,"current_cal")    = nnpcvalue(c,"calorie")$edible(c);
 838      wcroprep(w,c,"potential_cal")  = wxnnpotential_c(w,c,"calorie")*npecoef(c) $edible(c);
 839      wcroprep(w,c,"current_diet")   = nnpc(c)$edible(c);
 840      wcroprep(w,c,"potential_diet") = wxdpotential_c(w,c)*npecoef(c) $edible(c);
 841      wcroprep(w,c,"import_diet")    = impc(c)$edible(c);
 842      wcroprep(w,c,"change_diet")    = wcroprep(w,c,"potential_diet")+wcroprep(w,c,"import_diet")-wcroprep(w,c,"current_diet");
 843      wcroprep(w,"total",frep)       = sum(c, wcroprep(w,c,frep));
 844   
 845      wfoodrep(w,c,"current_cal")    = nnpcvalue(c,"calorie") $processed(c);
 846      wfoodrep(w,c,"potential_cal")  = wxnnpotential_f(w,c,"calorie")*npecoef(c) $processed(c);
 847      wfoodrep(w,c,"current_diet")   = nnpc(c) $processed(c);
 848      wfoodrep(w,c,"potential_diet") = wxdpotential_f(w,c)*npecoef(c) $processed(c);
 849      wfoodrep(w,c,"import_diet")    = impc(c)$processed(c);
 850      wfoodrep(w,c,"change_diet")    = wfoodrep(w,c,"potential_diet")+wfoodrep(w,c,"import_diet")-wfoodrep(w,c,"current_diet");
 851      wfoodrep(w,"total",frep)       = sum(c, wfoodrep(w,c,frep));
 852   
 853      wliverep(w,ap,"current_cal")   = nnpcvalue(ap,"calorie");
 854      wliverep(w,ap,"potential_cal" )= wxnnpotential_l(w,ap,"calorie");
 855      wliverep(w,ap,"current_diet")  = nnpc(ap);
 856      wliverep(w,ap,"potential_diet")= wxdpotential_l(w,ap);
 857      wliverep(w,ap,"import_diet")   = impc(ap);
 858      wliverep(w,ap,"change_diet")   = wliverep(w,ap,"potential_diet")+wliverep(w,ap,"import_diet")-wliverep(w,ap,"current_diet");
 859      wliverep(w,"total",frep)       = sum(ap, wliverep(w,ap,frep));
 860   
 861      wdietrep(w,nn,"required")      = nreq(nn);
 862      wdietrep(w,nn,"current")       = sum(g, nnpcvalue(g,nn));
 863      wdietrep(w,nn,"potential")     = sum(c, wxnnpotential_c(w,c,nn)+wxnnpotential_f(w,c,nn))
 864                                             + sum(ap, wxnnpotential_l(w,ap,nn))
 865                                             + sum(c,  data(c,"net")*nnvalue(c,nn)*(10**9) $marine(c))/(tpop*(10**6)*365)
 866                                             - sum(c,  wxnnpotential_c(w,c,nn)*(1-npecoef(c)) $edible(c))
 867                                             - sum(c,  wxnnpotential_f(w,c,nn)*(1-npecoef(c)) $processed(c));
 868      wdietrep(w,nn,"import")        = imnn(nn);
 869      wdietrep(w,nn,"shortage")      = wdietrep(w,nn,"potential")+wdietrep(w,nn,"import")-wdietrep(w,nn,"required");
 870      wdietrep(w,nn,"srate")         = 100*(wdietrep(w,nn,"potential")+wdietrep(w,nn,"import"))/wdietrep(w,nn,"required");
 871   
 872      wradar(w,cg,"current")         = sum(c $cmap(cg,c), nnpc(c));
 873      wradar(w,cg,"potential")       = sum(c $cmap(cg,c), wcroprep(w,c,"potential_diet")+wfoodrep(w,c,"potential_diet"));
 874      wradar(w,cg,"import")          = sum(c $cmap(cg,c), impc(c));
 875      wradar(w,cg,"change")          = wradar(w,cg,"potential") + wradar(w,cg,"import") - wradar(w,cg,"current");
 876      wradar(w,cg,"srate")           = 100*(wradar(w,cg,"potential")+wradar(w,cg,"import"))/wradar(w,cg,"current");
 877      waradar(w,ag,"current")        = sum(ap $amap(ag,ap), nnpc(ap));
 878      waradar(w,ag,"potential")      = sum(ap $amap(ag,ap), wliverep(w,ap,"potential_diet"));
 879      waradar(w,ag,"import")         = sum(ap $amap(ag,ap), impc(ap));
 880      waradar(w,ag,"change")         = waradar(w,ag,"potential") + waradar(w,ag,"import") - waradar(w,ag,"current");
 881      waradar(w,ag,"srate")          = 100*(waradar(w,ag,"potential")+waradar(w,ag,"import")) / waradar(w,ag,"current");
 882   
 883      wlandrep_region("current","total",c) = data(c,"area");
 884      wlandrep_region(w,r,c)         = sum(l, wxrlcrop(w,c,r,l));
 885      wlandrep_region(w,"total",c)   = sum(r, wlandrep_region(w,r,c));
 886      wlandrep_region(w,r,"total")   = sum(c, wlandrep_region(w,r,c));
 887      wlandrep_month(w,t,l,c)        = sum(r, wxrlcrop(w,c,r,l)*CRT(c,r,t));
 888      wlandrep_month(w,t,l,"total")  = sum(c, wlandrep_month(w,t,l,c));
 889   
 890      wlaborrep(w,c)                 = wxcrop(w,c)   *ldemand_c(c) /(10**9);
 891      wlaborrep("current",c)         = data(c,"area")*ldemand_c(c) /(10**9);
 892      wlaborrep(w,ls)                = wxlive(w,ls)  *ldemand_l(ls)/(10**9);
 893      wlaborrep("current",ls)        = head(ls)      *ldemand_l(ls)/(10**9);
 894      wlaborrep(w,"total")           = sum(c,wlaborrep(w,c)) + sum(ls,wlaborrep(w,ls));
 895      wlaborrep("current","total")   = sum(c,wlaborrep("current",c)) + sum(ls,wlaborrep("current",ls));
 896   
 897      wfertrep("current",e,c)        = data(c,"area")*edemand(c,e);
 898      wfertrep("current",e,"total")  = sum(c,wfertrep("current",e,c));
 899      wfertrep(w,e,c)                = wxcrop(w,c)*edemand(c,e)
 901      ;
 902      wfertrep(w,e,"total")          = sum(c,wfertrep(w,e,c));
 903   
 905   
 906   
 907   
GAMS 32.2.0  rc62c018 Released Aug 26, 2020 WEX-WEI x86 64bit/MS Windows - 02/18/26 01:42:35 Page 9
Food Supply Simulation in Japan applying the SWISSfoodSys Model
Scenario by expansion margin (limit = 2, 3, 4, 5)


 909      weight = 0/100;
 910   
 911  if(0,
 912  if(1,
 913   loop(u,
 914      limit = uapply(u);
 915      solve sol_rat minimizing target using nlp ;
 916      display xrlcrop.l, xcrop.l, xlive.l, yfeed.l, dms.l ;
 917      lxrlcrop(u,c,r,l) = xrlcrop.l(c,r,l);
 918      lxcrop(u,c) = xcrop.l(c);
 919      lxlive(u,ls)= xlive.l(ls);
 921      lxnnpotential_c(u,c,nn) = nnpotential_c.l(c,nn);
 922      lxnnpotential_f(u,c,nn) = nnpotential_f.l(c,nn);
 923      lxnnpotential_l(u,ap,nn) = nnpotential_l.l(ap,nn);
 924      lxdpotential_c(u,c) = dpotential_c.l(c);
 925      lxdpotential_f(u,c) = dpotential_f.l(c);
 926      lxdpotential_l(u,ap) = dpotential_l.l(ap);
 927    );
 928  else
 929   loop(u,
 930      limit = uapply(u);
 931      solve sol_dif minimizing target using nlp ;
 932      display xrlcrop.l, xcrop.l, xlive.l, yfeed.l, dms.l ;
 933      lxrlcrop(u,c,r,l) = xrlcrop.l(c,r,l);
 934      lxcrop(u,c) = xcrop.l(c);
 935      lxlive(u,ls)= xlive.l(ls);
 937      lxnnpotential_c(u,c,nn) = nnpotential_c.l(c,nn);
 938      lxnnpotential_f(u,c,nn) = nnpotential_f.l(c,nn);
 939      lxnnpotential_l(u,ap,nn) = nnpotential_l.l(ap,nn);
 940      lxdpotential_c(u,c) = dpotential_c.l(c);
 941      lxdpotential_f(u,c) = dpotential_f.l(c);
 942      lxdpotential_l(u,ap) = dpotential_l.l(ap);
 943    );
 944  );
 945  );
 946   
 947      lcroprep(u,c,"current_cal")    = nnpcvalue(c,"calorie")$edible(c);
 948      lcroprep(u,c,"potential_cal")  = lxnnpotential_c(u,c,"calorie")*npecoef(c) $edible(c);
 949      lcroprep(u,c,"current_diet")   = nnpc(c)$edible(c);
 950      lcroprep(u,c,"potential_diet") = lxdpotential_c(u,c)*npecoef(c) $edible(c);
 951      lcroprep(u,c,"import_diet")    = impc(c)$edible(c);
 952      lcroprep(u,c,"change_diet")    = lcroprep(u,c,"potential_diet")+lcroprep(u,c,"import_diet")-lcroprep(u,c,"current_diet");
 953      lcroprep(u,"total",frep)       = sum(c, lcroprep(u,c,frep));
 954   
 955      lfoodrep(u,c,"current_cal")    = nnpcvalue(c,"calorie") $processed(c);
 956      lfoodrep(u,c,"potential_cal")  = lxnnpotential_f(u,c,"calorie")*npecoef(c) $processed(c);
 957      lfoodrep(u,c,"current_diet")   = nnpc(c) $processed(c);
 958      lfoodrep(u,c,"potential_diet") = lxdpotential_f(u,c)*npecoef(c) $processed(c);
 959      lfoodrep(u,c,"import_diet")    = impc(c)$processed(c);
 960      lfoodrep(u,c,"change_diet")    = lfoodrep(u,c,"potential_diet")+lfoodrep(u,c,"import_diet")-lfoodrep(u,c,"current_diet");
 961      lfoodrep(u,"total",frep)       = sum(c, lfoodrep(u,c,frep));
 962   
 963      lliverep(u,ap,"current_cal")   = nnpcvalue(ap,"calorie");
 964      lliverep(u,ap,"potential_cal") = lxnnpotential_l(u,ap,"calorie");
 965      lliverep(u,ap,"current_diet")  = nnpc(ap);
 966      lliverep(u,ap,"potential_diet")= lxdpotential_l(u,ap);
 967      lliverep(u,ap,"import")        = impc(ap);
 968      lliverep(u,ap,"change")        = lliverep(u,ap,"potential_diet")+lliverep(u,ap,"import_diet")-lliverep(u,ap,"current_diet");
 969      lliverep(u,"total",frep)       = sum(ap, lliverep(u,ap,frep));
 970   
 971      ldietrep(u,nn,"required")      = nreq(nn);
 972      ldietrep(u,nn,"current")       = sum(g, nnpcvalue(g,nn));
 973      ldietrep(u,nn,"potential")     = sum(c, lxnnpotential_c(u,c,nn)+lxnnpotential_f(u,c,nn))
 974                                             + sum(ap, lxnnpotential_l(u,ap,nn))
 975                                             + sum(c,  data(c,"net")*nnvalue(c,nn)*(10**9) $marine(c))/(tpop*(10**6)*365)
 976                                             - sum(c,  lxnnpotential_c(u,c,nn)*(1-npecoef(c)) $edible(c))
 977                                             - sum(c,  lxnnpotential_f(u,c,nn)*(1-npecoef(c)) $processed(c));
 978      ldietrep(u,nn,"import")        = imnn(nn);
 979      ldietrep(u,nn,"shortage")      = ldietrep(u,nn,"potential")+ldietrep(u,nn,"import")-ldietrep(u,nn,"required");
 980      ldietrep(u,nn,"srate")         = 100*(ldietrep(u,nn,"potential")+ldietrep(u,nn,"import"))/ldietrep(u,nn,"required");
 981   
 982      lradar(u,cg,"current")         = sum(c $cmap(cg,c), nnpc(c));
 983      lradar(u,cg,"potential")       = sum(c $cmap(cg,c), lcroprep(u,c,"potential_diet")+lfoodrep(u,c,"potential_diet"));
 984      lradar(u,cg,"import")          = sum(c $cmap(cg,c), impc(c));
 985      lradar(u,cg,"change")          = lradar(u,cg,"potential") + lradar(u,cg,"import") - lradar(u,cg,"current");
 986      lradar(u,cg,"srate")           = 100*(lradar(u,cg,"potential")+lradar(u,cg,"import"))/lradar(u,cg,"current");
 987      laradar(u,ag,"current")        = sum(ap $amap(ag,ap), nnpc(ap));
 988      laradar(u,ag,"potential")      = sum(ap $amap(ag,ap), lliverep(u,ap,"potential_diet"));
 989      laradar(u,ag,"import")         = sum(ap $amap(ag,ap), impc(ap));
 990      laradar(u,ag,"change")         = laradar(u,ag,"potential") + laradar(u,ag,"import") - laradar(u,ag,"current");
 991      laradar(u,ag,"srate")          = 100*(laradar(u,ag,"potential")+laradar(u,ag,"import")) / laradar(u,ag,"current");
 992   
 993      llandrep_region("current","total",c) = data(c,"area");
 994      llandrep_region(u,r,c)         = sum(l, lxrlcrop(u,c,r,l));
 995      llandrep_region(u,"total",c)   = sum(r, llandrep_region(u,r,c));
 996      llandrep_region(u,r,"total")   = sum(c, llandrep_region(u,r,c));
 997      llandrep_month(u,t,l,c)        = sum(r, lxrlcrop(u,c,r,l)*CRT(c,r,t));
 998      llandrep_month(u,t,l,"total")  = sum(c, llandrep_month(u,t,l,c));
 999   
1000      llaborrep(u,c)                 = lxcrop(u,c)   *ldemand_c(c) /(10**9);
1001      llaborrep("current",c)         = data(c,"area")*ldemand_c(c) /(10**9);
1002      llaborrep(u,ls)                = lxlive(u,ls)  *ldemand_l(ls)/(10**9);
1003      llaborrep("current",ls)        = head(ls)      *ldemand_l(ls)/(10**9);
1004      llaborrep(u,"total")           = sum(c,llaborrep(u,c)) + sum(ls,llaborrep(u,ls));
1005      llaborrep("current","total")   = sum(c,llaborrep("current",c)) + sum(ls,llaborrep("current",ls));
1006   
1007      lfertrep("current",e,c)        = data(c,"area")*edemand(c,e);
1008      lfertrep("current",e,"total")  = sum(c,lfertrep("current",e,c));
1009      lfertrep(u,e,c)                = lxcrop(u,c)*edemand(c,e)
1011      ;
1012      lfertrep(u,e,"total")          = sum(c,lfertrep(u,e,c));
1013   
1015   
1016   
1017   
GAMS 32.2.0  rc62c018 Released Aug 26, 2020 WEX-WEI x86 64bit/MS Windows - 02/18/26 01:42:35 Page 10
Food Supply Simulation in Japan applying the SWISSfoodSys Model
First-year scenario


1019      weight = 0;
1020      limit = 3;
1021   
1022  if(0,
1023  if(1,
1024     solve sol_rat_jan minimizing target using nlp ;
1025     mxcrop("jan",c) = xcrop.l(c);
1026     solve sol_rat_feb minimizing target using nlp ;
1027     mxcrop("feb",c) = xcrop.l(c);
1028     solve sol_rat_mar minimizing target using nlp ;
1029     mxcrop("mar",c) = xcrop.l(c);
1030     solve sol_rat_apr minimizing target using nlp ;
1031     mxcrop("apr",c) = xcrop.l(c);
1032     solve sol_rat_may minimizing target using nlp ;
1033     mxcrop("may",c) = xcrop.l(c);
1034     solve sol_rat_jun minimizing target using nlp ;
1035     mxcrop("jun",c) = xcrop.l(c);
1036     solve sol_rat_jul minimizing target using nlp ;
1037     mxcrop("jul",c) = xcrop.l(c);
1038     solve sol_rat_aug minimizing target using nlp ;
1039     mxcrop("aug",c) = xcrop.l(c);
1040     solve sol_rat_sep minimizing target using nlp ;
1041     mxcrop("sep",c) = xcrop.l(c);
1042     solve sol_rat_oct minimizing target using nlp ;
1043     mxcrop("oct",c) = xcrop.l(c);
1044     solve sol_rat_nov minimizing target using nlp ;
1045     mxcrop("nov",c) = xcrop.l(c);
1046     solve sol_rat_dec minimizing target using nlp ;
1047     mxcrop("dec",c) = xcrop.l(c);
1048  else
1049     solve sol_dif_jan minimizing target using nlp ;
1050     mxcrop("jan",c) = xcrop.l(c);
1051     solve sol_dif_feb minimizing target using nlp ;
1052     mxcrop("feb",c) = xcrop.l(c);
1053     solve sol_dif_mar minimizing target using nlp ;
1054     mxcrop("mar",c) = xcrop.l(c);
1055     solve sol_dif_apr minimizing target using nlp ;
1056     mxcrop("apr",c) = xcrop.l(c);
1057     solve sol_dif_may minimizing target using nlp ;
1058     mxcrop("may",c) = xcrop.l(c);
1059     solve sol_dif_jun minimizing target using nlp ;
1060     mxcrop("jun",c) = xcrop.l(c);
1061     solve sol_dif_jul minimizing target using nlp ;
1062     mxcrop("jul",c) = xcrop.l(c);
1063     solve sol_dif_aug minimizing target using nlp ;
1064     mxcrop("aug",c) = xcrop.l(c);
1065     solve sol_dif_sep minimizing target using nlp ;
1066     mxcrop("sep",c) = xcrop.l(c);
1067     solve sol_dif_oct minimizing target using nlp ;
1068     mxcrop("oct",c) = xcrop.l(c);
1069     solve sol_dif_nov minimizing target using nlp ;
1070     mxcrop("nov",c) = xcrop.l(c);
1071     solve sol_dif_dec minimizing target using nlp ;
1072     mxcrop("dec",c) = xcrop.l(c);
1073  );
1074  );
1075   
1076      mcroprep(t,c,"supply")    = mxcrop(t,c)*data(c,"yield") $edible(c);
1077      mcroprep(t,c,"grossfood") = mxcrop(t,c)*data(c,"yield")*t2g(c) $edible(c);
1078      mcroprep(t,c,"netfood")   = mxcrop(t,c)*data(c,"yield")*t2g(c)*g2n(c) $edible(c);
1079      mcroprep(t,c,"current")   = nnpc(c)$edible(c);
1080      mcroprep(t,c,"potential") = mcroprep(t,c,"netfood")*(10**9)/(tpop*(10**6)*365);
1081      mcroprep(t,c,"change")    = mcroprep(t,c,"potential")-mcroprep(t,c,"current");
1082      mcroprep(t,"total",frep)  = sum(c, mcroprep(t,c,frep));
1083   
1084      mfoodrep(t,c,"netfood")   = sum(i, mxcrop(t,i)*data(i,"yield")*t2p(i)*pcoef(c,i) $processed(c));
1085      mfoodrep(t,c,"current")   = nnpc(c)$processed(c);
1086      mfoodrep(t,c,"potential") = mfoodrep(t,c,"netfood")*(10**9)/(tpop*(10**6)*365);
1087      mfoodrep(t,c,"change")    = mfoodrep(t,c,"potential")-mfoodrep(t,c,"current");
1088      mfoodrep(t,"total",frep)  = sum(c, mfoodrep(t,c,frep));
1089   
1090      mdietrep(t,nn,"required") = nreq(nn);
1091      mdietrep(t,nn,"potential")= sum(c,mcroprep(t,c,"netfood")*nnvalue(c,nn)*(10**9)) /(tpop*(10**6)*365)
1092                                + sum(c,mfoodrep(t,c,"netfood")*nnvalue(c,nn)*(10**9)) /(tpop*(10**6)*365)
1093                                + sum(c,data(c,"net")*nnvalue(c,nn)*(10**9)$marine(c)) /(tpop*(10**6)*365);
1094      mdietrep(t,nn,"shortage") = mdietrep(t,nn,"potential") - mdietrep(t,nn,"required");
1095      mdietrep(t,nn,"ros")      = 100*mdietrep(t,nn,"potential") / mdietrep(t,nn,"required");
1096   
1097   
1098   
GAMS 32.2.0  rc62c018 Released Aug 26, 2020 WEX-WEI x86 64bit/MS Windows - 02/18/26 01:42:35 Page 11
Food Supply Simulation in Japan applying the SWISSfoodSys Model
Scenario by cropping pattern


1100      weight = 0/100;
1101      limit = 3;
1102   
      Changes in parameter landreq
      *Common
        1. Remove psoy from the planting schedule, only soy remains valid
        2. Remove rapeseed, barley, and naked from the planting schedule
        3. Modify the planting periods for potatoe to match sweet potatoe
        4. No cropping over Nov.-Feb. season in Tohoku_Hokuriku
      *Rice and wheat-centered cropping
        4. Remove potatoes and sweet potatoes from the cropping schedule
      *Potato-centered cropping
        5. Remove wheat from the cropping schedule, only pwheat remains valid
        6. Remove soy from the cropping schedule 
        7. Add potatoe and sweet potatoe to the list of crops for paddy field
      *Convert pasture to farmland (treat pasture the same as upland field)
      *Removed protein requirement variable (cpd(Is)) for livestock feed from the formula
      *Assumed rice bran production enables rice oil production from the feed degreasing process
      *Assumed fish is harvested up to the TAC limit: let data("fish","prod") = 4650 (1000MT)
      *Additional
        a. Alternative x2n and x2nn with converter that include "processing" into netfood
           for "rice","wheat","pwheat","sweetp","psweetp","potato","ppotato")
        b. Post-calculation: vegetable cropping area using residual land area and residual labor
           save labor demand for vegetables by 50% 
1126   
1127  *Convert pasture to field_rain except Hokkaido
1128      land_endw(r,"field_rain") $(not sameas(r,'Hokkaido')) = land_endw(r,"field_rain") + land_endw(r,"pasture");
1129      land_endw(r,"pasture") $(not sameas(r,'Hokkaido')) = 0;
1130  *Alternate x2n and x2nn to include "processing" into netfood for staple food group
1131      x2n(c) $staple(c) = data(c,"yield")*(data(c,"gross")+data(c,"processing"))/data(c,"total")*g2n(c)*(10**9);
1132      x2nn(c,nn) $staple(c) = x2n(c)*nnvalue(c,nn);
1133  *Save labor demand for vegetables by 50%
1134      ldemand_c("veges") = 0.5*ldemand_c("veges");
1135   
1136  parameter
1137      allow(pattern,c)   'Allowance of cropping in each pattern';
1138      allow(pattern,c) = 1;
1139  *Banned items for all pattern
1140      allow(pattern,"barley") = 0;
1141      allow(pattern,"pbarley") = 0;
1142      allow(pattern,"naked") = 0;
1143      allow(pattern,"corn") = 0;
1144      allow(pattern,"sorghum") = 0;
1145      allow(pattern,"mis_grains") = 0;
1146      allow(pattern,"mis_beans") = 0;
1147      allow(pattern,"rapeseed") = 0;
1148  *Rice and wheat-centered cropping
1149      allow("rice_wheat","sweetp") = 0;
1150      allow("rice_wheat","potato") = 0;
1151      allow("rice_wheat","psweetp") = 0;
1152      allow("rice_wheat","ppotato") = 0;
1153  *Potato-centered cropping
1154      allow("potato","wheat") = 0;
1155      allow("potato","soy") = 0;
1156      allow("potato","psoy") = 0;
1157  *Combination of rice_wheat and potato
1158      allow("combination",c) = 1;
1159      allow("combination","naked") = 0;
1160      allow("combination","corn") = 0;
1161      allow("combination","sorghum") = 0;
1162      allow("combination","mis_grains") = 0;
1163      allow("combination","mis_beans") = 0;
1164      allow("combination","rapeseed") = 0;
1165   
1166  display CRT, land_endw, x2n, x2nn, allow;
1167   
1168  if(1,
1169   loop(pattern,
1170  * Clear variables
1171      xrlcrop.lo(c,r,l) = 0; xrlcrop.up(c,r,l) = +inf;
1172  * Control croppable plants
1173      xrlcrop.up(c,r,l)$(not allow(pattern,c)) = 0;
1174  * No cropping over winter season in Tohoku_Hokuriku
1175  *    xrlcrop.up(c,"Tohoku_Hokuriku",l)$winter(c) = 0;
1176    if(1,
1177      solve sol_rat_unlimited minimizing target using nlp ;
1178    else
1179      solve sol_rat minimizing target using nlp ;
1180    );
1181      display xrlcrop.l, xcrop.l, xlive.l, yfeed.l, dms.l;
1182      pxrlcrop(pattern,c,r,l) = xrlcrop.l(c,r,l);
1183      pxcrop(pattern,c) = xcrop.l(c);
1184      pxlive(pattern,ls)= xlive.l(ls);
1186      pxnnpotential_c(pattern,c,nn) = nnpotential_c.l(c,nn);
1187      pxnnpotential_f(pattern,c,nn) = nnpotential_f.l(c,nn);
1188      pxnnpotential_l(pattern,ap,nn) = nnpotential_l.l(ap,nn);
1189      pxdpotential_c(pattern,c) = dpotential_c.l(c);
1190      pxdpotential_f(pattern,c) = dpotential_f.l(c);
1191      pxdpotential_l(pattern,ap) = dpotential_l.l(ap);
1192   );
1193  else
1194   loop(pattern,
1195  * Clear variables
1196      xrlcrop.lo(c,r,l) = 0; xrlcrop.up(c,r,l) = +inf;
1197  * Control croppable plants
1198      xrlcrop.up(c,r,l)$(not allow(pattern,c)) = 0;
1199  * No cropping over winter season in Tohoku_Hokuriku
1200  *    xrlcrop.up(c,"Tohoku_Hokuriku",l)$winter(c) = 0;
1201    if(1,
1202      solve sol_dif_unlimited minimizing target using nlp ;
1203    else
1204      solve sol_dif minimizing target using nlp ;
1205    );
1206      display xrlcrop.l, xcrop.l, xlive.l, yfeed.l, dms.l;
1207      pxrlcrop(pattern,c,r,l) = xrlcrop.l(c,r,l);
1208      pxcrop(pattern,c) = xcrop.l(c);
1209      pxlive(pattern,ls)= xlive.l(ls);
1211      pxnnpotential_c(pattern,c,nn) = nnpotential_c.l(c,nn);
1212      pxnnpotential_f(pattern,c,nn) = nnpotential_f.l(c,nn);
1213      pxnnpotential_l(pattern,ap,nn) = nnpotential_l.l(ap,nn);
1214      pxdpotential_c(pattern,c) = dpotential_c.l(c);
1215      pxdpotential_f(pattern,c) = dpotential_f.l(c);
1216      pxdpotential_l(pattern,ap) = dpotential_l.l(ap);
1217   );
1218  );
1219   
1220  *Post-calculation of vegetable cropping area
1221  parameters
1222      resLand(pattern,r,l,t)      'Residual land by month (1000ha)'
1223      resLabor(pattern)           'Residual labor (bil. hour)'
1224      resFert(pattern,e)          'Residual fertilizer (MT)'
1225      xveg_resLand(pattern)       'Maximum cropping area with residual land  (1000ha)'
1226      xveg_resLabor(pattern)      'Maximum cropping area with residual labor (1000ha)'
1227      xveg_resFert(pattern)       'Maximum cropping area with the scarsiest element (1000ha)'
1228      xveg(pattern)               'Post-calculation cropping area (1000ha)'
1229      dietxveg(pattern)           'Netfood supply (grams/day-capita)'
1230      nutxveg(pattern,nn)         'Nutrition supply (grams or kcal/day-capita)';
1231   
1232  scalar
1233      laborVeg                    'Labor demand of vegetable per month (bil. hour /1000ha)';
1234      laborVeg = ldemand_c("veges")/(10**9);
1235   
1236  * Residual land per month (croppable in "paddy_dry" or "field_irr" or "field_rain" and other region than "Hokkaido")
1237      resLand(pattern,r,l,t)
1238      $((sameas(l,'paddy_dry') or sameas(l,'field_irr') or sameas(l,'field_rain')) and (sameas(r,'Kanto_West') or sameas(r,'Okinawa'))) =
1239                               land_endw(r,l) - sum(c, pxrlcrop(pattern,c,r,l)*CRT(c,r,t));
1240  * Residual labor (annual)
1241      resLabor(pattern)      = sval("lsupply") - sum(c, pxcrop(pattern,c) * ldemand_c(c))/(10**9)
1242                                               - sum(ls, pxlive(pattern,ls)* ldemand_l(ls))/(10**9);
1243  * Residual fertilizer
1244      resFert(pattern,e)     = cfcoef*esupply("prod",e) + cfcoef*esupply("import",e) + esupply("organic",e)
1245                                               - sum(c, pxcrop(pattern,c) * edemand(c,e)
1247                                                    );
1248  * Non-negativity check
1249      resLand(pattern,r,l,t) = max(0, resLand(pattern,r,l,t));
1250      resLabor(pattern)      = max(0, resLabor(pattern));
1251      resFert(pattern,e)     = max(0, resFert(pattern,e));
1252  * Maximum cropping area with either residual input
1253      xveg_resLand(pattern)  = smax(t, sum((r,l),resLand(pattern,r,l,t)));
1254      xveg_resLabor(pattern) = resLabor(pattern)/laborVeg;
1255      xveg_resFert(pattern)  = smin(e, resFert(pattern,e)/edemand("veges",e)
1257                                    );
1258  * Joint constraint on cropping area of "veges"
1259      xveg(pattern)        = min( xveg_resLand(pattern),
1262                                  xveg_resLabor(pattern) );
1263  * Assign maximum area over t
1264      dietxveg(pattern)    = xveg(pattern)*x2n("veges")    /(tpop*(10**6)*365);
1265      nutxveg(pattern,nn)  = xveg(pattern)*x2nn("veges",nn)/(tpop*(10**6)*365);
1266   
1267  display resLand, resLabor, resFert, xveg_resLand, xveg_resLabor, xveg_resFert, xveg;
1268   
1269  *Assign "veges" values by post-calculation
1270      pxcrop(pattern,"veges")              = pxcrop(pattern,"veges")+xveg(pattern);
1271      pxdpotential_c(pattern,"veges")      = pxdpotential_c(pattern,"veges")+dietxveg(pattern);
1272      pxnnpotential_c(pattern,"veges",nn)  = pxnnpotential_c(pattern,"veges",nn)+nutxveg(pattern,nn);
1273  *Assign "fish" "seaweed" values as constant (Fish production to TAC limit 4650(1000MT) )
1274      pxdpotential_c(pattern,"fish")       = nnpc("fish")*4650*g2n("fish")/data("fish","net");
1275      pxnnpotential_c(pattern,"fish",nn)   = nnpcvalue("fish",nn)*4650*g2n("fish")/data("fish","net");
1276      pxdpotential_c(pattern,"seaweed")    = nnpc("seaweed");
1277      pxnnpotential_c(pattern,"seaweed",nn)= nnpcvalue("seaweed",nn);
1278   
1279      pcroprep(pattern,c,"current_cal")    = nnpcvalue(c,"calorie")$edible(c);
1280      pcroprep(pattern,c,"potential_cal")  = pxnnpotential_c(pattern,c,"calorie")*npecoef(c) $edible(c);
1281      pcroprep(pattern,c,"current_diet")   = nnpc(c)$edible(c);
1282      pcroprep(pattern,c,"potential_diet") = pxdpotential_c(pattern,c)*npecoef(c) $edible(c);
1283      pcroprep(pattern,c,"import_diet")    = impc(c)$edible(c);
1284      pcroprep(pattern,c,"change_diet")    = pcroprep(pattern,c,"potential_diet")+pcroprep(pattern,c,"import_diet")-pcroprep(pattern,c,"current_diet");
1285      pcroprep(pattern,"total",frep)       = sum(c, pcroprep(pattern,c,frep));
1286   
1287      pfoodrep(pattern,c,"current_cal")    = nnpcvalue(c,"calorie") $processed(c);
1288      pfoodrep(pattern,c,"potential_cal")  = pxnnpotential_f(pattern,c,"calorie")*npecoef(c) $processed(c);
1289      pfoodrep(pattern,c,"current_diet")   = nnpc(c) $processed(c);
1290      pfoodrep(pattern,c,"potential_diet") = pxdpotential_f(pattern,c)*npecoef(c) $processed(c);
1291      pfoodrep(pattern,c,"import_diet")    = impc(c)$processed(c);
1292      pfoodrep(pattern,c,"change_diet")    = pfoodrep(pattern,c,"potential_diet")+pfoodrep(pattern,c,"import_diet")-pfoodrep(pattern,c,"current_diet");
1293      pfoodrep(pattern,"total",frep)       = sum(c, pfoodrep(pattern,c,frep));
1294   
1295      pliverep(pattern,ap,"current_cal")   = nnpcvalue(ap,"calorie");
1296      pliverep(pattern,ap,"potential_cal") = pxnnpotential_l(pattern,ap,"calorie");
1297      pliverep(pattern,ap,"current_diet")  = nnpc(ap);
1298      pliverep(pattern,ap,"potential_diet")= pxdpotential_l(pattern,ap);
1299      pliverep(pattern,ap,"import_diet")   = impc(ap);
1300      pliverep(pattern,ap,"change_diet")   = pliverep(pattern,ap,"potential_diet")+pliverep(pattern,ap,"import_diet")-pliverep(pattern,ap,"current_diet");
1301      pliverep(pattern,"total",frep)       = sum(ap, pliverep(pattern,ap,frep));
1302   
1303      pmarinerep(pattern,c,"current_cal")    = nnpcvalue(c,"calorie") $marine(c);
1304      pmarinerep(pattern,c,"potential_cal")  = pxnnpotential_c(pattern,c,"calorie") $marine(c);
1305      pmarinerep(pattern,c,"current_diet")   = nnpc(c) $marine(c);
1306      pmarinerep(pattern,c,"potential_diet") = pxdpotential_c(pattern,c) $marine(c);
1307      pmarinerep(pattern,c,"import_diet")    = impc(c) $marine(c);
1308      pmarinerep(pattern,c,"change_diet")    = pmarinerep(pattern,c,"potential_diet")+pmarinerep(pattern,c,"import_diet")-pmarinerep(pattern,c,"current_diet");
1309      pmarinerep(pattern,"total",frep)       = sum(c, pmarinerep(pattern,c,frep));
1310   
1311      pdietrep(pattern,nn,"required")      = nreq(nn);
1312      pdietrep(pattern,nn,"current")       = sum(g, nnpcvalue(g,nn));
1313      pdietrep(pattern,nn,"potential")     =
1314                                             + sum(ap, pxnnpotential_l(pattern,ap,nn))
1315                                             + sum(c,  pxnnpotential_c(pattern,c,nn) $marine(c))
1316                                             + sum(c,  pxnnpotential_c(pattern,c,nn)*npecoef(c) $edible(c))
1317                                             + sum(c,  pxnnpotential_f(pattern,c,nn)*npecoef(c) $processed(c));
1318      pdietrep(pattern,nn,"import")        = imnn(nn);
1319      pdietrep(pattern,nn,"shortage")      = pdietrep(pattern,nn,"potential")+pdietrep(pattern,nn,"import")-pdietrep(pattern,nn,"required");
1320      pdietrep(pattern,nn,"srate")         = 100*(pdietrep(pattern,nn,"potential")+pdietrep(pattern,nn,"import"))/pdietrep(pattern,nn,"required");
1321   
1322      pradar(pattern,cg,"current")         = sum(c $cmap(cg,c), nnpc(c));
1323      pradar(pattern,cg,"potential")       = sum(c $cmap(cg,c), pcroprep(pattern,c,"potential_diet")+pfoodrep(pattern,c,"potential_diet"));
1324      pradar(pattern,cg,"import")          = sum(c $cmap(cg,c), impc(c));
1325      pradar(pattern,cg,"change")          = pradar(pattern,cg,"potential") + pradar(pattern,cg,"import") - pradar(pattern,cg,"current");
1326      pradar(pattern,cg,"srate")           = 100*(pradar(pattern,cg,"potential")+pradar(pattern,cg,"import"))/pradar(pattern,cg,"current");
1327      paradar(pattern,ag,"current")        = sum(ap $amap(ag,ap), nnpc(ap));
1328      paradar(pattern,ag,"potential")      = sum(ap $amap(ag,ap), pliverep(pattern,ap,"potential_diet"));
1329      paradar(pattern,ag,"import")         = sum(ap $amap(ag,ap), impc(ap));
1330      paradar(pattern,ag,"change")         = paradar(pattern,ag,"potential") + paradar(pattern,ag,"import") - paradar(pattern,ag,"current");
1331      paradar(pattern,ag,"srate")          = 100*(paradar(pattern,ag,"potential")+paradar(pattern,ag,"import")) / paradar(pattern,ag,"current");
1332   
1333      plandrep_region("current","total",c) = data(c,"area");
1334      plandrep_region(pattern,r,c)         = sum(l, pxrlcrop(pattern,c,r,l));
1335      plandrep_region(pattern,"total",c)   = sum(r, plandrep_region(pattern,r,c));
1336      plandrep_region(pattern,r,"total")   = sum(c, plandrep_region(pattern,r,c));
1337      plandrep_month(pattern,t,l,c)        = sum(r, pxrlcrop(pattern,c,r,l)*CRT(c,r,t));
1338      plandrep_month(pattern,t,l,"total")  = sum(c, plandrep_month(pattern,t,l,c));
1339  *Assign "veges" values by post-calculation
1340      plandrep_region(pattern,"total","veges") = pxcrop(pattern,"veges");
1341   
1342      plaborrep(pattern,c)                 = pxcrop(pattern,c) *ldemand_c(c) /(10**9);
1343      plaborrep("current",c)               = data(c,"area")    *ldemand_c(c) /(10**9);
1344      plaborrep(pattern,ls)                = pxlive(pattern,ls)*ldemand_l(ls)/(10**9);
1345      plaborrep("current",ls)              = head(ls)          *ldemand_l(ls)/(10**9);
1346      plaborrep(pattern,"total")           = sum(c,plaborrep(pattern,c)) + sum(ls,plaborrep(pattern,ls));
1347      plaborrep("current","total")         = sum(c,plaborrep("current",c)) + sum(ls,plaborrep("current",ls));
1348   
1349      pfertrep("current",e,c)              = data(c,"area")*edemand(c,e);
1350      pfertrep("current",e,"total")        = sum(c,pfertrep("current",e,c));
1351      pfertrep(pattern,e,c)                = pxcrop(pattern,c)*edemand(c,e)
1353      ;
1354      pfertrep(pattern,e,"total")          = sum(c,pfertrep(pattern,e,c));
1355   
1357   
1358   
1359   
GAMS 32.2.0  rc62c018 Released Aug 26, 2020 WEX-WEI x86 64bit/MS Windows - 02/18/26 01:42:35 Page 12
Food Supply Simulation in Japan applying the SWISSfoodSys Model
Grain stockpile release scenario


1361      stock("grossfood",c)      = stockpile(c);
1362      stock("netfood",c)        = stockpile(c)*g2n(c);
1363      stock("netfood","total")  = sum(c,stock("netfood",c));
1364      stock("netfoodpc",c)      = stock("netfood",c)*(10**9)/(tpop*(10**6)*365);
1365      stock("netfoodpc","total")= sum(c,stock("netfoodpc",c));
1366      stock("calorie",c)        = stock("netfood",c)*nnvalue(c,"calorie")*(10**9)/(tpop*(10**6)*365);
1367      stock("calorie","total")  = sum(c,stock("calorie",c));
1368   
1369      xcbal("mean")             = (-1)*sum(t,mdietrep(t,"calorie","shortage"))/12;
1370      xcbal("max")              = (-1)*smax(t,mdietrep(t,"calorie","shortage"));
1371      xcbal("min")              = (-1)*smin(t,mdietrep(t,"calorie","shortage"));
1372   
1373      period("100%",rep)        = 365*stock("calorie","total")/xcbal(rep);
1374      period("90%",rep)         = 365*stock("calorie","total")/(xcbal(rep)-2158*0.1);
1375      period("80%",rep)         = 365*stock("calorie","total")/(xcbal(rep)-2158*0.2);
1376   
1377   
1378   
GAMS 32.2.0  rc62c018 Released Aug 26, 2020 WEX-WEI x86 64bit/MS Windows - 02/18/26 01:42:35 Page 13
Food Supply Simulation in Japan applying the SWISSfoodSys Model
Feed stockpile release scenario


1380  *TBD
1381   
1382   
1383   
GAMS 32.2.0  rc62c018 Released Aug 26, 2020 WEX-WEI x86 64bit/MS Windows - 02/18/26 01:42:35 Page 14
Food Supply Simulation in Japan applying the SWISSfoodSys Model
Export Results


1385  Execute_Unload '.\results\2.7b_data2022_import4_unlim_results.gdx',
1386      wcroprep, wfoodrep, wliverep,             wdietrep, wradar, waradar, wlandrep_region, wlandrep_month, wlaborrep, wfertrep,
1387      lcroprep, lfoodrep, lliverep,             ldietrep, lradar, laradar, llandrep_region, llandrep_month, llaborrep, lfertrep,
1388      pcroprep, pfoodrep, pliverep, pmarinerep, pdietrep, pradar, paradar, plandrep_region, plandrep_month, plaborrep, pfertrep,
1389      mcroprep, mfoodrep, mdietrep,
1391      stock, period;
1392   
1393  if(1,
1395   
1397   
1399  execute 'gdxxrw .\results\2.7b_data2022_import4_unlim_results.gdx o=.\results\2.7b_data2022_import4_unlim_results.xlsx par=pcroprep rng=pcroprep!A1 rdim=2 cdim=1'
1400  execute 'gdxxrw .\results\2.7b_data2022_import4_unlim_results.gdx o=.\results\2.7b_data2022_import4_unlim_results.xlsx par=pfoodrep rng=pfoodrep!A1 rdim=2 cdim=1'
1401  execute 'gdxxrw .\results\2.7b_data2022_import4_unlim_results.gdx o=.\results\2.7b_data2022_import4_unlim_results.xlsx par=pliverep rng=pliverep!A1 rdim=2 cdim=1'
1402  execute 'gdxxrw .\results\2.7b_data2022_import4_unlim_results.gdx o=.\results\2.7b_data2022_import4_unlim_results.xlsx par=pmarinerep rng=pmarinerep!A1 rdim=2 cdim=1'
1403  execute 'gdxxrw .\results\2.7b_data2022_import4_unlim_results.gdx o=.\results\2.7b_data2022_import4_unlim_results.xlsx par=pdietrep rng=pdietrep!A1 rdim=2 cdim=1'
1404  execute 'gdxxrw .\results\2.7b_data2022_import4_unlim_results.gdx o=.\results\2.7b_data2022_import4_unlim_results.xlsx par=pradar   rng=pradar!A1   rdim=2 cdim=1'
1405  execute 'gdxxrw .\results\2.7b_data2022_import4_unlim_results.gdx o=.\results\2.7b_data2022_import4_unlim_results.xlsx par=paradar  rng=pradar!A27  rdim=2 cdim=1'
1407      execute 'gdxxrw .\results\2.7b_data2022_import4_unlim_results.gdx o=.\results\2.7b_data2022_import4_unlim_results.xlsx par=plandrep_region rng=plandrep!A1 rdim=2 cdim=1'
1408      execute 'gdxxrw .\results\2.7b_data2022_import4_unlim_results.gdx o=.\results\2.7b_data2022_import4_unlim_results.xlsx par=plandrep_month  rng=plandrep!A19 rdim=2 cdim=2'
1411      execute 'gdxxrw .\results\2.7b_data2022_import4_unlim_results.gdx o=.\results\2.7b_data2022_import4_unlim_results.xlsx par=plaborrep rng=plaborrep!A1 rdim=1 cdim=1'
1415   
1417   
1419  );
GAMS 32.2.0  rc62c018 Released Aug 26, 2020 WEX-WEI x86 64bit/MS Windows - 02/18/26 01:42:35 Page 15
Food Supply Simulation in Japan applying the SWISSfoodSys Model
Include File Summary


   SEQ   GLOBAL TYPE      PARENT   LOCAL  FILENAME

     1        1 INPUT          0       0  C:\Users\ikiyo\OneDrive\MAFF_2025\workspace simul\build2.7b260206.gms
     2       73 BATINCLUDE     1      73  .C:\Users\ikiyo\OneDrive\MAFF_2025\workspace simul\appendTagVal.inc
     3       78 BATINCLUDE     1      74  .C:\Users\ikiyo\OneDrive\MAFF_2025\workspace simul\appendTag.inc
     4       88 BATINCLUDE     1      76  .C:\Users\ikiyo\OneDrive\MAFF_2025\workspace simul\appendTag.inc
     5       93 BATINCLUDE     1      77  .C:\Users\ikiyo\OneDrive\MAFF_2025\workspace simul\appendTag.inc
     6       98 BATINCLUDE     1      78  .C:\Users\ikiyo\OneDrive\MAFF_2025\workspace simul\appendTagVal.inc
     7      103 BATINCLUDE     1      79  .C:\Users\ikiyo\OneDrive\MAFF_2025\workspace simul\appendTagVal.inc
     8      108 BATINCLUDE     1      80  .C:\Users\ikiyo\OneDrive\MAFF_2025\workspace simul\appendTag.inc
     9      113 BATINCLUDE     1      81  .C:\Users\ikiyo\OneDrive\MAFF_2025\workspace simul\appendTag.inc
    10      163 GDXIN          1     127  C:\Users\ikiyo\OneDrive\MAFF_2025\workspace simul\sets.gdx
    11      282 GDXIN          1     246  C:\Users\ikiyo\OneDrive\MAFF_2025\workspace simul\data_2022.gdx
    12      286 GDXIN          1     250  C:\Users\ikiyo\OneDrive\MAFF_2025\workspace simul\parameters.gdx


COMPILATION TIME     =        0.015 SECONDS      3 MB  32.2.0 rc62c018 WEX-WEI
GAMS 32.2.0  rc62c018 Released Aug 26, 2020 WEX-WEI x86 64bit/MS Windows - 02/18/26 01:42:35 Page 16
Food Supply Simulation in Japan applying the SWISSfoodSys Model
E x e c u t i o n


----    211 SET CRL  crops to region land type pair

                             paddy_wet   paddy_dry  field_rain   field_irr     orchard     pasture

rice      .Hokkaido                YES         YES
rice      .Tohoku_Hokuriku         YES         YES
rice      .Kanto_West              YES         YES
rice      .Okinawa                 YES         YES
wheat     .Hokkaido                                        YES         YES
wheat     .Tohoku_Hokuriku                                 YES         YES
wheat     .Kanto_West                                      YES         YES
wheat     .Okinawa                                         YES         YES
pwheat    .Kanto_West                          YES
pwheat    .Okinawa                             YES
barley    .Hokkaido                                        YES         YES
barley    .Tohoku_Hokuriku                                 YES         YES
barley    .Kanto_West                                      YES         YES
barley    .Okinawa                                         YES         YES
pbarley   .Kanto_West                          YES
pbarley   .Okinawa                             YES
naked     .Hokkaido                                        YES         YES
naked     .Tohoku_Hokuriku                                 YES         YES
naked     .Kanto_West                                      YES         YES
naked     .Okinawa                                         YES         YES
corn      .Hokkaido                                                                            YES
sorghum   .Hokkaido                                                                            YES
mis_grains.Hokkaido                                        YES         YES
mis_grains.Tohoku_Hokuriku                                 YES         YES
sweetp    .Tohoku_Hokuriku                                 YES         YES
sweetp    .Kanto_West                                      YES         YES
sweetp    .Okinawa                                         YES         YES
psweetp   .Tohoku_Hokuriku                     YES
psweetp   .Kanto_West                          YES
psweetp   .Okinawa                             YES
potato    .Hokkaido                                        YES         YES
potato    .Tohoku_Hokuriku                                 YES         YES
ppotato   .Hokkaido                            YES
ppotato   .Tohoku_Hokuriku                     YES
soy       .Hokkaido                                        YES         YES
soy       .Tohoku_Hokuriku                                 YES         YES
soy       .Kanto_West                                      YES         YES
psoy      .Hokkaido                            YES
psoy      .Tohoku_Hokuriku                     YES
psoy      .Kanto_West                          YES
mis_beans .Hokkaido                                        YES         YES
mis_beans .Tohoku_Hokuriku                                 YES         YES
mis_beans .Kanto_West                                      YES         YES
mis_beans .Okinawa                                         YES         YES
veges     .Tohoku_Hokuriku                     YES         YES         YES
veges     .Kanto_West                          YES         YES         YES
veges     .Okinawa                             YES         YES         YES
mandarin  .Kanto_West                                                              YES
apple     .Hokkaido                                                                YES
apple     .Tohoku_Hokuriku                                                         YES
apple     .Kanto_West                                                              YES
mis_fruits.Tohoku_Hokuriku                                                         YES
mis_fruits.Kanto_West                                                              YES
mis_fruits.Okinawa                                                                 YES
scane     .Okinawa                                         YES         YES
sbeat     .Hokkaido                                        YES         YES
rapeseed  .Hokkaido                                        YES         YES


----    352 PARAMETER CRT  Crops to region month pair (0/1)

                                   jan         feb         mar         apr         may         jun         jul         aug         sep         oct         nov         dec

rice      .Hokkaido                                                                          1.000       1.000       1.000       1.000
rice      .Tohoku_Hokuriku                                                                   1.000       1.000       1.000       1.000       1.000
rice      .Kanto_West                                                                        1.000       1.000       1.000       1.000       1.000
rice      .Okinawa                                                                           1.000       1.000       1.000       1.000       1.000
wheat     .Hokkaido              1.000       1.000       1.000       1.000       1.000       1.000       1.000                   1.000       1.000       1.000       1.000
wheat     .Tohoku_Hokuriku       1.000       1.000       1.000       1.000       1.000                                                                   1.000       1.000
wheat     .Kanto_West            1.000       1.000       1.000       1.000       1.000                                                                   1.000       1.000
wheat     .Okinawa               1.000       1.000       1.000       1.000       1.000                                                                   1.000       1.000
pwheat    .Hokkaido              1.000       1.000       1.000       1.000       1.000       1.000       1.000                   1.000       1.000       1.000       1.000
pwheat    .Tohoku_Hokuriku       1.000       1.000       1.000       1.000       1.000                                                                   1.000       1.000
pwheat    .Kanto_West            1.000       1.000       1.000       1.000       1.000                                                                   1.000       1.000
pwheat    .Okinawa               1.000       1.000       1.000       1.000       1.000                                                                   1.000       1.000
barley    .Hokkaido                                                  1.000       1.000       1.000       1.000       1.000
barley    .Tohoku_Hokuriku       1.000       1.000       1.000       1.000       1.000                                                                   1.000       1.000
barley    .Kanto_West            1.000       1.000       1.000       1.000       1.000                                                                   1.000       1.000
barley    .Okinawa               1.000       1.000       1.000       1.000       1.000                                                                   1.000       1.000
pbarley   .Hokkaido                                                  1.000       1.000       1.000       1.000       1.000
pbarley   .Tohoku_Hokuriku       1.000       1.000       1.000       1.000       1.000                                                                   1.000       1.000
pbarley   .Kanto_West            1.000       1.000       1.000       1.000       1.000                                                                   1.000       1.000
pbarley   .Okinawa               1.000       1.000       1.000       1.000       1.000                                                                   1.000       1.000
naked     .Hokkaido                                                  1.000       1.000       1.000       1.000       1.000
naked     .Tohoku_Hokuriku       1.000       1.000       1.000       1.000       1.000                                                                   1.000       1.000
naked     .Kanto_West            1.000       1.000       1.000       1.000       1.000                                                                   1.000       1.000
naked     .Okinawa               1.000       1.000       1.000       1.000       1.000                                                                   1.000       1.000
corn      .Hokkaido                                                              1.000       1.000       1.000       1.000       1.000       1.000
corn      .Tohoku_Hokuriku                                                                   1.000       1.000       1.000       1.000       1.000
corn      .Kanto_West                                                                        1.000       1.000       1.000       1.000       1.000
corn      .Okinawa                                                                           1.000       1.000       1.000       1.000       1.000
sorghum   .Hokkaido                                                              1.000       1.000       1.000       1.000       1.000       1.000
sorghum   .Tohoku_Hokuriku                                                       1.000       1.000       1.000       1.000       1.000       1.000
sorghum   .Kanto_West                                                            1.000       1.000       1.000       1.000       1.000       1.000
sorghum   .Okinawa                                                               1.000       1.000       1.000       1.000       1.000       1.000
mis_grains.Hokkaido                                                              1.000       1.000       1.000       1.000       1.000
mis_grains.Tohoku_Hokuriku                               1.000       1.000       1.000       1.000
mis_grains.Kanto_West                                    1.000       1.000       1.000       1.000
mis_grains.Okinawa                                       1.000       1.000       1.000       1.000
sweetp    .Hokkaido                                                                          1.000       1.000       1.000       1.000       1.000
sweetp    .Tohoku_Hokuriku                                                                   1.000       1.000       1.000       1.000       1.000
sweetp    .Kanto_West                                                                        1.000       1.000       1.000       1.000       1.000
sweetp    .Okinawa                                                                           1.000       1.000       1.000       1.000       1.000
psweetp   .Hokkaido                                                                          1.000       1.000       1.000       1.000       1.000
psweetp   .Tohoku_Hokuriku                                                                   1.000       1.000       1.000       1.000       1.000
psweetp   .Kanto_West                                                                        1.000       1.000       1.000       1.000       1.000
psweetp   .Okinawa                                                                           1.000       1.000       1.000       1.000       1.000
potato    .Hokkaido                                                  1.000       1.000       1.000       1.000       1.000       1.000       1.000
potato    .Tohoku_Hokuriku                   1.000       1.000       1.000       1.000       1.000       1.000
potato    .Kanto_West                        1.000       1.000       1.000       1.000       1.000       1.000
potato    .Okinawa                           1.000       1.000       1.000       1.000       1.000       1.000
ppotato   .Hokkaido                                                  1.000       1.000       1.000       1.000       1.000       1.000       1.000
ppotato   .Tohoku_Hokuriku                   1.000       1.000       1.000       1.000       1.000       1.000
ppotato   .Kanto_West                        1.000       1.000       1.000       1.000       1.000       1.000
ppotato   .Okinawa                           1.000       1.000       1.000       1.000       1.000       1.000
soy       .Hokkaido                                                              1.000       1.000       1.000       1.000       1.000       1.000
soy       .Tohoku_Hokuriku                                                                   1.000       1.000       1.000       1.000       1.000
soy       .Kanto_West                                                                        1.000       1.000       1.000       1.000       1.000
soy       .Okinawa                                                                           1.000       1.000       1.000       1.000       1.000
psoy      .Hokkaido                                                              1.000       1.000       1.000       1.000       1.000       1.000
psoy      .Tohoku_Hokuriku                                                                   1.000       1.000       1.000       1.000       1.000
psoy      .Kanto_West                                                                        1.000       1.000       1.000       1.000       1.000
psoy      .Okinawa                                                                           1.000       1.000       1.000       1.000       1.000
mis_beans .Hokkaido                                                              1.000       1.000       1.000       1.000       1.000       1.000
mis_beans .Tohoku_Hokuriku                                                       1.000       1.000       1.000       1.000       1.000       1.000
mis_beans .Kanto_West                                                            1.000       1.000       1.000       1.000       1.000       1.000
mis_beans .Okinawa                                                               1.000       1.000       1.000       1.000       1.000       1.000
veges     .Hokkaido              1.000       1.000       1.000       1.000       1.000       1.000       1.000       1.000       1.000       1.000       1.000       1.000
veges     .Tohoku_Hokuriku       1.000       1.000       1.000       1.000       1.000       1.000       1.000       1.000       1.000       1.000       1.000       1.000
veges     .Kanto_West            1.000       1.000       1.000       1.000       1.000       1.000       1.000       1.000       1.000       1.000       1.000       1.000
veges     .Okinawa               1.000       1.000       1.000       1.000       1.000       1.000       1.000       1.000       1.000       1.000       1.000       1.000
mandarin  .Hokkaido              1.000       1.000       1.000       1.000       1.000       1.000       1.000       1.000       1.000       1.000       1.000       1.000
mandarin  .Tohoku_Hokuriku       1.000       1.000       1.000       1.000       1.000       1.000       1.000       1.000       1.000       1.000       1.000       1.000
mandarin  .Kanto_West            1.000       1.000       1.000       1.000       1.000       1.000       1.000       1.000       1.000       1.000       1.000       1.000
mandarin  .Okinawa               1.000       1.000       1.000       1.000       1.000       1.000       1.000       1.000       1.000       1.000       1.000       1.000
apple     .Hokkaido              1.000       1.000       1.000       1.000       1.000       1.000       1.000       1.000       1.000       1.000       1.000       1.000
apple     .Tohoku_Hokuriku       1.000       1.000       1.000       1.000       1.000       1.000       1.000       1.000       1.000       1.000       1.000       1.000
apple     .Kanto_West            1.000       1.000       1.000       1.000       1.000       1.000       1.000       1.000       1.000       1.000       1.000       1.000
apple     .Okinawa               1.000       1.000       1.000       1.000       1.000       1.000       1.000       1.000       1.000       1.000       1.000       1.000
mis_fruits.Hokkaido              1.000       1.000       1.000       1.000       1.000       1.000       1.000       1.000       1.000       1.000       1.000       1.000
mis_fruits.Tohoku_Hokuriku       1.000       1.000       1.000       1.000       1.000       1.000       1.000       1.000       1.000       1.000       1.000       1.000
mis_fruits.Kanto_West            1.000       1.000       1.000       1.000       1.000       1.000       1.000       1.000       1.000       1.000       1.000       1.000
mis_fruits.Okinawa               1.000       1.000       1.000       1.000       1.000       1.000       1.000       1.000       1.000       1.000       1.000       1.000
scane     .Hokkaido              1.000       1.000       1.000       1.000       1.000       1.000       1.000       1.000       1.000       1.000       1.000       1.000
scane     .Tohoku_Hokuriku       1.000       1.000       1.000       1.000       1.000       1.000       1.000       1.000       1.000       1.000       1.000       1.000
scane     .Kanto_West            1.000       1.000       1.000       1.000       1.000       1.000       1.000       1.000       1.000       1.000       1.000       1.000
scane     .Okinawa               1.000       1.000       1.000       1.000       1.000       1.000       1.000       1.000       1.000       1.000       1.000       1.000
sbeat     .Hokkaido                                                              1.000       1.000       1.000       1.000       1.000       1.000
sbeat     .Tohoku_Hokuriku                                                       1.000       1.000       1.000       1.000       1.000       1.000
sbeat     .Kanto_West                                                            1.000       1.000       1.000       1.000       1.000       1.000
sbeat     .Okinawa                                                               1.000       1.000       1.000       1.000       1.000       1.000
rapeseed  .Hokkaido              1.000       1.000       1.000       1.000       1.000       1.000       1.000                   1.000       1.000       1.000       1.000
rapeseed  .Tohoku_Hokuriku       1.000       1.000       1.000       1.000       1.000       1.000       1.000                   1.000       1.000       1.000       1.000
rapeseed  .Kanto_West            1.000       1.000       1.000       1.000       1.000       1.000       1.000                   1.000       1.000       1.000       1.000
rapeseed  .Okinawa               1.000       1.000       1.000       1.000       1.000       1.000       1.000                   1.000       1.000       1.000       1.000


----    352 PARAMETER esupply  Fertilizer element supply (each element: t)

           nitrogen   phosphate      kalium

prod     438760.000  131710.000
import   212721.000  174917.000  226695.000
organic               65450.983  161785.075


----    352 PARAMETER ldemand_c  Labor dmenad (hour/10a -> hour/1000ha)

rice        220000.000,    wheat        33000.000,    pwheat       33000.000,    barley       33000.000,    pbarley      33000.000,    naked        33000.000,    corn         33000.000,    sorghum      33000.000,    mis_grains   33000.000,    sweetp      860000.000,    psweetp     860000.000,    potato      110000.000,    ppotato     110000.000,    soy          56000.000,    psoy         56000.000,    mis_beans    56000.000,    veges      1630000.000,    mandarin   2670000.000,    apple      2670000.000,    mis_fruits 2670000.000,    scane       330000.000,    sbeat       110000.000,    rapeseed     33000.000


----    352 PARAMETER land_endw  Land endowment (1000ha)

                  paddy_wet   paddy_dry  field_rain   field_irr     orchard     pasture

Hokkaido             70.252     151.344     191.605     227.095       3.050     498.100
Tohoku_Hokuriku     436.733     424.304     121.583      31.627      49.250      57.490
Kanto_West          718.933     539.551     318.586     209.029     199.400      27.452
Okinawa               0.389       0.362       5.230      22.404       1.880       6.000


----    352 PARAMETER acoef  Output of animal product (kg) by 1 unit livestock

           dairycow     dairyox       swine     broiler  layinghens

beef         57.165     340.900
pork                                 78.000
chicken                                           1.850       0.789
egg                                                          18.900
milk       3846.176


----    352 PARAMETER tpop                 =      124.950  National population       (million)
GAMS 32.2.0  rc62c018 Released Aug 26, 2020 WEX-WEI x86 64bit/MS Windows - 02/18/26 01:42:35 Page 17
Food Supply Simulation in Japan applying the SWISSfoodSys Model
Equation Listing    SOLVE sol_dif Using NLP From line 783


---- link  =E=  xrlcrop to xcrop link by summation

link(rice)..  xrlcrop(rice,Hokkaido,paddy_wet) + xrlcrop(rice,Hokkaido,paddy_dry) + xrlcrop(rice,Tohoku_Hokuriku,paddy_wet) + xrlcrop(rice,Tohoku_Hokuriku,paddy_dry) + xrlcrop(rice,Kanto_West,paddy_wet) + xrlcrop(rice,Kanto_West,paddy_dry) + xrlcrop(rice,Okinawa,paddy_wet) + xrlcrop(rice,Okinawa,paddy_dry) - xcrop(rice) =E= 0 ; (LHS = 0)
     
link(wheat)..  xrlcrop(wheat,Hokkaido,field_rain) + xrlcrop(wheat,Hokkaido,field_irr) + xrlcrop(wheat,Tohoku_Hokuriku,field_rain) + xrlcrop(wheat,Tohoku_Hokuriku,field_irr) + xrlcrop(wheat,Kanto_West,field_rain) + xrlcrop(wheat,Kanto_West,field_irr) + xrlcrop(wheat,Okinawa,field_rain) + xrlcrop(wheat,Okinawa,field_irr) - xcrop(wheat) =E= 0 ; (LHS = 0)
     
link(pwheat)..  xrlcrop(pwheat,Kanto_West,paddy_dry) + xrlcrop(pwheat,Okinawa,paddy_dry) - xcrop(pwheat) =E= 0 ; (LHS = 0)
     
REMAINING 28 ENTRIES SKIPPED


---- landbal  =L=  Monthly land balance on each land type (1000ha)

landbal(jan,Hokkaido,field_rain)..  xrlcrop(wheat,Hokkaido,field_rain) + xrlcrop(rapeseed,Hokkaido,field_rain) =L= 191.60482 ; (LHS = 0)
     
landbal(jan,Hokkaido,field_irr)..  xrlcrop(wheat,Hokkaido,field_irr) + xrlcrop(rapeseed,Hokkaido,field_irr) =L= 227.09518 ; (LHS = 0)
     
landbal(jan,Hokkaido,orchard)..  xrlcrop(apple,Hokkaido,orchard) =L= 3.05 ; (LHS = 0)
     
REMAINING 209 ENTRIES SKIPPED


---- areamax_o  =L=  Area upper bound on orchard       (1000ha)

areamax_o(mandarin)..  xcrop(mandarin) =L= 36.2 ; (LHS = 0)
     
areamax_o(apple)..  xcrop(apple) =L= 35.1 ; (LHS = 0)
     
areamax_o(mis_fruits)..  xcrop(mis_fruits) =L= 94.748 ; (LHS = 0)
     

---- areamax_l  =L=  Area upper bound on local crops   (1000ha)

areamax_l(scane)..  xcrop(scane) =L= 23.2 ; (LHS = 0)
     
areamax_l(sbeat)..  xcrop(sbeat) =L= 55.4 ; (LHS = 0)
     

---- labdemand_c  =E=  Total labor demand by crop      (bil. hour)

labdemand_c..  - 0.00022*xcrop(rice) - 3.29999999999999E-5*xcrop(wheat) - 3.29999999999999E-5*xcrop(pwheat) - 3.29999999999999E-5*xcrop(barley) - 3.29999999999999E-5*xcrop(pbarley) - 3.29999999999999E-5*xcrop(naked) - 3.29999999999999E-5*xcrop(corn) - 3.29999999999999E-5*xcrop(sorghum) - 3.29999999999999E-5*xcrop(mis_grains) - 0.000859999999999998*xcrop(sweetp) - 0.000859999999999998*xcrop(psweetp) - 0.00011*xcrop(potato) - 0.00011*xcrop(ppotato) - 5.59999999999999E-5*xcrop(soy) - 5.59999999999999E-5*xcrop(psoy) - 5.59999999999999E-5*xcrop(mis_beans) - 0.00163*xcrop(veges) - 0.00266999999999999*xcrop(mandarin) - 0.00266999999999999*xcrop(apple) - 0.00266999999999999*xcrop(mis_fruits) - 0.000329999999999999*xcrop(scane) - 0.00011*xcrop(sbeat) - 3.29999999999999E-5*xcrop(rapeseed) + labd_c =E= 0 ; (LHS = 0)
     

---- labdemand_l  =E=  Total labor demand by livestock (bil. hour)

labdemand_l..  - 1.23E-7*xlive(dairycow) - 4.39999999999999E-8*xlive(dairyox) - 4.39999999999999E-8*xlive(heifer) - 4.39999999999999E-8*xlive(calves) - 3.09999999999999E-9*xlive(swine) - 1.99999999999999E-11*xlive(broiler) - 1.99999999999999E-10*xlive(layinghens) + labd_ls =E= 0 ; (LHS = 0)
     

---- labbal  =L=  Total labor balance             (bil. hour)

labbal..  labd_c + labd_ls =L= 2.96 ; (LHS = 0)
     

---- areamax_y  =L=  Area upper bound on paddy crops   (1000ha)

areamax_y(rice)..  xcrop(rice) =L= 4689 ; (LHS = 0)
     
areamax_y(pwheat)..  xcrop(pwheat) =L= 681.9 ; (LHS = 0)
     
areamax_y(pbarley)..  xcrop(pbarley) =L= 172.2 ; (LHS = 0)
     
REMAINING 3 ENTRIES SKIPPED


---- areamax_u  =L=  Area upper bound on upland crops  (1000ha)

areamax_u(wheat)..  xcrop(wheat) =L= 681.9 ; (LHS = 0)
     
areamax_u(barley)..  xcrop(barley) =L= 172.2 ; (LHS = 0)
     
areamax_u(naked)..  xcrop(naked) =L= 17.61 ; (LHS = 0)
     
REMAINING 9 ENTRIES SKIPPED


---- areamax_p  =L=  Area upper bound on pasture crops (1000ha)

areamax_p(corn)..  xcrop(corn) =L= 0.3 ; (LHS = 0)
     
areamax_p(sorghum)..  xcrop(sorghum) =L= 0.04533 ; (LHS = 0)
     

---- areamax_wheat  =L=  Area upper bound on wheat and pwheat (1000ha)

areamax_wheat..  xcrop(wheat) + xcrop(pwheat) =L= 681.9 ; (LHS = 0)
     

---- areamax_barley  =L=                      barley and pbarley

areamax_barley..  xcrop(barley) + xcrop(pbarley) =L= 172.2 ; (LHS = 0)
     

---- areamax_sweetp  =L=                      sweetp and psweetp

areamax_sweetp..  xcrop(sweetp) + xcrop(psweetp) =L= 96.9 ; (LHS = 0)
     

---- areamax_potato  =L=                      potato and ppotato

areamax_potato..  xcrop(potato) + xcrop(ppotato) =L= 214.2 ; (LHS = 0)
     

---- areamax_soy  =L=                      soy and psoy

areamax_soy..  xcrop(soy) + xcrop(psoy) =L= 454.8 ; (LHS = 0)
     

---- tdndemand  =E=  TDN demand by animal ls

tdndemand(dairycow)..  - 4.0544*xlive(dairycow) + tdnd(dairycow) =E= 0 ; (LHS = 0)
     
tdndemand(dairyox)..  - 3.2435*xlive(dairyox) + tdnd(dairyox) =E= 0 ; (LHS = 0)
     
tdndemand(heifer)..  - 2.6354*xlive(heifer) + tdnd(heifer) =E= 0 ; (LHS = 0)
     
REMAINING 4 ENTRIES SKIPPED


---- tdnsupply  =E=  TDN supply for animal ls by feed fe

tdnsupply(dairycow)..  - 0.813*yfeed(dairycow,rice) - 0.813*yfeed(dairycow,wheat) - 0.741*yfeed(dairycow,barley) - 0.799*yfeed(dairycow,corn) - 0.784*yfeed(dairycow,sorghum) - 0.592*yfeed(dairycow,fodder) - 0.377*yfeed(dairycow,ricestraw) - 0.558*yfeed(dairycow,ricebran) - 0.38*yfeed(dairycow,wheatstraw) - 0.627*yfeed(dairycow,wheatbran) - 0.074*yfeed(dairycow,potatovines) - 0.766*yfeed(dairycow,soybeancake) - 0.645*yfeed(dairycow,rapeseedcake) - 0.673*yfeed(dairycow,beetpulp) - 0.517*yfeed(dairycow,molasses) - 0.285*yfeed(dairycow,bagasse) + tdns(dairycow) =E= 0 ; (LHS = 0)
     
tdnsupply(dairyox)..  - 0.813*yfeed(dairyox,rice) - 0.813*yfeed(dairyox,wheat) - 0.741*yfeed(dairyox,barley) - 0.799*yfeed(dairyox,corn) - 0.784*yfeed(dairyox,sorghum) - 0.592*yfeed(dairyox,fodder) - 0.377*yfeed(dairyox,ricestraw) - 0.558*yfeed(dairyox,ricebran) - 0.38*yfeed(dairyox,wheatstraw) - 0.627*yfeed(dairyox,wheatbran) - 0.074*yfeed(dairyox,potatovines) - 0.766*yfeed(dairyox,soybeancake) - 0.645*yfeed(dairyox,rapeseedcake) - 0.673*yfeed(dairyox,beetpulp) - 0.517*yfeed(dairyox,molasses) - 0.285*yfeed(dairyox,bagasse) + tdns(dairyox) =E= 0 ; (LHS = 0)
     
tdnsupply(heifer)..  - 0.813*yfeed(heifer,rice) - 0.813*yfeed(heifer,wheat) - 0.741*yfeed(heifer,barley) - 0.799*yfeed(heifer,corn) - 0.784*yfeed(heifer,sorghum) - 0.592*yfeed(heifer,fodder) - 0.377*yfeed(heifer,ricestraw) - 0.558*yfeed(heifer,ricebran) - 0.38*yfeed(heifer,wheatstraw) - 0.627*yfeed(heifer,wheatbran) - 0.074*yfeed(heifer,potatovines) - 0.766*yfeed(heifer,soybeancake) - 0.645*yfeed(heifer,rapeseedcake) - 0.673*yfeed(heifer,beetpulp) - 0.517*yfeed(heifer,molasses) - 0.285*yfeed(heifer,bagasse) + tdns(heifer) =E= 0 ; (LHS = 0)
     
REMAINING 4 ENTRIES SKIPPED


---- tdnbal  =L=  TDN balance

tdnbal(dairycow)..  tdnd(dairycow) - tdns(dairycow) =L= 0 ; (LHS = 0)
     
tdnbal(dairyox)..  tdnd(dairyox) - tdns(dairyox) =L= 0 ; (LHS = 0)
     
tdnbal(heifer)..  tdnd(heifer) - tdns(heifer) =L= 0 ; (LHS = 0)
     
REMAINING 4 ENTRIES SKIPPED


---- dmsupply  =E=  Feed supply (constant + import + crop byproducts) (dry matter MT)

dmsupply(rice)..  dms(rice) =E= 0 ; (LHS = 0)
     
dmsupply(wheat)..  dms(wheat) =E= 0 ; (LHS = 0)
     
dmsupply(barley)..  dms(barley) =E= 0 ; (LHS = 0)
     
REMAINING 15 ENTRIES SKIPPED


---- distbal  =G=  Feed distribution balance

distbal(rice)..  - yfeed(dairycow,rice) - yfeed(dairyox,rice) - yfeed(heifer,rice) - yfeed(calves,rice) - yfeed(swine,rice) - yfeed(broiler,rice) - yfeed(layinghens,rice) + dms(rice) =G= 0 ; (LHS = 0)
     
distbal(wheat)..  - yfeed(dairycow,wheat) - yfeed(dairyox,wheat) - yfeed(heifer,wheat) - yfeed(calves,wheat) - yfeed(swine,wheat) - yfeed(broiler,wheat) - yfeed(layinghens,wheat) + dms(wheat) =G= 0 ; (LHS = 0)
     
distbal(barley)..  - yfeed(dairycow,barley) - yfeed(dairyox,barley) - yfeed(heifer,barley) - yfeed(calves,barley) - yfeed(swine,barley) - yfeed(broiler,barley) - yfeed(layinghens,barley) + dms(barley) =G= 0 ; (LHS = 0)
     
REMAINING 15 ENTRIES SKIPPED


---- bredbal  =L=  Livestock breeding balance

bredbal(dairycow)..  xlive(dairycow) =L= 2585100 ; (LHS = 0)
     
bredbal(dairyox)..  xlive(dairyox) =L= 713280 ; (LHS = 0)
     
bredbal(heifer)..  xlive(heifer) =L= 186900 ; (LHS = 0)
     
REMAINING 4 ENTRIES SKIPPED


---- nutpet_c  =E=  Potential nutrition supply (grams or kcal/capita)

nutpet_c(rice,calorie)..  - 0.312784753018778*xrlcrop(rice,Hokkaido,paddy_wet) - 0.319040448079153*xrlcrop(rice,Hokkaido,paddy_dry) - 0.312784753018778*xrlcrop(rice,Tohoku_Hokuriku,paddy_wet) - 0.319040448079153*xrlcrop(rice,Tohoku_Hokuriku,paddy_dry) - 0.312784753018778*xrlcrop(rice,Kanto_West,paddy_wet) - 0.319040448079153*xrlcrop(rice,Kanto_West,paddy_dry) - 0.312784753018778*xrlcrop(rice,Okinawa,paddy_wet) - 0.319040448079153*xrlcrop(rice,Okinawa,paddy_dry) + nnpotential_c(rice,calorie) =E= 0 ; (LHS = 0)
     
nutpet_c(rice,protein)..  - 0.00532957260730319*xrlcrop(rice,Hokkaido,paddy_wet) - 0.00543616405944926*xrlcrop(rice,Hokkaido,paddy_dry) - 0.00532957260730319*xrlcrop(rice,Tohoku_Hokuriku,paddy_wet) - 0.00543616405944926*xrlcrop(rice,Tohoku_Hokuriku,paddy_dry) - 0.00532957260730319*xrlcrop(rice,Kanto_West,paddy_wet) - 0.00543616405944926*xrlcrop(rice,Kanto_West,paddy_dry) - 0.00532957260730319*xrlcrop(rice,Okinawa,paddy_wet) - 0.00543616405944926*xrlcrop(rice,Okinawa,paddy_dry) + nnpotential_c(rice,protein) =E= 0 ; (LHS = 0)
     
nutpet_c(rice,fat)..  - 0.000786330384684078*xrlcrop(rice,Hokkaido,paddy_wet) - 0.000802056992377759*xrlcrop(rice,Hokkaido,paddy_dry) - 0.000786330384684078*xrlcrop(rice,Tohoku_Hokuriku,paddy_wet) - 0.000802056992377759*xrlcrop(rice,Tohoku_Hokuriku,paddy_dry) - 0.000786330384684078*xrlcrop(rice,Kanto_West,paddy_wet) - 0.000802056992377759*xrlcrop(rice,Kanto_West,paddy_dry) - 0.000786330384684078*xrlcrop(rice,Okinawa,paddy_wet) - 0.000802056992377759*xrlcrop(rice,Okinawa,paddy_dry) + nnpotential_c(rice,fat) =E= 0 ; (LHS = 0)
     
REMAINING 121 ENTRIES SKIPPED


---- nutpet_f  =E=  

nutpet_f(rice,calorie)..  nnpotential_f(rice,calorie) =E= 0 ; (LHS = 0)
     
nutpet_f(rice,protein)..  nnpotential_f(rice,protein) =E= 0 ; (LHS = 0)
     
nutpet_f(rice,fat)..  nnpotential_f(rice,fat) =E= 0 ; (LHS = 0)
     
REMAINING 121 ENTRIES SKIPPED


---- nutpet_l  =E=  

nutpet_l(beef,calorie)..  - 1.81875114534691E-6*xlive(dairycow) - 1.08460119258662E-5*xlive(dairyox) + nnpotential_l(beef,calorie) =E= 0 ; (LHS = 0)
     
nutpet_l(beef,protein)..  - 1.07394128068418E-7*xlive(dairycow) - 6.40438356164383E-7*xlive(dairyox) + nnpotential_l(beef,protein) =E= 0 ; (LHS = 0)
     
nutpet_l(beef,fat)..  - 1.44034477644702E-7*xlive(dairycow) - 8.58940854149878E-7*xlive(dairyox) + nnpotential_l(beef,fat) =E= 0 ; (LHS = 0)
     
REMAINING 17 ENTRIES SKIPPED


---- caloriebal  =E=  Calorie deficit (kcal/capita)

caloriebal..  5*nnpotential_c(rice,calorie) + 5*nnpotential_c(wheat,calorie) + 5*nnpotential_c(pwheat,calorie) + 5*nnpotential_c(barley,calorie) + 5*nnpotential_c(pbarley,calorie) + 5*nnpotential_c(naked,calorie) + 5*nnpotential_c(corn,calorie) + 5*nnpotential_c(sorghum,calorie) + 5*nnpotential_c(mis_grains,calorie) + 5*nnpotential_c(sweetp,calorie) + 5*nnpotential_c(psweetp,calorie) + 5*nnpotential_c(potato,calorie) + 5*nnpotential_c(ppotato,calorie) + 5*nnpotential_c(soy,calorie) + 5*nnpotential_c(psoy,calorie) + 5*nnpotential_c(mis_beans,calorie) + 5*nnpotential_c(veges,calorie) + 5*nnpotential_c(mandarin,calorie) + 5*nnpotential_c(apple,calorie) + 5*nnpotential_c(mis_fruits,calorie) + 5*nnpotential_c(scane,calorie) + 5*nnpotential_c(sbeat,calorie) + 5*nnpotential_c(rapeseed,calorie) + 5*nnpotential_c(fish,calorie) + 5*nnpotential_c(seaweed,calorie) + 5*nnpotential_c(starch,calorie) + 5*nnpotential_c(sugar,calorie) + 5*nnpotential_c(oil,calorie) + 5*nnpotential_c(miso,calorie) + 5*nnpotential_c(soysource,calorie) + 5*nnpotential_c(mis_foods,calorie) + 5*nnpotential_f(rice,calorie) + 5*nnpotential_f(wheat,calorie) + 5*nnpotential_f(pwheat,calorie) + 5*nnpotential_f(barley,calorie) + 5*nnpotential_f(pbarley,calorie) + 5*nnpotential_f(naked,calorie) + 5*nnpotential_f(corn,calorie) + 5*nnpotential_f(sorghum,calorie) + 5*nnpotential_f(mis_grains,calorie) + 5*nnpotential_f(sweetp,calorie) + 5*nnpotential_f(psweetp,calorie) + 5*nnpotential_f(potato,calorie) + 5*nnpotential_f(ppotato,calorie) + 5*nnpotential_f(soy,calorie) + 5*nnpotential_f(psoy,calorie) + 5*nnpotential_f(mis_beans,calorie) + 5*nnpotential_f(veges,calorie) + 5*nnpotential_f(mandarin,calorie) + 5*nnpotential_f(apple,calorie) + 5*nnpotential_f(mis_fruits,calorie) + 5*nnpotential_f(scane,calorie) + 5*nnpotential_f(sbeat,calorie) + 5*nnpotential_f(rapeseed,calorie) + 5*nnpotential_f(fish,calorie) + 5*nnpotential_f(seaweed,calorie) + 5*nnpotential_f(starch,calorie) + 5*nnpotential_f(sugar,calorie) + 5*nnpotential_f(oil,calorie) + 5*nnpotential_f(miso,calorie) + 5*nnpotential_f(soysource,calorie) + 5*nnpotential_f(mis_foods,calorie) + 31*nnpotential_l(beef,calorie) + 31*nnpotential_l(pork,calorie) + 31*nnpotential_l(chicken,calorie) + 31*nnpotential_l(egg,calorie) + 31*nnpotential_l(milk,calorie) + cdeficit =E= 2157.78551420568 ; (LHS = 0, INFES = 2157.78551420568 ****)
     

---- caloriebal_r  =E=  Calorie shortage rate

caloriebal_r..  - 0.00046343809123592*cdeficit + cshortrate =E= 0 ; (LHS = 0)
     

---- dietpet_c  =E=  Potential netfood supply (kcal/capita)

dietpet_c(rice)..  - 0.0873700427426753*xrlcrop(rice,Hokkaido,paddy_wet) - 0.0891174435975288*xrlcrop(rice,Hokkaido,paddy_dry) - 0.0873700427426753*xrlcrop(rice,Tohoku_Hokuriku,paddy_wet) - 0.0891174435975288*xrlcrop(rice,Tohoku_Hokuriku,paddy_dry) - 0.0873700427426753*xrlcrop(rice,Kanto_West,paddy_wet) - 0.0891174435975288*xrlcrop(rice,Kanto_West,paddy_dry) - 0.0873700427426753*xrlcrop(rice,Okinawa,paddy_wet) - 0.0891174435975288*xrlcrop(rice,Okinawa,paddy_dry) + dpotential_c(rice) =E= 0 ; (LHS = 0)
     
dietpet_c(wheat)..  - 0.058575731785397*xrlcrop(wheat,Hokkaido,field_rain) - 0.058575731785397*xrlcrop(wheat,Hokkaido,field_irr) - 0.058575731785397*xrlcrop(wheat,Tohoku_Hokuriku,field_rain) - 0.058575731785397*xrlcrop(wheat,Tohoku_Hokuriku,field_irr) - 0.058575731785397*xrlcrop(wheat,Kanto_West,field_rain) - 0.058575731785397*xrlcrop(wheat,Kanto_West,field_irr) - 0.058575731785397*xrlcrop(wheat,Okinawa,field_rain) - 0.058575731785397*xrlcrop(wheat,Okinawa,field_irr) + dpotential_c(wheat) =E= 0 ; (LHS = 0)
     
dietpet_c(pwheat)..  - 0.0626760330103747*xrlcrop(pwheat,Kanto_West,paddy_dry) - 0.0626760330103747*xrlcrop(pwheat,Okinawa,paddy_dry) + dpotential_c(pwheat) =E= 0 ; (LHS = 0)
     
REMAINING 28 ENTRIES SKIPPED


---- dietpet_f  =E=  

dietpet_f(rice)..  dpotential_f(rice) =E= 0 ; (LHS = 0)
     
dietpet_f(wheat)..  dpotential_f(wheat) =E= 0 ; (LHS = 0)
     
dietpet_f(pwheat)..  dpotential_f(pwheat) =E= 0 ; (LHS = 0)
     
REMAINING 28 ENTRIES SKIPPED


---- dietpet_l  =E=  

dietpet_l(beef)..  - 7.89662706385426E-7*xlive(dairycow) - 4.70910556003223E-6*xlive(dairyox) + dpotential_l(beef) =E= 0 ; (LHS = 0)
     
dietpet_l(pork)..  - 1.0774720847243E-6*xlive(swine) + dpotential_l(pork) =E= 0 ; (LHS = 0)
     
dietpet_l(chicken)..  - 2.88005613204185E-8*xlive(broiler) - 1.22827426177559E-8*xlive(layinghens) + dpotential_l(chicken) =E= 0 ; (LHS = 0)
     
REMAINING 2 ENTRIES SKIPPED


---- dietbal  =E=  Net food balance by fgroup (grams/capita)

dietbal(starch)..  dpotential_c(starch) + dpotential_f(starch) + delta(starch) =E= 42.9 ; (LHS = 0, INFES = 42.9 ****)
     
dietbal(sugar)..  dpotential_c(sugar) + dpotential_f(sugar) + delta(sugar) =E= 46.6 ; (LHS = 0, INFES = 46.6 ****)
     
dietbal(grain)..  dpotential_c(rice) + dpotential_c(wheat) + dpotential_c(pwheat) + dpotential_c(barley) + dpotential_c(pbarley) + dpotential_c(naked) + dpotential_c(mis_grains) + dpotential_f(rice) + dpotential_f(wheat) + dpotential_f(pwheat) + dpotential_f(barley) + dpotential_f(pbarley) + dpotential_f(naked) + dpotential_f(mis_grains) + delta(grain) =E= 316 ; (LHS = 0, INFES = 316 ****)
     
REMAINING 5 ENTRIES SKIPPED


---- dietbal_r  =E=  Net food shortage rate by fgroup

dietbal_r..  (0)*delta(starch) + (0)*delta(sugar) + (0)*delta(grain) + (0)*delta(tuber) + (0)*delta(pulse) + (0)*delta(veget) + (0)*delta(fruit) + (0)*delta(other) + deltasumsq =E= 0 ; (LHS = 0)
     

---- adietbal  =E=  

adietbal(meat)..  dpotential_l(beef) + dpotential_l(pork) + dpotential_l(chicken) + adelta(meat) =E= 92.7 ; (LHS = 0, INFES = 92.7 ****)
     
adietbal(egg_dairy)..  dpotential_l(egg) + dpotential_l(milk) + adelta(egg_dairy) =E= 303.7 ; (LHS = 0, INFES = 303.7 ****)
     

---- adietbal_r  =E=  

adietbal_r..  (0)*adelta(meat) + (0)*adelta(egg_dairy) + adeltasumsq =E= 0 ; (LHS = 0)
     

---- dif  =E=  Objective function evaluated as difference value

dif..  - delta(starch) - delta(sugar) - delta(grain) - delta(tuber) - delta(pulse) - delta(veget) - delta(fruit) - delta(other) - adelta(meat) - adelta(egg_dairy) + target =E= 0 ; (LHS = 0)
     
GAMS 32.2.0  rc62c018 Released Aug 26, 2020 WEX-WEI x86 64bit/MS Windows - 02/18/26 01:42:35 Page 18
Food Supply Simulation in Japan applying the SWISSfoodSys Model
Column Listing      SOLVE sol_dif Using NLP From line 783


---- xrlcrop  Cropping area (1000ha)

xrlcrop(rice,Hokkaido,paddy_wet)
                (.LO, .L, .UP, .M = 0, 0, +INF, 0)
        1       link(rice)
        1       landbal(jun,Hokkaido,paddy_wet)
        1       landbal(jul,Hokkaido,paddy_wet)
        1       landbal(aug,Hokkaido,paddy_wet)
        1       landbal(sep,Hokkaido,paddy_wet)
       -0.3128  nutpet_c(rice,calorie)
       -0.0053  nutpet_c(rice,protein)
       -0.0008  nutpet_c(rice,fat)
       -0.0711  nutpet_c(rice,carbonhydrate)
       -0.0188  nutpet_f(oil,calorie)
       -0.002   nutpet_f(oil,fat)
       -0.0874  dietpet_c(rice)
       -0.002   dietpet_f(oil)

xrlcrop(rice,Hokkaido,paddy_dry)
                (.LO, .L, .UP, .M = 0, 0, +INF, 0)
        1       link(rice)
        1       landbal(jun,Hokkaido,paddy_dry)
        1       landbal(jul,Hokkaido,paddy_dry)
        1       landbal(aug,Hokkaido,paddy_dry)
        1       landbal(sep,Hokkaido,paddy_dry)
       -0.319   nutpet_c(rice,calorie)
       -0.0054  nutpet_c(rice,protein)
       -0.0008  nutpet_c(rice,fat)
       -0.0725  nutpet_c(rice,carbonhydrate)
       -0.0192  nutpet_f(oil,calorie)
       -0.0021  nutpet_f(oil,fat)
       -0.0891  dietpet_c(rice)
       -0.0021  dietpet_f(oil)

xrlcrop(rice,Tohoku_Hokuriku,paddy_wet)
                (.LO, .L, .UP, .M = 0, 0, +INF, 0)
        1       link(rice)
        1       landbal(jun,Tohoku_Hokuriku,paddy_wet)
        1       landbal(jul,Tohoku_Hokuriku,paddy_wet)
        1       landbal(aug,Tohoku_Hokuriku,paddy_wet)
        1       landbal(sep,Tohoku_Hokuriku,paddy_wet)
        1       landbal(oct,Tohoku_Hokuriku,paddy_wet)
       -0.3128  nutpet_c(rice,calorie)
       -0.0053  nutpet_c(rice,protein)
       -0.0008  nutpet_c(rice,fat)
       -0.0711  nutpet_c(rice,carbonhydrate)
       -0.0188  nutpet_f(oil,calorie)
       -0.002   nutpet_f(oil,fat)
       -0.0874  dietpet_c(rice)
       -0.002   dietpet_f(oil)

REMAINING 93 ENTRIES SKIPPED

---- xcrop  Cropping area (1000ha)

xcrop(rice)
                (.LO, .L, .UP, .M = 0, 0, +INF, 0)
       -1       link(rice)
       -0.0002  labdemand_c
        1       areamax_y(rice)
    -4779.2     dmsupply(ricestraw)
     -342       dmsupply(ricebran)

xcrop(wheat)
                (.LO, .L, .UP, .M = 0, 0, +INF, 0)
       -1       link(wheat)
  -3.300000E-5  labdemand_c
        1       areamax_u(wheat)
        1       areamax_wheat
    -4686.5     dmsupply(wheatstraw)
     -835.2     dmsupply(wheatbran)

xcrop(pwheat)
                (.LO, .L, .UP, .M = 0, 0, +INF, 0)
       -1       link(pwheat)
  -3.300000E-5  labdemand_c
        1       areamax_y(pwheat)
        1       areamax_wheat
    -4686.5     dmsupply(wheatstraw)
     -835.2     dmsupply(wheatbran)

REMAINING 28 ENTRIES SKIPPED

---- xlive  Head of animal ls

xlive(dairycow)
                (.LO, .L, .UP, .M = 0, 0, +INF, 0)
  -1.230000E-7  labdemand_l
       -4.0544  tdndemand(dairycow)
        1       bredbal(dairycow)
  -1.818751E-6  nutpet_l(beef,calorie)
  -1.073941E-7  nutpet_l(beef,protein)
  -1.440345E-7  nutpet_l(beef,fat)
  -1.263460E-9  nutpet_l(beef,carbonhydrate)
  -4.520275E-5  nutpet_l(milk,calorie)
  -2.226404E-6  nutpet_l(milk,protein)
  -2.563738E-6  nutpet_l(milk,fat)
  -2.968539E-6  nutpet_l(milk,carbonhydrate)
  -7.896627E-7  dietpet_l(beef)
  -8.433348E-5  dietpet_l(milk)

xlive(dairyox)
                (.LO, .L, .UP, .M = 0, 0, +INF, 0)
  -4.400000E-8  labdemand_l
       -3.2435  tdndemand(dairyox)
        1       bredbal(dairyox)
  -1.084601E-5  nutpet_l(beef,calorie)
  -6.404384E-7  nutpet_l(beef,protein)
  -8.589409E-7  nutpet_l(beef,fat)
  -7.534569E-9  nutpet_l(beef,carbonhydrate)
  -4.709106E-6  dietpet_l(beef)

xlive(heifer)
                (.LO, .L, .UP, .M = 0, 0, +INF, 0)
  -4.400000E-8  labdemand_l
       -2.6354  tdndemand(heifer)
        1       bredbal(heifer)

REMAINING 4 ENTRIES SKIPPED

---- yfeed  Distribution of feed j to animal ls (MT)

yfeed(dairycow,rice)
                (.LO, .L, .UP, .M = 0, 0, +INF, 0)
       -0.813   tdnsupply(dairycow)
       -1       distbal(rice)

yfeed(dairycow,wheat)
                (.LO, .L, .UP, .M = 0, 0, +INF, 0)
       -0.813   tdnsupply(dairycow)
       -1       distbal(wheat)

yfeed(dairycow,barley)
                (.LO, .L, .UP, .M = 0, 0, +INF, 0)
       -0.741   tdnsupply(dairycow)
       -1       distbal(barley)

REMAINING 123 ENTRIES SKIPPED

---- labd_c  Labor demand by crop      (bil. h)

labd_c
                (.LO, .L, .UP, .M = -INF, 0, +INF, 0)
        1       labdemand_c
        1       labbal


---- labd_ls  Labor demand by livestock (bil. h)

labd_ls
                (.LO, .L, .UP, .M = -INF, 0, +INF, 0)
        1       labdemand_l
        1       labbal


---- tdnd  TDN demand by livestock (MT)

tdnd(dairycow)
                (.LO, .L, .UP, .M = -INF, 0, +INF, 0)
        1       tdndemand(dairycow)
        1       tdnbal(dairycow)

tdnd(dairyox)
                (.LO, .L, .UP, .M = -INF, 0, +INF, 0)
        1       tdndemand(dairyox)
        1       tdnbal(dairyox)

tdnd(heifer)
                (.LO, .L, .UP, .M = -INF, 0, +INF, 0)
        1       tdndemand(heifer)
        1       tdnbal(heifer)

REMAINING 4 ENTRIES SKIPPED

---- tdns  TDN supply to livestock (MT)

tdns(dairycow)
                (.LO, .L, .UP, .M = -INF, 0, +INF, 0)
        1       tdnsupply(dairycow)
       -1       tdnbal(dairycow)

tdns(dairyox)
                (.LO, .L, .UP, .M = -INF, 0, +INF, 0)
        1       tdnsupply(dairyox)
       -1       tdnbal(dairyox)

tdns(heifer)
                (.LO, .L, .UP, .M = -INF, 0, +INF, 0)
        1       tdnsupply(heifer)
       -1       tdnbal(heifer)

REMAINING 4 ENTRIES SKIPPED

---- dms  DM supply               (MT)

dms(rice)
                (.LO, .L, .UP, .M = -INF, 0, +INF, 0)
        1       dmsupply(rice)
        1       distbal(rice)

dms(wheat)
                (.LO, .L, .UP, .M = -INF, 0, +INF, 0)
        1       dmsupply(wheat)
        1       distbal(wheat)

dms(barley)
                (.LO, .L, .UP, .M = -INF, 0, +INF, 0)
        1       dmsupply(barley)
        1       distbal(barley)

REMAINING 15 ENTRIES SKIPPED

---- nnpotential_c  Potential nutrition intake from crops (kcal or grams/capita)

nnpotential_c(rice,calorie)
                (.LO, .L, .UP, .M = -INF, 0, +INF, 0)
        1       nutpet_c(rice,calorie)
        5       caloriebal

nnpotential_c(rice,protein)
                (.LO, .L, .UP, .M = -INF, 0, +INF, 0)
        1       nutpet_c(rice,protein)

nnpotential_c(rice,fat)
                (.LO, .L, .UP, .M = -INF, 0, +INF, 0)
        1       nutpet_c(rice,fat)

REMAINING 121 ENTRIES SKIPPED

---- nnpotential_f  Potential nutrition intake from processed foods (kcal or grams/capita)

nnpotential_f(rice,calorie)
                (.LO, .L, .UP, .M = -INF, 0, +INF, 0)
        1       nutpet_f(rice,calorie)
        5       caloriebal

nnpotential_f(rice,protein)
                (.LO, .L, .UP, .M = -INF, 0, +INF, 0)
        1       nutpet_f(rice,protein)

nnpotential_f(rice,fat)
                (.LO, .L, .UP, .M = -INF, 0, +INF, 0)
        1       nutpet_f(rice,fat)

REMAINING 121 ENTRIES SKIPPED

---- nnpotential_l  Potential nutrition intake from animal products (kcal or grams/capita)

nnpotential_l(beef,calorie)
                (.LO, .L, .UP, .M = -INF, 0, +INF, 0)
        1       nutpet_l(beef,calorie)
       31       caloriebal

nnpotential_l(beef,protein)
                (.LO, .L, .UP, .M = -INF, 0, +INF, 0)
        1       nutpet_l(beef,protein)

nnpotential_l(beef,fat)
                (.LO, .L, .UP, .M = -INF, 0, +INF, 0)
        1       nutpet_l(beef,fat)

REMAINING 17 ENTRIES SKIPPED

---- cdeficit  Calorie deficit (kcal/capita)

cdeficit
                (.LO, .L, .UP, .M = -INF, 0, +INF, 0)
        1       caloriebal
       -0.0005  caloriebal_r


---- cshortrate  Calorie shortage rate

cshortrate
                (.LO, .L, .UP, .M = -INF, 0, +INF, 0)
        1       caloriebal_r


---- dpotential_c  Potential netfood intake from crops (grams/capita)

dpotential_c(rice)
                (.LO, .L, .UP, .M = -INF, 0, +INF, 0)
        1       dietpet_c(rice)
        1       dietbal(grain)

dpotential_c(wheat)
                (.LO, .L, .UP, .M = -INF, 0, +INF, 0)
        1       dietpet_c(wheat)
        1       dietbal(grain)

dpotential_c(pwheat)
                (.LO, .L, .UP, .M = -INF, 0, +INF, 0)
        1       dietpet_c(pwheat)
        1       dietbal(grain)

REMAINING 28 ENTRIES SKIPPED

---- dpotential_f  Potential netfood intake from processed foods (grams/capita)

dpotential_f(rice)
                (.LO, .L, .UP, .M = -INF, 0, +INF, 0)
        1       dietpet_f(rice)
        1       dietbal(grain)

dpotential_f(wheat)
                (.LO, .L, .UP, .M = -INF, 0, +INF, 0)
        1       dietpet_f(wheat)
        1       dietbal(grain)

dpotential_f(pwheat)
                (.LO, .L, .UP, .M = -INF, 0, +INF, 0)
        1       dietpet_f(pwheat)
        1       dietbal(grain)

REMAINING 28 ENTRIES SKIPPED

---- dpotential_l  Potential netfood intake from animal products (grams/capita)

dpotential_l(beef)
                (.LO, .L, .UP, .M = -INF, 0, +INF, 0)
        1       dietpet_l(beef)
        1       adietbal(meat)

dpotential_l(pork)
                (.LO, .L, .UP, .M = -INF, 0, +INF, 0)
        1       dietpet_l(pork)
        1       adietbal(meat)

dpotential_l(chicken)
                (.LO, .L, .UP, .M = -INF, 0, +INF, 0)
        1       dietpet_l(chicken)
        1       adietbal(meat)

REMAINING 2 ENTRIES SKIPPED

---- delta  Net food intake change (grams/capita)

delta(starch)
                (.LO, .L, .UP, .M = -INF, 0, +INF, 0)
        1       dietbal(starch)
       (0)      dietbal_r
       -1       dif

delta(sugar)
                (.LO, .L, .UP, .M = -INF, 0, +INF, 0)
        1       dietbal(sugar)
       (0)      dietbal_r
       -1       dif

delta(grain)
                (.LO, .L, .UP, .M = -INF, 0, +INF, 0)
        1       dietbal(grain)
       (0)      dietbal_r
       -1       dif

REMAINING 5 ENTRIES SKIPPED

---- deltasumsq  Sum of squared net food intake change rate (crop group)

deltasumsq
                (.LO, .L, .UP, .M = -INF, 0, +INF, 0)
        1       dietbal_r


---- adelta  Net food intake change (grams/capita)

adelta(meat)
                (.LO, .L, .UP, .M = -INF, 0, +INF, 0)
        1       adietbal(meat)
       (0)      adietbal_r
       -1       dif

adelta(egg_dairy)
                (.LO, .L, .UP, .M = -INF, 0, +INF, 0)
        1       adietbal(egg_dairy)
       (0)      adietbal_r
       -1       dif


---- adeltasumsq  Sum of squared net food intake change rate (animal product group)

adeltasumsq
                (.LO, .L, .UP, .M = -INF, 0, +INF, 0)
        1       adietbal_r


---- target  Weighted average of calorie deficit and net food balance

target
                (.LO, .L, .UP, .M = -INF, 0, +INF, 0)
        1       dif

GAMS 32.2.0  rc62c018 Released Aug 26, 2020 WEX-WEI x86 64bit/MS Windows - 02/18/26 01:42:35 Page 19
Food Supply Simulation in Japan applying the SWISSfoodSys Model
Model Statistics    SOLVE sol_dif Using NLP From line 783


MODEL STATISTICS

BLOCKS OF EQUATIONS          34     SINGLE EQUATIONS          690
BLOCKS OF VARIABLES          22     SINGLE VARIABLES          644
NON ZERO ELEMENTS         2,332     NON LINEAR N-Z             10
DERIVATIVE POOL              20     CONSTANT POOL              26
CODE LENGTH                  44


GENERATION TIME      =        0.000 SECONDS      4 MB  32.2.0 rc62c018 WEX-WEI
GAMS 32.2.0  rc62c018 Released Aug 26, 2020 WEX-WEI x86 64bit/MS Windows - 02/18/26 01:42:35 Page 20
Food Supply Simulation in Japan applying the SWISSfoodSys Model
Solution Report     SOLVE sol_dif Using NLP From line 783


               S O L V E      S U M M A R Y

     MODEL   sol_dif             OBJECTIVE  target
     TYPE    NLP                 DIRECTION  MINIMIZE
     SOLVER  CONOPT              FROM LINE  783

**** SOLVER STATUS     1 Normal Completion         
**** MODEL STATUS      2 Locally Optimal           
**** OBJECTIVE VALUE              181.2559

 RESOURCE USAGE, LIMIT          0.000 10000000000.000
 ITERATION COUNT, LIMIT        11    2147483647
 EVALUATION ERRORS              0             0
CONOPT 3         32.2.0 rc62c018 Released Aug 26, 2020 WEI x86 64bit/MS Window
*** This solver runs with a community license.
 
 
    C O N O P T 3   version 3.17L
    Copyright (C)   ARKI Consulting and Development A/S
                    Bagsvaerdvej 246 A
                    DK-2880 Bagsvaerd, Denmark
 
 
    The model has 644 variables and 690 constraints
    with 2332 Jacobian elements, 10 of which are nonlinear.
    The Hessian of the Lagrangian has 10 elements on the diagonal,
    0 elements below the diagonal, and 10 nonlinear variables.
 
                   Pre-triangular equations:   216
                   Post-triangular equations:  150
                   Definitional equations:     49
 
 
 ** Optimal solution. Reduced gradient less than tolerance.
 
 
 CONOPT time Total                            0.002 seconds
   of which: Function evaluations             0.000 =  0.0%
             1st Derivative evaluations       0.000 =  0.0%
 

---- EQU link  xrlcrop to xcrop link by summation

                  LOWER          LEVEL          UPPER         MARGINAL

rice                .              .              .             0.0294      
wheat               .              .              .            -0.0189      
pwheat              .              .              .            -0.0189      
barley              .              .              .            -0.0015      
pbarley             .              .              .             0.0425      
naked               .              .              .             0.0128      
corn                .              .              .             EPS         
sorghum             .              .              .             EPS         
mis_grains          .              .              .            -0.0015      
sweetp              .              .              .            -0.2507      
psweetp             .              .              .            -0.2377      
potato              .              .              .            -0.5267      
ppotato             .              .              .            -0.4479      
soy                 .              .              .             0.0134      
psoy                .              .              .             0.0134      
mis_beans           .              .              .             0.0087      
veges               .              .              .            -0.3912      
mandarin            .              .              .            -0.2621      
apple               .              .              .            -0.3515      
mis_fruits          .              .              .            -0.1183      
scane               .              .              .             0.0045      
sbeat               .              .              .            -0.1708      
rapeseed            .              .              .             0.0225      
fish                .              .              .             EPS         
seaweed             .              .              .             EPS         
starch              .              .              .             EPS         
sugar               .              .              .             EPS         
oil                 .              .              .             EPS         
miso                .              .              .             EPS         
soysource           .              .              .             EPS         
mis_foods           .              .              .             EPS         

---- EQU landbal  Monthly land balance on each land type (1000ha)

                                      LOWER          LEVEL          UPPER         MARGINAL

jan.Hokkaido       .field_rain        -INF          129.2753       191.6048          .          
jan.Hokkaido       .field_irr         -INF             .           227.0952          .          
jan.Hokkaido       .orchard           -INF            3.0500         3.0500         EPS         
jan.Tohoku_Hokuriku.paddy_dry         -INF          424.3040       424.3040          .          
jan.Tohoku_Hokuriku.field_rain        -INF          121.5826       121.5826          .          
jan.Tohoku_Hokuriku.field_irr         -INF           31.6274        31.6274          .          
jan.Tohoku_Hokuriku.orchard           -INF           49.2500        49.2500         EPS         
jan.Kanto_West     .paddy_dry         -INF          539.5510       539.5510        -0.0437      
jan.Kanto_West     .field_rain        -INF          318.5859       318.5859          .          
jan.Kanto_West     .field_irr         -INF          209.0291       209.0291          .          
jan.Kanto_West     .orchard           -INF           89.2477       199.4000          .          
jan.Okinawa        .paddy_dry         -INF            0.3617         0.3617        -0.0437      
jan.Okinawa        .field_rain        -INF            5.2300         5.2300          .          
jan.Okinawa        .field_irr         -INF           22.4040        22.4040        -0.0396      
jan.Okinawa        .orchard           -INF            1.8800         1.8800         EPS         
feb.Hokkaido       .field_rain        -INF          129.2753       191.6048          .          
feb.Hokkaido       .field_irr         -INF             .           227.0952          .          
feb.Hokkaido       .orchard           -INF            3.0500         3.0500          .          
feb.Tohoku_Hokuriku.paddy_dry         -INF          424.3040       424.3040          .          
feb.Tohoku_Hokuriku.field_rain        -INF          121.5826       121.5826          .          
feb.Tohoku_Hokuriku.field_irr         -INF           31.6274        31.6274          .          
feb.Tohoku_Hokuriku.orchard           -INF           49.2500        49.2500          .          
feb.Kanto_West     .paddy_dry         -INF          539.5510       539.5510          .          
feb.Kanto_West     .field_rain        -INF          318.5859       318.5859          .          
feb.Kanto_West     .field_irr         -INF          209.0291       209.0291          .          
feb.Kanto_West     .orchard           -INF           89.2477       199.4000          .          
feb.Okinawa        .paddy_dry         -INF            0.3617         0.3617          .          
feb.Okinawa        .field_rain        -INF            5.2300         5.2300          .          
feb.Okinawa        .field_irr         -INF           22.4040        22.4040          .          
feb.Okinawa        .orchard           -INF            1.8800         1.8800          .          
mar.Hokkaido       .field_rain        -INF          129.2753       191.6048          .          
mar.Hokkaido       .field_irr         -INF             .           227.0952          .          
mar.Hokkaido       .orchard           -INF            3.0500         3.0500          .          
mar.Tohoku_Hokuriku.paddy_dry         -INF          424.3040       424.3040          .          
mar.Tohoku_Hokuriku.field_rain        -INF          121.5826       121.5826          .          
mar.Tohoku_Hokuriku.field_irr         -INF           31.6274        31.6274          .          
mar.Tohoku_Hokuriku.orchard           -INF           49.2500        49.2500          .          
mar.Kanto_West     .paddy_dry         -INF          539.5510       539.5510          .          
mar.Kanto_West     .field_rain        -INF          318.5859       318.5859          .          
mar.Kanto_West     .field_irr         -INF          209.0291       209.0291          .          
mar.Kanto_West     .orchard           -INF           89.2477       199.4000          .          
mar.Okinawa        .paddy_dry         -INF            0.3617         0.3617          .          
mar.Okinawa        .field_rain        -INF            5.2300         5.2300          .          
mar.Okinawa        .field_irr         -INF           22.4040        22.4040          .          
mar.Okinawa        .orchard           -INF            1.8800         1.8800          .          
apr.Hokkaido       .paddy_dry         -INF             .           151.3442          .          
apr.Hokkaido       .field_rain        -INF          129.2753       191.6048          .          
apr.Hokkaido       .field_irr         -INF          214.2000       227.0952          .          
apr.Hokkaido       .orchard           -INF            3.0500         3.0500          .          
apr.Tohoku_Hokuriku.paddy_dry         -INF          424.3040       424.3040          .          
apr.Tohoku_Hokuriku.field_rain        -INF          121.5826       121.5826          .          
apr.Tohoku_Hokuriku.field_irr         -INF           31.6274        31.6274          .          
apr.Tohoku_Hokuriku.orchard           -INF           49.2500        49.2500          .          
apr.Kanto_West     .paddy_dry         -INF          539.5510       539.5510          .          
apr.Kanto_West     .field_rain        -INF          318.5859       318.5859          .          
apr.Kanto_West     .field_irr         -INF          209.0291       209.0291          .          
apr.Kanto_West     .orchard           -INF           89.2477       199.4000          .          
apr.Okinawa        .paddy_dry         -INF            0.3617         0.3617          .          
apr.Okinawa        .field_rain        -INF            5.2300         5.2300          .          
apr.Okinawa        .field_irr         -INF           22.4040        22.4040          .          
apr.Okinawa        .orchard           -INF            1.8800         1.8800          .          
may.Hokkaido       .paddy_dry         -INF             .           151.3442          .          
may.Hokkaido       .field_rain        -INF          191.6048       191.6048        -0.0396      
may.Hokkaido       .field_irr         -INF          227.0952       227.0952          .          
may.Hokkaido       .orchard           -INF            3.0500         3.0500          .          
may.Hokkaido       .pasture           -INF             .           498.1000          .          
may.Tohoku_Hokuriku.paddy_dry         -INF          424.3040       424.3040          .          
may.Tohoku_Hokuriku.field_rain        -INF          121.5826       121.5826        -0.0396      
may.Tohoku_Hokuriku.field_irr         -INF           31.6274        31.6274        -0.0396      
may.Tohoku_Hokuriku.orchard           -INF           49.2500        49.2500          .          
may.Kanto_West     .paddy_dry         -INF          539.5510       539.5510          .          
may.Kanto_West     .field_rain        -INF          318.5859       318.5859        -0.0396      
may.Kanto_West     .field_irr         -INF          209.0291       209.0291        -0.0568      
may.Kanto_West     .orchard           -INF           89.2477       199.4000          .          
may.Okinawa        .paddy_dry         -INF            0.3617         0.3617          .          
may.Okinawa        .field_rain        -INF            5.2300         5.2300        -0.0396      
may.Okinawa        .field_irr         -INF           22.4040        22.4040          .          
may.Okinawa        .orchard           -INF            1.8800         1.8800          .          
jun.Hokkaido       .paddy_wet         -INF           70.2518        70.2518        -0.1188      
jun.Hokkaido       .paddy_dry         -INF          151.3442       151.3442        -0.1206      
jun.Hokkaido       .field_rain        -INF          191.6048       191.6048          .          
jun.Hokkaido       .field_irr         -INF          227.0952       227.0952        -0.0417      
jun.Hokkaido       .orchard           -INF            3.0500         3.0500          .          
jun.Hokkaido       .pasture           -INF             .           498.1000          .          
jun.Tohoku_Hokuriku.paddy_wet         -INF          436.7330       436.7330        -0.1188      
jun.Tohoku_Hokuriku.paddy_dry         -INF          424.3040       424.3040        -0.1644      
jun.Tohoku_Hokuriku.field_rain        -INF          121.5826       121.5826        -0.0608      
jun.Tohoku_Hokuriku.field_irr         -INF           31.6274        31.6274        -0.1247      
jun.Tohoku_Hokuriku.orchard           -INF           49.2500        49.2500          .          
jun.Kanto_West     .paddy_wet         -INF          718.9330       718.9330          .          
jun.Kanto_West     .paddy_dry         -INF          539.5510       539.5510          .          
jun.Kanto_West     .field_rain        -INF          318.5859       318.5859        -0.0608      
jun.Kanto_West     .field_irr         -INF          209.0291       209.0291        -0.1075      
jun.Kanto_West     .orchard           -INF           89.2477       199.4000          .          
jun.Okinawa        .paddy_wet         -INF            0.3893         0.3893        -0.1188      
jun.Okinawa        .paddy_dry         -INF            0.3617         0.3617        -0.1206      
jun.Okinawa        .field_rain        -INF            5.2300         5.2300        -0.0851      
jun.Okinawa        .field_irr         -INF           22.4040        22.4040        -0.1247      
jun.Okinawa        .orchard           -INF            1.8800         1.8800          .          
jul.Hokkaido       .paddy_wet         -INF           70.2518        70.2518          .          
jul.Hokkaido       .paddy_dry         -INF          151.3442       151.3442          .          
jul.Hokkaido       .field_rain        -INF          191.6048       191.6048          .          
jul.Hokkaido       .field_irr         -INF          227.0952       227.0952          .          
jul.Hokkaido       .orchard           -INF            3.0500         3.0500          .          
jul.Hokkaido       .pasture           -INF             .           498.1000          .          
jul.Tohoku_Hokuriku.paddy_wet         -INF          436.7330       436.7330          .          
jul.Tohoku_Hokuriku.paddy_dry         -INF          424.3040       424.3040          .          
jul.Tohoku_Hokuriku.field_rain        -INF          121.5826       121.5826          .          
jul.Tohoku_Hokuriku.field_irr         -INF           31.6274        31.6274          .          
jul.Tohoku_Hokuriku.orchard           -INF           49.2500        49.2500          .          
jul.Kanto_West     .paddy_wet         -INF          718.9330       718.9330          .          
jul.Kanto_West     .paddy_dry         -INF          539.5510       539.5510        -0.1206      
jul.Kanto_West     .field_rain        -INF          318.5859       318.5859          .          
jul.Kanto_West     .field_irr         -INF          209.0291       209.0291          .          
jul.Kanto_West     .orchard           -INF           89.2477       199.4000          .          
jul.Okinawa        .paddy_wet         -INF            0.3893         0.3893          .          
jul.Okinawa        .paddy_dry         -INF            0.3617         0.3617          .          
jul.Okinawa        .field_rain        -INF            5.2300         5.2300          .          
jul.Okinawa        .field_irr         -INF           22.4040        22.4040          .          
jul.Okinawa        .orchard           -INF            1.8800         1.8800          .          
aug.Hokkaido       .paddy_wet         -INF           70.2518        70.2518          .          
aug.Hokkaido       .paddy_dry         -INF          151.3442       151.3442          .          
aug.Hokkaido       .field_rain        -INF           62.3295       191.6048          .          
aug.Hokkaido       .field_irr         -INF          227.0952       227.0952          .          
aug.Hokkaido       .orchard           -INF            3.0500         3.0500          .          
aug.Hokkaido       .pasture           -INF             .           498.1000          .          
aug.Tohoku_Hokuriku.paddy_wet         -INF          436.7330       436.7330          .          
aug.Tohoku_Hokuriku.paddy_dry         -INF          424.3040       424.3040          .          
aug.Tohoku_Hokuriku.field_rain        -INF          121.5826       121.5826          .          
aug.Tohoku_Hokuriku.field_irr         -INF           31.6274        31.6274          .          
aug.Tohoku_Hokuriku.orchard           -INF           49.2500        49.2500          .          
aug.Kanto_West     .paddy_wet         -INF          718.9330       718.9330          .          
aug.Kanto_West     .paddy_dry         -INF          539.5510       539.5510          .          
aug.Kanto_West     .field_rain        -INF          318.5859       318.5859          .          
aug.Kanto_West     .field_irr         -INF          209.0291       209.0291          .          
aug.Kanto_West     .orchard           -INF           89.2477       199.4000          .          
aug.Okinawa        .paddy_wet         -INF            0.3893         0.3893          .          
aug.Okinawa        .paddy_dry         -INF            0.3617         0.3617          .          
aug.Okinawa        .field_rain        -INF            5.2300         5.2300          .          
aug.Okinawa        .field_irr         -INF           22.4040        22.4040          .          
aug.Okinawa        .orchard           -INF            1.8800         1.8800          .          
sep.Hokkaido       .paddy_wet         -INF           70.2518        70.2518          .          
sep.Hokkaido       .paddy_dry         -INF          151.3442       151.3442          .          
sep.Hokkaido       .field_rain        -INF          191.6048       191.6048          .          
sep.Hokkaido       .field_irr         -INF          227.0952       227.0952          .          
sep.Hokkaido       .orchard           -INF            3.0500         3.0500          .          
sep.Hokkaido       .pasture           -INF             .           498.1000          .          
sep.Tohoku_Hokuriku.paddy_wet         -INF          436.7330       436.7330          .          
sep.Tohoku_Hokuriku.paddy_dry         -INF          424.3040       424.3040          .          
sep.Tohoku_Hokuriku.field_rain        -INF          121.5826       121.5826          .          
sep.Tohoku_Hokuriku.field_irr         -INF           31.6274        31.6274          .          
sep.Tohoku_Hokuriku.orchard           -INF           49.2500        49.2500          .          
sep.Kanto_West     .paddy_wet         -INF          718.9330       718.9330          .          
sep.Kanto_West     .paddy_dry         -INF          539.5510       539.5510          .          
sep.Kanto_West     .field_rain        -INF          318.5859       318.5859          .          
sep.Kanto_West     .field_irr         -INF          209.0291       209.0291          .          
sep.Kanto_West     .orchard           -INF           89.2477       199.4000          .          
sep.Okinawa        .paddy_wet         -INF            0.3893         0.3893          .          
sep.Okinawa        .paddy_dry         -INF            0.3617         0.3617          .          
sep.Okinawa        .field_rain        -INF            5.2300         5.2300          .          
sep.Okinawa        .field_irr         -INF           22.4040        22.4040          .          
sep.Okinawa        .orchard           -INF            1.8800         1.8800          .          
oct.Hokkaido       .paddy_dry         -INF             .           151.3442          .          
oct.Hokkaido       .field_rain        -INF          191.6048       191.6048          .          
oct.Hokkaido       .field_irr         -INF          227.0952       227.0952          .          
oct.Hokkaido       .orchard           -INF            3.0500         3.0500          .          
oct.Hokkaido       .pasture           -INF             .           498.1000          .          
oct.Tohoku_Hokuriku.paddy_wet         -INF          436.7330       436.7330          .          
oct.Tohoku_Hokuriku.paddy_dry         -INF          424.3040       424.3040          .          
oct.Tohoku_Hokuriku.field_rain        -INF          121.5826       121.5826          .          
oct.Tohoku_Hokuriku.field_irr         -INF           31.6274        31.6274          .          
oct.Tohoku_Hokuriku.orchard           -INF           49.2500        49.2500          .          
oct.Kanto_West     .paddy_wet         -INF          718.9330       718.9330        -0.1188      
oct.Kanto_West     .paddy_dry         -INF          539.5510       539.5510          .          
oct.Kanto_West     .field_rain        -INF          318.5859       318.5859          .          
oct.Kanto_West     .field_irr         -INF          209.0291       209.0291          .          
oct.Kanto_West     .orchard           -INF           89.2477       199.4000          .          
oct.Okinawa        .paddy_wet         -INF            0.3893         0.3893          .          
oct.Okinawa        .paddy_dry         -INF            0.3617         0.3617          .          
oct.Okinawa        .field_rain        -INF            5.2300         5.2300          .          
oct.Okinawa        .field_irr         -INF           22.4040        22.4040          .          
oct.Okinawa        .orchard           -INF            1.8800         1.8800          .          
nov.Hokkaido       .field_rain        -INF          129.2753       191.6048          .          
nov.Hokkaido       .field_irr         -INF             .           227.0952          .          
nov.Hokkaido       .orchard           -INF            3.0500         3.0500          .          
nov.Tohoku_Hokuriku.paddy_dry         -INF          424.3040       424.3040          .          
nov.Tohoku_Hokuriku.field_rain        -INF          121.5826       121.5826          .          
nov.Tohoku_Hokuriku.field_irr         -INF           31.6274        31.6274          .          
nov.Tohoku_Hokuriku.orchard           -INF           49.2500        49.2500          .          
nov.Kanto_West     .paddy_dry         -INF          539.5510       539.5510          .          
nov.Kanto_West     .field_rain        -INF          318.5859       318.5859          .          
nov.Kanto_West     .field_irr         -INF          209.0291       209.0291          .          
nov.Kanto_West     .orchard           -INF           89.2477       199.4000          .          
nov.Okinawa        .paddy_dry         -INF            0.3617         0.3617          .          
nov.Okinawa        .field_rain        -INF            5.2300         5.2300          .          
nov.Okinawa        .field_irr         -INF           22.4040        22.4040          .          
nov.Okinawa        .orchard           -INF            1.8800         1.8800          .          
dec.Hokkaido       .field_rain        -INF          129.2753       191.6048          .          
dec.Hokkaido       .field_irr         -INF             .           227.0952          .          
dec.Hokkaido       .orchard           -INF            3.0500         3.0500          .          
dec.Tohoku_Hokuriku.paddy_dry         -INF          424.3040       424.3040          .          
dec.Tohoku_Hokuriku.field_rain        -INF          121.5826       121.5826          .          
dec.Tohoku_Hokuriku.field_irr         -INF           31.6274        31.6274          .          
dec.Tohoku_Hokuriku.orchard           -INF           49.2500        49.2500          .          
dec.Kanto_West     .paddy_dry         -INF          539.5510       539.5510          .          
dec.Kanto_West     .field_rain        -INF          318.5859       318.5859          .          
dec.Kanto_West     .field_irr         -INF          209.0291       209.0291          .          
dec.Kanto_West     .orchard           -INF           89.2477       199.4000          .          
dec.Okinawa        .paddy_dry         -INF            0.3617         0.3617          .          
dec.Okinawa        .field_rain        -INF            5.2300         5.2300          .          
dec.Okinawa        .field_irr         -INF           22.4040        22.4040          .          
dec.Okinawa        .orchard           -INF            1.8800         1.8800          .          

---- EQU areamax_o  Area upper bound on orchard       (1000ha)

                  LOWER          LEVEL          UPPER         MARGINAL

mandarin          -INF           36.2000        36.2000        -0.1438      
apple             -INF           35.1000        35.1000        -0.2331      
mis_fruits        -INF           72.1277        94.7480          .          

---- EQU areamax_l  Area upper bound on local crops   (1000ha)

             LOWER          LEVEL          UPPER         MARGINAL

scane        -INF           23.2000        23.2000        -0.0231      
sbeat        -INF           55.4000        55.4000        -0.1920      

                           LOWER          LEVEL          UPPER         MARGINAL

---- EQU labdemand~          .              .              .            44.3161      
---- EQU labdemand~          .              .              .            44.3161      
---- EQU labbal            -INF            2.9600         2.9600       -44.3161      

  labdemand_c  Total labor demand by crop      (bil. hour)
  labdemand_l  Total labor demand by livestock (bil. hour)
  labbal  Total labor balance             (bil. hour)

---- EQU areamax_y  Area upper bound on paddy crops   (1000ha)

               LOWER          LEVEL          UPPER         MARGINAL

rice           -INF         1833.3760      4689.0000          .          
pwheat         -INF          455.7247       681.9000          .          
pbarley        -INF             .           172.2000          .          
psweetp        -INF             .            96.9000          .          
ppotato        -INF             .           214.2000          .          
psoy           -INF             .           454.8000          .          

---- EQU areamax_u  Area upper bound on upland crops  (1000ha)

                  LOWER          LEVEL          UPPER         MARGINAL

wheat             -INF          226.1753       681.9000          .          
barley            -INF      2.842171E-14       172.2000          .          
naked             -INF             .            17.6100          .          
mis_grains        -INF             .           197.3392          .          
sweetp            -INF           96.9000        96.9000          .          
potato            -INF          214.2000       214.2000          .          
soy               -INF           19.8247       454.8000          .          
mis_beans         -INF             .           105.8700          .          
veges             -INF         1096.8510      1096.8510        -0.3189      
scane             -INF           23.2000        69.6000          .          
sbeat             -INF           55.4000       166.2000          .          
rapeseed          -INF             .             5.2200          .          

---- EQU areamax_p  Area upper bound on pasture crops (1000ha)

               LOWER          LEVEL          UPPER         MARGINAL

corn           -INF             .             0.3000          .          
sorghum        -INF             .             0.0453          .          

                           LOWER          LEVEL          UPPER         MARGINAL

---- EQU areamax_w~        -INF          681.9000       681.9000        -0.0628      
---- EQU areamax_b~        -INF      2.842171E-14       172.2000          .          
---- EQU areamax_s~        -INF           96.9000        96.9000        -0.2238      
---- EQU areamax_p~        -INF          214.2000       214.2000        -0.5330      
---- EQU areamax_s~        -INF           19.8247       454.8000          .          

  areamax_wheat  Area upper bound on wheat and pwheat (1000ha)
  areamax_barley                      barley and pbarley
  areamax_sweetp                      sweetp and psweetp
  areamax_potato                      potato and ppotato
  areamax_soy                      soy and psoy

---- EQU tdndemand  TDN demand by animal ls

                  LOWER          LEVEL          UPPER         MARGINAL

dairycow            .              .              .       1.9650814E-5      
dairyox             .              .              .       1.9650814E-5      
heifer              .              .              .       1.9650814E-5      
calves              .              .              .       1.9650814E-5      
swine               .              .              .       1.4113889E-5      
broiler             .              .              .       1.4113889E-5      
layinghens          .              .              .       1.4113889E-5      

---- EQU tdnsupply  TDN supply for animal ls by feed fe

                  LOWER          LEVEL          UPPER         MARGINAL

dairycow            .              .              .       -1.965081E-5      
dairyox             .              .              .       -1.965081E-5      
heifer              .              .              .       -1.965081E-5      
calves              .              .              .       -1.965081E-5      
swine               .              .              .       -1.411389E-5      
broiler             .              .              .       -1.411389E-5      
layinghens          .              .              .       -1.411389E-5      

---- EQU tdnbal  TDN balance

                  LOWER          LEVEL          UPPER         MARGINAL

dairycow          -INF             .              .       -1.965081E-5      
dairyox           -INF             .              .       -1.965081E-5      
heifer            -INF             .              .       -1.965081E-5      
calves            -INF             .              .       -1.965081E-5      
swine             -INF             .              .       -1.411389E-5      
broiler           -INF             .              .       -1.411389E-5      
layinghens        -INF             .              .       -1.411389E-5      

---- EQU dmsupply  Feed supply (constant + import + crop byproducts) (dry matter MT)

                    LOWER          LEVEL          UPPER         MARGINAL

rice                  .              .              .       -1.597611E-5      
wheat                 .              .              .       -1.597611E-5      
barley                .              .              .       -1.456125E-5      
corn                  .              .              .       -1.570100E-5      
sorghum               .              .              .       -1.540624E-5      
fodder         4030620.0000   4030620.0000   4030620.0000   -1.163328E-5      
ricestraw             .              .              .       -7.408357E-6      
ricebran              .              .              .       -1.096515E-5      
wheatstraw            .              .              .       -7.467309E-6      
wheatbran             .              .              .       -1.232106E-5      
potatovines           .              .              .       -1.454160E-6      
soybeancake           .              .              .       -1.505252E-5      
rapeseedcake          .              .              .       -2.246420E-5      
beetpulp              .              .              .       -1.322500E-5      
molasses              .              .              .       -1.015947E-5      
bagasse               .              .              .       -5.600482E-6      
meatbonemeal    164387.0000    164387.0000    164387.0000   -9.018775E-6      
fishmeal         55615.0000     55615.0000     55615.0000   -8.778839E-6      

---- EQU distbal  Feed distribution balance

                    LOWER          LEVEL          UPPER         MARGINAL

rice                  .              .            +INF      1.5976112E-5      
wheat                 .              .            +INF      1.5976112E-5      
barley                .              .            +INF      1.4561253E-5      
corn                  .              .            +INF      1.5701001E-5      
sorghum               .              .            +INF      1.5406238E-5      
fodder                .              .            +INF      1.1633282E-5      
ricestraw             .              .            +INF      7.4083570E-6      
ricebran              .              .            +INF      1.0965154E-5      
wheatstraw            .              .            +INF      7.4673094E-6      
wheatbran             .              .            +INF      1.2321061E-5      
potatovines           .              .            +INF      1.4541603E-6      
soybeancake           .              .            +INF      1.5052524E-5      
rapeseedcake          .              .            +INF      2.2464198E-5      
beetpulp              .              .            +INF      1.3224998E-5      
molasses              .              .            +INF      1.0159471E-5      
bagasse               .              .            +INF      5.6004821E-6      
meatbonemeal          .              .            +INF      9.0187751E-6      
fishmeal              .              .            +INF      8.7788389E-6      

---- EQU bredbal  Livestock breeding balance

                  LOWER          LEVEL          UPPER         MARGINAL

dairycow          -INF      1955048.4807   2585100.0000          .          
dairyox           -INF             .        713280.0000          .          
heifer            -INF             .        186900.0000          .          
calves            -INF             .       1341600.0000          .          
swine             -INF             .       2.6847000E+7          .          
broiler           -INF             .       4.1769000E+8          .          
layinghens        -INF      5541104.0873   5.4798300E+8          .          

---- EQU nutpet_c  Potential nutrition supply (grams or kcal/capita)

                                LOWER          LEVEL          UPPER         MARGINAL

rice      .calorie                .              .              .             EPS         
rice      .protein                .              .              .             EPS         
rice      .fat                    .              .              .             EPS         
rice      .carbonhydrate          .              .              .             EPS         
wheat     .calorie                .              .              .             EPS         
wheat     .protein                .              .              .             EPS         
wheat     .fat                    .              .              .             EPS         
wheat     .carbonhydrate          .              .              .             EPS         
pwheat    .calorie                .              .              .             EPS         
pwheat    .protein                .              .              .             EPS         
pwheat    .fat                    .              .              .             EPS         
pwheat    .carbonhydrate          .              .              .             EPS         
barley    .calorie                .              .              .             EPS         
barley    .protein                .              .              .             EPS         
barley    .fat                    .              .              .             EPS         
barley    .carbonhydrate          .              .              .             EPS         
pbarley   .calorie                .              .              .             EPS         
pbarley   .protein                .              .              .             EPS         
pbarley   .fat                    .              .              .             EPS         
pbarley   .carbonhydrate          .              .              .             EPS         
naked     .calorie                .              .              .             EPS         
naked     .protein                .              .              .             EPS         
naked     .fat                    .              .              .             EPS         
naked     .carbonhydrate          .              .              .             EPS         
corn      .calorie                .              .              .             EPS         
corn      .protein                .              .              .             EPS         
corn      .fat                    .              .              .             EPS         
corn      .carbonhydrate          .              .              .             EPS         
sorghum   .calorie                .              .              .             EPS         
sorghum   .protein                .              .              .             EPS         
sorghum   .fat                    .              .              .             EPS         
sorghum   .carbonhydrate          .              .              .             EPS         
mis_grains.calorie                .              .              .             EPS         
mis_grains.protein                .              .              .             EPS         
mis_grains.fat                    .              .              .             EPS         
mis_grains.carbonhydrate          .              .              .             EPS         
sweetp    .calorie                .              .              .             EPS         
sweetp    .protein                .              .              .             EPS         
sweetp    .fat                    .              .              .             EPS         
sweetp    .carbonhydrate          .              .              .             EPS         
psweetp   .calorie                .              .              .             EPS         
psweetp   .protein                .              .              .             EPS         
psweetp   .fat                    .              .              .             EPS         
psweetp   .carbonhydrate          .              .              .             EPS         
potato    .calorie                .              .              .             EPS         
potato    .protein                .              .              .             EPS         
potato    .fat                    .              .              .             EPS         
potato    .carbonhydrate          .              .              .             EPS         
ppotato   .calorie                .              .              .             EPS         
ppotato   .protein                .              .              .             EPS         
ppotato   .fat                    .              .              .             EPS         
ppotato   .carbonhydrate          .              .              .             EPS         
soy       .calorie                .              .              .             EPS         
soy       .protein                .              .              .             EPS         
soy       .fat                    .              .              .             EPS         
soy       .carbonhydrate          .              .              .             EPS         
psoy      .calorie                .              .              .             EPS         
psoy      .protein                .              .              .             EPS         
psoy      .fat                    .              .              .             EPS         
psoy      .carbonhydrate          .              .              .             EPS         
mis_beans .calorie                .              .              .             EPS         
mis_beans .protein                .              .              .             EPS         
mis_beans .fat                    .              .              .             EPS         
mis_beans .carbonhydrate          .              .              .             EPS         
veges     .calorie                .              .              .             EPS         
veges     .protein                .              .              .             EPS         
veges     .fat                    .              .              .             EPS         
veges     .carbonhydrate          .              .              .             EPS         
mandarin  .calorie                .              .              .             EPS         
mandarin  .protein                .              .              .             EPS         
mandarin  .fat                    .              .              .             EPS         
mandarin  .carbonhydrate          .              .              .             EPS         
apple     .calorie                .              .              .             EPS         
apple     .protein                .              .              .             EPS         
apple     .fat                    .              .              .             EPS         
apple     .carbonhydrate          .              .              .             EPS         
mis_fruits.calorie                .              .              .             EPS         
mis_fruits.protein                .              .              .             EPS         
mis_fruits.fat                    .              .              .             EPS         
mis_fruits.carbonhydrate          .              .              .             EPS         
scane     .calorie                .              .              .             EPS         
scane     .protein                .              .              .             EPS         
scane     .fat                    .              .              .             EPS         
scane     .carbonhydrate          .              .              .             EPS         
sbeat     .calorie                .              .              .             EPS         
sbeat     .protein                .              .              .             EPS         
sbeat     .fat                    .              .              .             EPS         
sbeat     .carbonhydrate          .              .              .             EPS         
rapeseed  .calorie                .              .              .             EPS         
rapeseed  .protein                .              .              .             EPS         
rapeseed  .fat                    .              .              .             EPS         
rapeseed  .carbonhydrate          .              .              .             EPS         
fish      .calorie                .              .              .             EPS         
fish      .protein                .              .              .             EPS         
fish      .fat                    .              .              .             EPS         
fish      .carbonhydrate          .              .              .             EPS         
seaweed   .calorie                .              .              .             EPS         
seaweed   .protein                .              .              .             EPS         
seaweed   .fat                    .              .              .             EPS         
seaweed   .carbonhydrate          .              .              .             EPS         
starch    .calorie                .              .              .             EPS         
starch    .protein                .              .              .             EPS         
starch    .fat                    .              .              .             EPS         
starch    .carbonhydrate          .              .              .             EPS         
sugar     .calorie                .              .              .             EPS         
sugar     .protein                .              .              .             EPS         
sugar     .fat                    .              .              .             EPS         
sugar     .carbonhydrate          .              .              .             EPS         
oil       .calorie                .              .              .             EPS         
oil       .protein                .              .              .             EPS         
oil       .fat                    .              .              .             EPS         
oil       .carbonhydrate          .              .              .             EPS         
miso      .calorie                .              .              .             EPS         
miso      .protein                .              .              .             EPS         
miso      .fat                    .              .              .             EPS         
miso      .carbonhydrate          .              .              .             EPS         
soysource .calorie                .              .              .             EPS         
soysource .protein                .              .              .             EPS         
soysource .fat                    .              .              .             EPS         
soysource .carbonhydrate          .              .              .             EPS         
mis_foods .calorie                .              .              .             EPS         
mis_foods .protein                .              .              .             EPS         
mis_foods .fat                    .              .              .             EPS         
mis_foods .carbonhydrate          .              .              .             EPS         

---- EQU nutpet_f  

                                LOWER          LEVEL          UPPER         MARGINAL

rice      .calorie                .              .              .             EPS         
rice      .protein                .              .              .             EPS         
rice      .fat                    .              .              .             EPS         
rice      .carbonhydrate          .              .              .             EPS         
wheat     .calorie                .              .              .             EPS         
wheat     .protein                .              .              .             EPS         
wheat     .fat                    .              .              .             EPS         
wheat     .carbonhydrate          .              .              .             EPS         
pwheat    .calorie                .              .              .             EPS         
pwheat    .protein                .              .              .             EPS         
pwheat    .fat                    .              .              .             EPS         
pwheat    .carbonhydrate          .              .              .             EPS         
barley    .calorie                .              .              .             EPS         
barley    .protein                .              .              .             EPS         
barley    .fat                    .              .              .             EPS         
barley    .carbonhydrate          .              .              .             EPS         
pbarley   .calorie                .              .              .             EPS         
pbarley   .protein                .              .              .             EPS         
pbarley   .fat                    .              .              .             EPS         
pbarley   .carbonhydrate          .              .              .             EPS         
naked     .calorie                .              .              .             EPS         
naked     .protein                .              .              .             EPS         
naked     .fat                    .              .              .             EPS         
naked     .carbonhydrate          .              .              .             EPS         
corn      .calorie                .              .              .             EPS         
corn      .protein                .              .              .             EPS         
corn      .fat                    .              .              .             EPS         
corn      .carbonhydrate          .              .              .             EPS         
sorghum   .calorie                .              .              .             EPS         
sorghum   .protein                .              .              .             EPS         
sorghum   .fat                    .              .              .             EPS         
sorghum   .carbonhydrate          .              .              .             EPS         
mis_grains.calorie                .              .              .             EPS         
mis_grains.protein                .              .              .             EPS         
mis_grains.fat                    .              .              .             EPS         
mis_grains.carbonhydrate          .              .              .             EPS         
sweetp    .calorie                .              .              .             EPS         
sweetp    .protein                .              .              .             EPS         
sweetp    .fat                    .              .              .             EPS         
sweetp    .carbonhydrate          .              .              .             EPS         
psweetp   .calorie                .              .              .             EPS         
psweetp   .protein                .              .              .             EPS         
psweetp   .fat                    .              .              .             EPS         
psweetp   .carbonhydrate          .              .              .             EPS         
potato    .calorie                .              .              .             EPS         
potato    .protein                .              .              .             EPS         
potato    .fat                    .              .              .             EPS         
potato    .carbonhydrate          .              .              .             EPS         
ppotato   .calorie                .              .              .             EPS         
ppotato   .protein                .              .              .             EPS         
ppotato   .fat                    .              .              .             EPS         
ppotato   .carbonhydrate          .              .              .             EPS         
soy       .calorie                .              .              .             EPS         
soy       .protein                .              .              .             EPS         
soy       .fat                    .              .              .             EPS         
soy       .carbonhydrate          .              .              .             EPS         
psoy      .calorie                .              .              .             EPS         
psoy      .protein                .              .              .             EPS         
psoy      .fat                    .              .              .             EPS         
psoy      .carbonhydrate          .              .              .             EPS         
mis_beans .calorie                .              .              .             EPS         
mis_beans .protein                .              .              .             EPS         
mis_beans .fat                    .              .              .             EPS         
mis_beans .carbonhydrate          .              .              .             EPS         
veges     .calorie                .              .              .             EPS         
veges     .protein                .              .              .             EPS         
veges     .fat                    .              .              .             EPS         
veges     .carbonhydrate          .              .              .             EPS         
mandarin  .calorie                .              .              .             EPS         
mandarin  .protein                .              .              .             EPS         
mandarin  .fat                    .              .              .             EPS         
mandarin  .carbonhydrate          .              .              .             EPS         
apple     .calorie                .              .              .             EPS         
apple     .protein                .              .              .             EPS         
apple     .fat                    .              .              .             EPS         
apple     .carbonhydrate          .              .              .             EPS         
mis_fruits.calorie                .              .              .             EPS         
mis_fruits.protein                .              .              .             EPS         
mis_fruits.fat                    .              .              .             EPS         
mis_fruits.carbonhydrate          .              .              .             EPS         
scane     .calorie                .              .              .             EPS         
scane     .protein                .              .              .             EPS         
scane     .fat                    .              .              .             EPS         
scane     .carbonhydrate          .              .              .             EPS         
sbeat     .calorie                .              .              .             EPS         
sbeat     .protein                .              .              .             EPS         
sbeat     .fat                    .              .              .             EPS         
sbeat     .carbonhydrate          .              .              .             EPS         
rapeseed  .calorie                .              .              .             EPS         
rapeseed  .protein                .              .              .             EPS         
rapeseed  .fat                    .              .              .             EPS         
rapeseed  .carbonhydrate          .              .              .             EPS         
fish      .calorie                .              .              .             EPS         
fish      .protein                .              .              .             EPS         
fish      .fat                    .              .              .             EPS         
fish      .carbonhydrate          .              .              .             EPS         
seaweed   .calorie                .              .              .             EPS         
seaweed   .protein                .              .              .             EPS         
seaweed   .fat                    .              .              .             EPS         
seaweed   .carbonhydrate          .              .              .             EPS         
starch    .calorie                .              .              .             EPS         
starch    .protein                .              .              .             EPS         
starch    .fat                    .              .              .             EPS         
starch    .carbonhydrate          .              .              .             EPS         
sugar     .calorie                .              .              .             EPS         
sugar     .protein                .              .              .             EPS         
sugar     .fat                    .              .              .             EPS         
sugar     .carbonhydrate          .              .              .             EPS         
oil       .calorie                .              .              .             EPS         
oil       .protein                .              .              .             EPS         
oil       .fat                    .              .              .             EPS         
oil       .carbonhydrate          .              .              .             EPS         
miso      .calorie                .              .              .             EPS         
miso      .protein                .              .              .             EPS         
miso      .fat                    .              .              .             EPS         
miso      .carbonhydrate          .              .              .             EPS         
soysource .calorie                .              .              .             EPS         
soysource .protein                .              .              .             EPS         
soysource .fat                    .              .              .             EPS         
soysource .carbonhydrate          .              .              .             EPS         
mis_foods .calorie                .              .              .             EPS         
mis_foods .protein                .              .              .             EPS         
mis_foods .fat                    .              .              .             EPS         
mis_foods .carbonhydrate          .              .              .             EPS         

---- EQU nutpet_l  

                             LOWER          LEVEL          UPPER         MARGINAL

beef   .calorie                .              .              .             EPS         
beef   .protein                .              .              .             EPS         
beef   .fat                    .              .              .             EPS         
beef   .carbonhydrate          .              .              .             EPS         
pork   .calorie                .              .              .             EPS         
pork   .protein                .              .              .             EPS         
pork   .fat                    .              .              .             EPS         
pork   .carbonhydrate          .              .              .             EPS         
chicken.calorie                .              .              .             EPS         
chicken.protein                .              .              .             EPS         
chicken.fat                    .              .              .             EPS         
chicken.carbonhydrate          .              .              .             EPS         
egg    .calorie                .              .              .             EPS         
egg    .protein                .              .              .             EPS         
egg    .fat                    .              .              .             EPS         
egg    .carbonhydrate          .              .              .             EPS         
milk   .calorie                .              .              .             EPS         
milk   .protein                .              .              .             EPS         
milk   .fat                    .              .              .             EPS         
milk   .carbonhydrate          .              .              .             EPS         

                           LOWER          LEVEL          UPPER         MARGINAL

---- EQU caloriebal      2157.7855      2157.7855      2157.7855         EPS         
---- EQU calorieba~          .              .              .             EPS         

  caloriebal  Calorie deficit (kcal/capita)
  caloriebal_r  Calorie shortage rate

---- EQU dietpet_c  Potential netfood supply (kcal/capita)

                  LOWER          LEVEL          UPPER         MARGINAL

rice                .              .              .            -1.0000      
wheat               .              .              .            -1.0000      
pwheat              .              .              .            -1.0000      
barley              .              .              .            -1.0000      
pbarley             .              .              .            -1.0000      
naked               .              .              .            -1.0000      
corn                .              .              .             EPS         
sorghum             .              .              .             EPS         
mis_grains          .              .              .            -1.0000      
sweetp              .              .              .            -1.0000      
psweetp             .              .              .            -1.0000      
potato              .              .              .            -1.0000      
ppotato             .              .              .            -1.0000      
soy                 .              .              .            -1.0000      
psoy                .              .              .            -1.0000      
mis_beans           .              .              .            -1.0000      
veges               .              .              .            -1.0000      
mandarin            .              .              .            -1.0000      
apple               .              .              .            -1.0000      
mis_fruits          .              .              .            -1.0000      
scane               .              .              .             EPS         
sbeat               .              .              .             EPS         
rapeseed            .              .              .             EPS         
fish                .              .              .             EPS         
seaweed             .              .              .             EPS         
starch              .              .              .            -1.0000      
sugar               .              .              .            -1.0000      
oil                 .              .              .            -1.0000      
miso                .              .              .            -1.0000      
soysource           .              .              .            -1.0000      
mis_foods           .              .              .            -1.0000      

---- EQU dietpet_f  

                  LOWER          LEVEL          UPPER         MARGINAL

rice                .              .              .            -1.0000      
wheat               .              .              .            -1.0000      
pwheat              .              .              .            -1.0000      
barley              .              .              .            -1.0000      
pbarley             .              .              .            -1.0000      
naked               .              .              .            -1.0000      
corn                .              .              .             EPS         
sorghum             .              .              .             EPS         
mis_grains          .              .              .            -1.0000      
sweetp              .              .              .            -1.0000      
psweetp             .              .              .            -1.0000      
potato              .              .              .            -1.0000      
ppotato             .              .              .            -1.0000      
soy                 .              .              .            -1.0000      
psoy                .              .              .            -1.0000      
mis_beans           .              .              .            -1.0000      
veges               .              .              .            -1.0000      
mandarin            .              .              .            -1.0000      
apple               .              .              .            -1.0000      
mis_fruits          .              .              .            -1.0000      
scane               .              .              .             EPS         
sbeat               .              .              .             EPS         
rapeseed            .              .              .             EPS         
fish                .              .              .             EPS         
seaweed             .              .              .             EPS         
starch              .              .              .            -1.0000      
sugar               .              .              .            -1.0000      
oil                 .              .              .            -1.0000      
miso                .              .              .            -1.0000      
soysource           .              .              .            -1.0000      
mis_foods           .              .              .            -1.0000      

---- EQU dietpet_l  

               LOWER          LEVEL          UPPER         MARGINAL

beef             .              .              .            -1.0000      
pork             .              .              .            -1.0000      
chicken          .              .              .            -1.0000      
egg              .              .              .            -1.0000      
milk             .              .              .            -1.0000      

---- EQU dietbal  Net food balance by fgroup (grams/capita)

              LOWER          LEVEL          UPPER         MARGINAL

starch        42.9000        42.9000        42.9000         1.0000      
sugar         46.6000        46.6000        46.6000         1.0000      
grain        316.0000       316.0000       316.0000         1.0000      
tuber        115.4000       115.4000       115.4000         1.0000      
pulse         43.0000        43.0000        43.0000         1.0000      
veget        241.4000       241.4000       241.4000         1.0000      
fruit         90.8000        90.8000        90.8000         1.0000      
other         49.4000        49.4000        49.4000         1.0000      

                           LOWER          LEVEL          UPPER         MARGINAL

---- EQU dietbal_r           .              .              .             EPS         

  dietbal_r  Net food shortage rate by fgroup

---- EQU adietbal  

                 LOWER          LEVEL          UPPER         MARGINAL

meat             92.7000        92.7000        92.7000         1.0000      
egg_dairy       303.7000       303.7000       303.7000         1.0000      

                           LOWER          LEVEL          UPPER         MARGINAL

---- EQU adietbal_r          .              .              .             EPS         
---- EQU dif                 .              .              .             1.0000      

  dif  Objective function evaluated as difference value

---- VAR xrlcrop  Cropping area (1000ha)

                                             LOWER          LEVEL          UPPER         MARGINAL

rice      .Hokkaido       .paddy_wet           .            70.2518        +INF             .          
rice      .Hokkaido       .paddy_dry           .           151.3442        +INF             .          
rice      .Tohoku_Hokuriku.paddy_wet           .           436.7330        +INF             .          
rice      .Tohoku_Hokuriku.paddy_dry           .              .            +INF            0.0437      
rice      .Kanto_West     .paddy_wet           .           718.9330        +INF             .          
rice      .Kanto_West     .paddy_dry           .           455.3630        +INF             .          
rice      .Okinawa        .paddy_wet           .             0.3893        +INF             .          
rice      .Okinawa        .paddy_dry           .             0.3617        +INF             .          
wheat     .Hokkaido       .field_rain          .           129.2753        +INF             .          
wheat     .Hokkaido       .field_irr           .              .            +INF            0.0021      
wheat     .Tohoku_Hokuriku.field_rain          .            96.9000        +INF             .          
wheat     .Tohoku_Hokuriku.field_irr           .              .            +INF             .          
wheat     .Kanto_West     .field_rain          .              .            +INF            EPS         
wheat     .Kanto_West     .field_irr           .              .            +INF            0.0172      
wheat     .Okinawa        .field_rain          .              .            +INF             .          
wheat     .Okinawa        .field_irr           .              .            +INF             .          
pwheat    .Kanto_West     .paddy_dry           .           455.3630        +INF             .          
pwheat    .Okinawa        .paddy_dry           .             0.3617        +INF             .          
barley    .Hokkaido       .field_rain          .              .            +INF            0.0399      
barley    .Hokkaido       .field_irr           .              .            +INF            0.0420      
barley    .Tohoku_Hokuriku.field_rain          .              .            +INF            0.0399      
barley    .Tohoku_Hokuriku.field_irr           .              .            +INF            0.0399      
barley    .Kanto_West     .field_rain          .              .            +INF            0.0399      
barley    .Kanto_West     .field_irr           .              .            +INF            0.0571      
barley    .Okinawa        .field_rain          .              .            +INF            0.0399      
barley    .Okinawa        .field_irr           .              .            +INF            0.0399      
pbarley   .Kanto_West     .paddy_dry           .              .            +INF             .          
pbarley   .Okinawa        .paddy_dry           .              .            +INF            EPS         
naked     .Hokkaido       .field_rain          .              .            +INF             .          
naked     .Hokkaido       .field_irr           .              .            +INF            0.0021      
naked     .Tohoku_Hokuriku.field_rain          .              .            +INF            EPS         
naked     .Tohoku_Hokuriku.field_irr           .              .            +INF            EPS         
naked     .Kanto_West     .field_rain          .              .            +INF            EPS         
naked     .Kanto_West     .field_irr           .              .            +INF            0.0172      
naked     .Okinawa        .field_rain          .              .            +INF            EPS         
naked     .Okinawa        .field_irr           .              .            +INF            EPS         
corn      .Hokkaido       .pasture             .              .            +INF             .          
sorghum   .Hokkaido       .pasture             .              .            +INF             .          
mis_grains.Hokkaido       .field_rain          .              .            +INF            0.0350      
mis_grains.Hokkaido       .field_irr           .              .            +INF            0.0371      
mis_grains.Tohoku_Hokuriku.field_rain          .              .            +INF            0.0958      
mis_grains.Tohoku_Hokuriku.field_irr           .              .            +INF            0.1597      
sweetp    .Tohoku_Hokuriku.field_rain          .            96.9000        +INF             .          
sweetp    .Tohoku_Hokuriku.field_irr           .              .            +INF            0.0172      
sweetp    .Kanto_West     .field_rain          .              .            +INF             .          
sweetp    .Kanto_West     .field_irr           .              .            +INF             .          
sweetp    .Okinawa        .field_rain          .              .            +INF            0.0243      
sweetp    .Okinawa        .field_irr           .              .            +INF            0.0172      
psweetp   .Tohoku_Hokuriku.paddy_dry           .              .            +INF            0.0437      
psweetp   .Kanto_West     .paddy_dry           .              .            +INF             .          
psweetp   .Okinawa        .paddy_dry           .              .            +INF            EPS         
potato    .Hokkaido       .field_rain          .              .            +INF            0.1042      
potato    .Hokkaido       .field_irr           .           214.2000        +INF             .          
potato    .Tohoku_Hokuriku.field_rain          .              .            +INF            0.1650      
potato    .Tohoku_Hokuriku.field_irr           .              .            +INF            0.1226      
ppotato   .Hokkaido       .paddy_dry           .              .            +INF             .          
ppotato   .Tohoku_Hokuriku.paddy_dry           .              .            +INF            0.0437      
soy       .Hokkaido       .field_rain          .             6.9295        +INF             .          
soy       .Hokkaido       .field_irr           .            12.8952        +INF             .          
soy       .Tohoku_Hokuriku.field_rain          .              .            +INF            0.0211      
soy       .Tohoku_Hokuriku.field_irr           .              .            +INF            0.0830      
soy       .Kanto_West     .field_rain          .              .            +INF            0.0211      
soy       .Kanto_West     .field_irr           .              .            +INF            0.0658      
psoy      .Hokkaido       .paddy_dry           .              .            +INF            0.0789      
psoy      .Tohoku_Hokuriku.paddy_dry           .              .            +INF            0.1226      
psoy      .Kanto_West     .paddy_dry           .              .            +INF            0.0789      
mis_beans .Hokkaido       .field_rain          .              .            +INF             .          
mis_beans .Hokkaido       .field_irr           .              .            +INF            0.0021      
mis_beans .Tohoku_Hokuriku.field_rain          .              .            +INF            0.0608      
mis_beans .Tohoku_Hokuriku.field_irr           .              .            +INF            0.1247      
mis_beans .Kanto_West     .field_rain          .              .            +INF            0.0608      
mis_beans .Kanto_West     .field_irr           .              .            +INF            0.1247      
mis_beans .Okinawa        .field_rain          .              .            +INF            0.0851      
mis_beans .Okinawa        .field_irr           .              .            +INF            0.0851      
veges     .Tohoku_Hokuriku.paddy_dry           .           424.3040        +INF             .          
veges     .Tohoku_Hokuriku.field_rain          .            24.6826        +INF             .          
veges     .Tohoku_Hokuriku.field_irr           .            31.6274        +INF             .          
veges     .Kanto_West     .paddy_dry           .            84.1880        +INF             .          
veges     .Kanto_West     .field_rain          .           318.5859        +INF             .          
veges     .Kanto_West     .field_irr           .           209.0291        +INF             .          
veges     .Okinawa        .paddy_dry           .              .            +INF            EPS         
veges     .Okinawa        .field_rain          .              .            +INF            0.0243      
veges     .Okinawa        .field_irr           .             4.4340        +INF             .          
mandarin  .Kanto_West     .orchard             .            36.2000        +INF             .          
apple     .Hokkaido       .orchard             .             3.0500        +INF             .          
apple     .Tohoku_Hokuriku.orchard             .             2.8160        +INF             .          
apple     .Kanto_West     .orchard             .            29.2340        +INF            EPS         
mis_fruits.Tohoku_Hokuriku.orchard             .            46.4340        +INF             .          
mis_fruits.Kanto_West     .orchard             .            23.8137        +INF             .          
mis_fruits.Okinawa        .orchard             .             1.8800        +INF             .          
scane     .Okinawa        .field_rain          .             5.2300        +INF             .          
scane     .Okinawa        .field_irr           .            17.9700        +INF             .          
sbeat     .Hokkaido       .field_rain          .            55.4000        +INF             .          
sbeat     .Hokkaido       .field_irr           .              .            +INF            0.0021      
rapeseed  .Hokkaido       .field_rain          .              .            +INF             .          
rapeseed  .Hokkaido       .field_irr           .              .            +INF            0.0021      

---- VAR xcrop  Cropping area (1000ha)

                  LOWER          LEVEL          UPPER         MARGINAL

rice                .          1833.3760        +INF             .          
wheat               .           226.1753        +INF             .          
pwheat              .           455.7247        +INF             .          
barley              .              .            +INF             .          
pbarley             .              .            +INF            0.0439      
naked               .              .            +INF            0.0142      
corn                .              .            +INF            0.0015      
sorghum             .              .            +INF            0.0015      
mis_grains          .              .            +INF             .          
sweetp              .            96.9000        +INF             .          
psweetp             .              .            +INF            0.0131      
potato              .           214.2000        +INF             .          
ppotato             .              .            +INF            0.0789      
soy                 .            19.8247        +INF             .          
psoy                .              .            +INF             .          
mis_beans           .              .            +INF            0.0111      
veges               .          1096.8510        +INF             .          
mandarin            .            36.2000        +INF             .          
apple               .            35.1000        +INF             .          
mis_fruits          .            72.1277        +INF             .          
scane               .            23.2000        +INF             .          
sbeat               .            55.4000        +INF             .          
rapeseed            .              .            +INF             .          
fish                .              .            +INF             .          
seaweed             .              .            +INF             .          
starch              .              .            +INF             .          
sugar               .              .            +INF             .          
oil                 .              .            +INF             .          
miso                .              .            +INF             .          
soysource           .              .            +INF             .          
mis_foods           .              .            +INF             .          

---- VAR xlive  Head of animal ls

                  LOWER          LEVEL          UPPER         MARGINAL

dairycow            .       1955048.4807        +INF             .          
dairyox             .              .            +INF      6.0978221E-5      
heifer              .              .            +INF      5.3737666E-5      
calves              .              .            +INF      2.5851196E-5      
swine               .              .            +INF      6.7025789E-6      
broiler             .              .            +INF      3.2916715E-7      
layinghens          .       5541104.0873        +INF             .          

---- VAR yfeed  Distribution of feed j to animal ls (MT)

                               LOWER          LEVEL          UPPER         MARGINAL

dairycow  .rice                  .              .            +INF             .          
dairycow  .wheat                 .              .            +INF             .          
dairycow  .barley                .              .            +INF             .          
dairycow  .corn                  .              .            +INF             .          
dairycow  .sorghum               .              .            +INF             .          
dairycow  .fodder                .       4030620.0000        +INF             .          
dairycow  .ricestraw             .       8762070.5792        +INF             .          
dairycow  .ricebran              .        627014.5920        +INF             .          
dairycow  .wheatstraw            .       3195724.3500        +INF             .          
dairycow  .wheatbran             .        569522.8800        +INF             .          
dairycow  .potatovines           .       2386155.6660        +INF             .          
dairycow  .soybeancake           .         20934.8843        +INF             .          
dairycow  .rapeseedcake          .              .            +INF      9.7894227E-6      
dairycow  .beetpulp              .         39309.6240        +INF             .          
dairycow  .molasses              .         90644.3720        +INF             .          
dairycow  .bagasse               .        174914.0800        +INF             .          
dairycow  .meatbonemeal          .              .            +INF      9.0187751E-6      
dairycow  .fishmeal              .              .            +INF      8.7788389E-6      
dairyox   .rice                  .              .            +INF            EPS         
dairyox   .wheat                 .              .            +INF            EPS         
dairyox   .barley                .              .            +INF            EPS         
dairyox   .corn                  .              .            +INF            EPS         
dairyox   .sorghum               .              .            +INF            EPS         
dairyox   .fodder                .              .            +INF            EPS         
dairyox   .ricestraw             .              .            +INF            EPS         
dairyox   .ricebran              .              .            +INF            EPS         
dairyox   .wheatstraw            .              .            +INF            EPS         
dairyox   .wheatbran             .              .            +INF            EPS         
dairyox   .potatovines           .              .            +INF             .          
dairyox   .soybeancake           .              .            +INF            EPS         
dairyox   .rapeseedcake          .              .            +INF      9.7894227E-6      
dairyox   .beetpulp              .              .            +INF            EPS         
dairyox   .molasses              .              .            +INF            EPS         
dairyox   .bagasse               .              .            +INF            EPS         
dairyox   .meatbonemeal          .              .            +INF      9.0187751E-6      
dairyox   .fishmeal              .              .            +INF      8.7788389E-6      
heifer    .rice                  .              .            +INF            EPS         
heifer    .wheat                 .              .            +INF            EPS         
heifer    .barley                .              .            +INF            EPS         
heifer    .corn                  .              .            +INF            EPS         
heifer    .sorghum               .              .            +INF            EPS         
heifer    .fodder                .              .            +INF            EPS         
heifer    .ricestraw             .              .            +INF            EPS         
heifer    .ricebran              .              .            +INF            EPS         
heifer    .wheatstraw            .              .            +INF            EPS         
heifer    .wheatbran             .              .            +INF            EPS         
heifer    .potatovines           .              .            +INF            EPS         
heifer    .soybeancake           .              .            +INF            EPS         
heifer    .rapeseedcake          .              .            +INF      9.7894227E-6      
heifer    .beetpulp              .              .            +INF            EPS         
heifer    .molasses              .              .            +INF            EPS         
heifer    .bagasse               .              .            +INF             .          
heifer    .meatbonemeal          .              .            +INF      9.0187751E-6      
heifer    .fishmeal              .              .            +INF      8.7788389E-6      
calves    .rice                  .              .            +INF            EPS         
calves    .wheat                 .              .            +INF            EPS         
calves    .barley                .              .            +INF            EPS         
calves    .corn                  .              .            +INF            EPS         
calves    .sorghum               .              .            +INF            EPS         
calves    .fodder                .              .            +INF            EPS         
calves    .ricestraw             .              .            +INF            EPS         
calves    .ricebran              .              .            +INF            EPS         
calves    .wheatstraw            .              .            +INF            EPS         
calves    .wheatbran             .              .            +INF            EPS         
calves    .potatovines           .              .            +INF            EPS         
calves    .soybeancake           .              .            +INF            EPS         
calves    .rapeseedcake          .              .            +INF      9.7894227E-6      
calves    .beetpulp              .              .            +INF            EPS         
calves    .molasses              .              .            +INF            EPS         
calves    .bagasse               .              .            +INF             .          
calves    .meatbonemeal          .              .            +INF      9.0187751E-6      
calves    .fishmeal              .              .            +INF      8.7788389E-6      
swine     .rice                  .              .            +INF      4.3321536E-6      
swine     .wheat                 .              .            +INF      4.3321536E-6      
swine     .barley                .              .            +INF      4.6250755E-6      
swine     .corn                  .              .            +INF      4.2687505E-6      
swine     .sorghum               .              .            +INF      3.9881022E-6      
swine     .fodder                .              .            +INF      1.1633282E-5      
swine     .ricestraw             .              .            +INF      7.4083570E-6      
swine     .ricebran              .              .            +INF      3.6823876E-6      
swine     .wheatstraw            .              .            +INF      7.4673094E-6      
swine     .wheatbran             .              .            +INF      4.0503216E-6      
swine     .potatovines           .              .            +INF      1.4541603E-6      
swine     .soybeancake           .              .            +INF      5.0457764E-6      
swine     .rapeseedcake          .              .            +INF      1.4024092E-5      
swine     .beetpulp              .              .            +INF      4.2344507E-6      
swine     .molasses              .              .            +INF      2.9331598E-6      
swine     .bagasse               .              .            +INF      5.6004821E-6      
swine     .meatbonemeal          .              .            +INF      1.1291111E-7      
swine     .fishmeal              .              .            +INF             .          
broiler   .rice                  .              .            +INF      4.3321536E-6      
broiler   .wheat                 .              .            +INF      4.3321536E-6      
broiler   .barley                .              .            +INF      4.6250755E-6      
broiler   .corn                  .              .            +INF      4.2687505E-6      
broiler   .sorghum               .              .            +INF      3.9881022E-6      
broiler   .fodder                .              .            +INF      1.1633282E-5      
broiler   .ricestraw             .              .            +INF      7.4083570E-6      
broiler   .ricebran              .              .            +INF      5.2772571E-6      
broiler   .wheatstraw            .              .            +INF      7.4673094E-6      
broiler   .wheatbran             .              .            +INF      5.6734188E-6      
broiler   .potatovines           .              .            +INF      1.4541603E-6      
broiler   .soybeancake           .              .            +INF      5.0457764E-6      
broiler   .rapeseedcake          .              .            +INF      1.4024092E-5      
broiler   .beetpulp              .              .            +INF      1.3224998E-5      
broiler   .molasses              .              .            +INF      3.5118293E-6      
broiler   .bagasse               .              .            +INF      5.6004821E-6      
broiler   .meatbonemeal          .              .            +INF      1.1291111E-7      
broiler   .fishmeal              .              .            +INF             .          
layinghens.rice                  .              .            +INF      4.3321536E-6      
layinghens.wheat                 .              .            +INF      4.3321536E-6      
layinghens.barley                .              .            +INF      4.6250755E-6      
layinghens.corn                  .              .            +INF      4.2687505E-6      
layinghens.sorghum               .              .            +INF      3.9881022E-6      
layinghens.fodder                .              .            +INF      1.1633282E-5      
layinghens.ricestraw             .              .            +INF      7.4083570E-6      
layinghens.ricebran              .              .            +INF      5.2772571E-6      
layinghens.wheatstraw            .              .            +INF      7.4673094E-6      
layinghens.wheatbran             .              .            +INF      5.6734188E-6      
layinghens.potatovines           .              .            +INF      1.4541603E-6      
layinghens.soybeancake           .              .            +INF      5.0457764E-6      
layinghens.rapeseedcake          .              .            +INF      1.4024092E-5      
layinghens.beetpulp              .              .            +INF      1.3224998E-5      
layinghens.molasses              .              .            +INF      3.5118293E-6      
layinghens.bagasse               .              .            +INF      5.6004821E-6      
layinghens.meatbonemeal          .        164387.0000        +INF             .          
layinghens.fishmeal              .         55615.0000        +INF             .          

                           LOWER          LEVEL          UPPER         MARGINAL

---- VAR labd_c            -INF            2.7184        +INF             .          
---- VAR labd_ls           -INF            0.2416        +INF             .          

  labd_c  Labor demand by crop      (bil. h)
  labd_ls  Labor demand by livestock (bil. h)

---- VAR tdnd  TDN demand by livestock (MT)

                  LOWER          LEVEL          UPPER         MARGINAL

dairycow          -INF      7926548.5602        +INF             .          
dairyox           -INF      7.275958E-12        +INF             .          
heifer            -INF             .            +INF             .          
calves            -INF             .            +INF             .          
swine             -INF             .            +INF             .          
broiler           -INF             .            +INF             .          
layinghens        -INF       139635.8230        +INF             .          

---- VAR tdns  TDN supply to livestock (MT)

                  LOWER          LEVEL          UPPER         MARGINAL

dairycow          -INF      7926548.5602        +INF             .          
dairyox           -INF      7.275958E-12        +INF             .          
heifer            -INF             .            +INF             .          
calves            -INF             .            +INF             .          
swine             -INF             .            +INF             .          
broiler           -INF             .            +INF             .          
layinghens        -INF       139635.8230        +INF             .          

---- VAR dms  DM supply               (MT)

                    LOWER          LEVEL          UPPER         MARGINAL

rice                -INF             .            +INF             .          
wheat               -INF             .            +INF             .          
barley              -INF             .            +INF             .          
corn                -INF             .            +INF             .          
sorghum             -INF             .            +INF             .          
fodder              -INF      4030620.0000        +INF             .          
ricestraw           -INF      8762070.5792        +INF             .          
ricebran            -INF       627014.5920        +INF             .          
wheatstraw          -INF      3195724.3500        +INF             .          
wheatbran           -INF       569522.8800        +INF             .          
potatovines         -INF      2386155.6660        +INF             .          
soybeancake         -INF        20934.8843        +INF             .          
rapeseedcake        -INF      -9.09495E-13        +INF             .          
beetpulp            -INF        39309.6240        +INF             .          
molasses            -INF        90644.3720        +INF             .          
bagasse             -INF       174914.0800        +INF             .          
meatbonemeal        -INF       164387.0000        +INF             .          
fishmeal            -INF        55615.0000        +INF             .          

---- VAR nnpotential_c  Potential nutrition intake from crops (kcal or grams/capita)

                                LOWER          LEVEL          UPPER         MARGINAL

rice      .calorie              -INF          577.2497        +INF             .          
rice      .protein              -INF            9.8358        +INF             .          
rice      .fat                  -INF            1.4512        +INF             .          
rice      .carbonhydrate        -INF          131.2114        +INF             .          
wheat     .calorie              -INF           48.7541        +INF             .          
wheat     .protein              -INF            1.2851        +INF             .          
wheat     .fat                  -INF            0.2385        +INF             .          
wheat     .carbonhydrate        -INF           10.3669        +INF             .          
pwheat    .calorie              -INF          105.1119        +INF             .          
pwheat    .protein              -INF            2.7706        +INF             .          
pwheat    .fat                  -INF            0.5141        +INF             .          
pwheat    .carbonhydrate        -INF           22.3506        +INF             .          
barley    .calorie              -INF             .            +INF             .          
barley    .protein              -INF             .            +INF             .          
barley    .fat                  -INF             .            +INF             .          
barley    .carbonhydrate        -INF             .            +INF             .          
pbarley   .calorie              -INF      5.905235E-17        +INF             .          
pbarley   .protein              -INF      1.202586E-18        +INF             .          
pbarley   .fat                  -INF      2.692357E-19        +INF             .          
pbarley   .carbonhydrate        -INF      1.295472E-17        +INF             .          
naked     .calorie              -INF             .            +INF             .          
naked     .protein              -INF             .            +INF             .          
naked     .fat                  -INF             .            +INF             .          
naked     .carbonhydrate        -INF             .            +INF             .          
corn      .calorie              -INF             .            +INF             .          
corn      .protein              -INF             .            +INF             .          
corn      .fat                  -INF             .            +INF             .          
corn      .carbonhydrate        -INF             .            +INF             .          
sorghum   .calorie              -INF             .            +INF             .          
sorghum   .protein              -INF             .            +INF             .          
sorghum   .fat                  -INF             .            +INF             .          
sorghum   .carbonhydrate        -INF             .            +INF             .          
mis_grains.calorie              -INF             .            +INF             .          
mis_grains.protein              -INF             .            +INF             .          
mis_grains.fat                  -INF             .            +INF             .          
mis_grains.carbonhydrate        -INF             .            +INF             .          
sweetp    .calorie              -INF           40.4506        +INF             .          
sweetp    .protein              -INF            0.3622        +INF             .          
sweetp    .fat                  -INF            0.0604        +INF             .          
sweetp    .carbonhydrate        -INF            9.6146        +INF             .          
psweetp   .calorie              -INF             .            +INF             .          
psweetp   .protein              -INF             .            +INF             .          
psweetp   .fat                  -INF             .            +INF             .          
psweetp   .carbonhydrate        -INF             .            +INF             .          
potato    .calorie              -INF           85.7661        +INF             .          
potato    .protein              -INF            1.8056        +INF             .          
potato    .fat                  -INF            0.1129        +INF             .          
potato    .carbonhydrate        -INF           19.3820        +INF             .          
ppotato   .calorie              -INF             .            +INF             .          
ppotato   .protein              -INF             .            +INF             .          
ppotato   .fat                  -INF             .            +INF             .          
ppotato   .carbonhydrate        -INF             .            +INF             .          
soy       .calorie              -INF            0.6667        +INF             .          
soy       .protein              -INF            0.0534        +INF             .          
soy       .fat                  -INF            0.0311        +INF             .          
soy       .carbonhydrate        -INF            0.0432        +INF             .          
psoy      .calorie              -INF             .            +INF             .          
psoy      .protein              -INF             .            +INF             .          
psoy      .fat                  -INF             .            +INF             .          
psoy      .carbonhydrate        -INF             .            +INF             .          
mis_beans .calorie              -INF             .            +INF             .          
mis_beans .protein              -INF             .            +INF             .          
mis_beans .fat                  -INF             .            +INF             .          
mis_beans .carbonhydrate        -INF             .            +INF             .          
veges     .calorie              -INF          161.5253        +INF             .          
veges     .protein              -INF            7.0484        +INF             .          
veges     .fat                  -INF            1.1747        +INF             .          
veges     .carbonhydrate        -INF           30.6898        +INF             .          
mandarin  .calorie              -INF            4.5542        +INF             .          
mandarin  .protein              -INF            0.0569        +INF             .          
mandarin  .fat                  -INF            0.0095        +INF             .          
mandarin  .carbonhydrate        -INF            1.0603        +INF             .          
apple     .calorie              -INF            6.5383        +INF             .          
apple     .protein              -INF            0.0123        +INF             .          
apple     .fat                  -INF            0.0247        +INF             .          
apple     .carbonhydrate        -INF            1.5667        +INF             .          
mis_fruits.calorie              -INF            7.1263        +INF             .          
mis_fruits.protein              -INF            0.1195        +INF             .          
mis_fruits.fat                  -INF            0.2219        +INF             .          
mis_fruits.carbonhydrate        -INF            1.1628        +INF             .          
scane     .calorie              -INF             .            +INF             .          
scane     .protein              -INF             .            +INF             .          
scane     .fat                  -INF             .            +INF             .          
scane     .carbonhydrate        -INF             .            +INF             .          
sbeat     .calorie              -INF             .            +INF             .          
sbeat     .protein              -INF             .            +INF             .          
sbeat     .fat                  -INF             .            +INF             .          
sbeat     .carbonhydrate        -INF             .            +INF             .          
rapeseed  .calorie              -INF             .            +INF             .          
rapeseed  .protein              -INF             .            +INF             .          
rapeseed  .fat                  -INF             .            +INF             .          
rapeseed  .carbonhydrate        -INF             .            +INF             .          
fish      .calorie              -INF             .            +INF             .          
fish      .protein              -INF             .            +INF             .          
fish      .fat                  -INF             .            +INF             .          
fish      .carbonhydrate        -INF             .            +INF             .          
seaweed   .calorie              -INF             .            +INF             .          
seaweed   .protein              -INF             .            +INF             .          
seaweed   .fat                  -INF             .            +INF             .          
seaweed   .carbonhydrate        -INF             .            +INF             .          
starch    .calorie              -INF             .            +INF             .          
starch    .protein              -INF             .            +INF             .          
starch    .fat                  -INF             .            +INF             .          
starch    .carbonhydrate        -INF             .            +INF             .          
sugar     .calorie              -INF             .            +INF             .          
sugar     .protein              -INF             .            +INF             .          
sugar     .fat                  -INF             .            +INF             .          
sugar     .carbonhydrate        -INF             .            +INF             .          
oil       .calorie              -INF             .            +INF             .          
oil       .protein              -INF             .            +INF             .          
oil       .fat                  -INF             .            +INF             .          
oil       .carbonhydrate        -INF             .            +INF             .          
miso      .calorie              -INF             .            +INF             .          
miso      .protein              -INF             .            +INF             .          
miso      .fat                  -INF             .            +INF             .          
miso      .carbonhydrate        -INF             .            +INF             .          
soysource .calorie              -INF             .            +INF             .          
soysource .protein              -INF             .            +INF             .          
soysource .fat                  -INF             .            +INF             .          
soysource .carbonhydrate        -INF             .            +INF             .          
mis_foods .calorie              -INF             .            +INF             .          
mis_foods .protein              -INF             .            +INF             .          
mis_foods .fat                  -INF             .            +INF             .          
mis_foods .carbonhydrate        -INF             .            +INF             .          

---- VAR nnpotential_f  Potential nutrition intake from processed foods (kcal or grams/capita)

                                LOWER          LEVEL          UPPER         MARGINAL

rice      .calorie              -INF             .            +INF             .          
rice      .protein              -INF             .            +INF             .          
rice      .fat                  -INF             .            +INF             .          
rice      .carbonhydrate        -INF             .            +INF             .          
wheat     .calorie              -INF             .            +INF             .          
wheat     .protein              -INF             .            +INF             .          
wheat     .fat                  -INF             .            +INF             .          
wheat     .carbonhydrate        -INF             .            +INF             .          
pwheat    .calorie              -INF             .            +INF             .          
pwheat    .protein              -INF             .            +INF             .          
pwheat    .fat                  -INF             .            +INF             .          
pwheat    .carbonhydrate        -INF             .            +INF             .          
barley    .calorie              -INF             .            +INF             .          
barley    .protein              -INF             .            +INF             .          
barley    .fat                  -INF             .            +INF             .          
barley    .carbonhydrate        -INF             .            +INF             .          
pbarley   .calorie              -INF             .            +INF             .          
pbarley   .protein              -INF             .            +INF             .          
pbarley   .fat                  -INF             .            +INF             .          
pbarley   .carbonhydrate        -INF             .            +INF             .          
naked     .calorie              -INF             .            +INF             .          
naked     .protein              -INF             .            +INF             .          
naked     .fat                  -INF             .            +INF             .          
naked     .carbonhydrate        -INF             .            +INF             .          
corn      .calorie              -INF             .            +INF             .          
corn      .protein              -INF             .            +INF             .          
corn      .fat                  -INF             .            +INF             .          
corn      .carbonhydrate        -INF             .            +INF             .          
sorghum   .calorie              -INF             .            +INF             .          
sorghum   .protein              -INF             .            +INF             .          
sorghum   .fat                  -INF             .            +INF             .          
sorghum   .carbonhydrate        -INF             .            +INF             .          
mis_grains.calorie              -INF             .            +INF             .          
mis_grains.protein              -INF             .            +INF             .          
mis_grains.fat                  -INF             .            +INF             .          
mis_grains.carbonhydrate        -INF             .            +INF             .          
sweetp    .calorie              -INF             .            +INF             .          
sweetp    .protein              -INF             .            +INF             .          
sweetp    .fat                  -INF             .            +INF             .          
sweetp    .carbonhydrate        -INF             .            +INF             .          
psweetp   .calorie              -INF             .            +INF             .          
psweetp   .protein              -INF             .            +INF             .          
psweetp   .fat                  -INF             .            +INF             .          
psweetp   .carbonhydrate        -INF             .            +INF             .          
potato    .calorie              -INF             .            +INF             .          
potato    .protein              -INF             .            +INF             .          
potato    .fat                  -INF             .            +INF             .          
potato    .carbonhydrate        -INF             .            +INF             .          
ppotato   .calorie              -INF             .            +INF             .          
ppotato   .protein              -INF             .            +INF             .          
ppotato   .fat                  -INF             .            +INF             .          
ppotato   .carbonhydrate        -INF             .            +INF             .          
soy       .calorie              -INF             .            +INF             .          
soy       .protein              -INF             .            +INF             .          
soy       .fat                  -INF             .            +INF             .          
soy       .carbonhydrate        -INF             .            +INF             .          
psoy      .calorie              -INF             .            +INF             .          
psoy      .protein              -INF             .            +INF             .          
psoy      .fat                  -INF             .            +INF             .          
psoy      .carbonhydrate        -INF             .            +INF             .          
mis_beans .calorie              -INF             .            +INF             .          
mis_beans .protein              -INF             .            +INF             .          
mis_beans .fat                  -INF             .            +INF             .          
mis_beans .carbonhydrate        -INF             .            +INF             .          
veges     .calorie              -INF             .            +INF             .          
veges     .protein              -INF             .            +INF             .          
veges     .fat                  -INF             .            +INF             .          
veges     .carbonhydrate        -INF             .            +INF             .          
mandarin  .calorie              -INF             .            +INF             .          
mandarin  .protein              -INF             .            +INF             .          
mandarin  .fat                  -INF             .            +INF             .          
mandarin  .carbonhydrate        -INF             .            +INF             .          
apple     .calorie              -INF             .            +INF             .          
apple     .protein              -INF             .            +INF             .          
apple     .fat                  -INF             .            +INF             .          
apple     .carbonhydrate        -INF             .            +INF             .          
mis_fruits.calorie              -INF             .            +INF             .          
mis_fruits.protein              -INF             .            +INF             .          
mis_fruits.fat                  -INF             .            +INF             .          
mis_fruits.carbonhydrate        -INF             .            +INF             .          
scane     .calorie              -INF             .            +INF             .          
scane     .protein              -INF             .            +INF             .          
scane     .fat                  -INF             .            +INF             .          
scane     .carbonhydrate        -INF             .            +INF             .          
sbeat     .calorie              -INF             .            +INF             .          
sbeat     .protein              -INF             .            +INF             .          
sbeat     .fat                  -INF             .            +INF             .          
sbeat     .carbonhydrate        -INF             .            +INF             .          
rapeseed  .calorie              -INF             .            +INF             .          
rapeseed  .protein              -INF             .            +INF             .          
rapeseed  .fat                  -INF             .            +INF             .          
rapeseed  .carbonhydrate        -INF             .            +INF             .          
fish      .calorie              -INF             .            +INF             .          
fish      .protein              -INF             .            +INF             .          
fish      .fat                  -INF             .            +INF             .          
fish      .carbonhydrate        -INF             .            +INF             .          
seaweed   .calorie              -INF             .            +INF             .          
seaweed   .protein              -INF             .            +INF             .          
seaweed   .fat                  -INF             .            +INF             .          
seaweed   .carbonhydrate        -INF             .            +INF             .          
starch    .calorie              -INF           32.1233        +INF             .          
starch    .protein              -INF            0.0089        +INF             .          
starch    .fat                  -INF            0.0535        +INF             .          
starch    .carbonhydrate        -INF             .            +INF             .          
sugar     .calorie              -INF           58.2207        +INF             .          
sugar     .protein              -INF             .            +INF             .          
sugar     .fat                  -INF             .            +INF             .          
sugar     .carbonhydrate        -INF             .            +INF             .          
oil       .calorie              -INF           34.7394        +INF             .          
oil       .protein              -INF             .            +INF             .          
oil       .fat                  -INF            3.7719        +INF             .          
oil       .carbonhydrate        -INF             .            +INF             .          
miso      .calorie              -INF            0.3946        +INF             .          
miso      .protein              -INF            0.0271        +INF             .          
miso      .fat                  -INF            0.0130        +INF             .          
miso      .carbonhydrate        -INF             .            +INF             .          
soysource .calorie              -INF            0.1236        +INF             .          
soysource .protein              -INF            0.0125        +INF             .          
soysource .fat                  -INF             .            +INF             .          
soysource .carbonhydrate        -INF             .            +INF             .          
mis_foods .calorie              -INF             .            +INF             .          
mis_foods .protein              -INF             .            +INF             .          
mis_foods .fat                  -INF             .            +INF             .          
mis_foods .carbonhydrate        -INF             .            +INF             .          

---- VAR nnpotential_l  Potential nutrition intake from animal products (kcal or grams/capita)

                             LOWER          LEVEL          UPPER         MARGINAL

beef   .calorie              -INF            3.5557        +INF             .          
beef   .protein              -INF            0.2100        +INF             .          
beef   .fat                  -INF            0.2816        +INF             .          
beef   .carbonhydrate        -INF            0.0025        +INF             .          
pork   .calorie              -INF             .            +INF             .          
pork   .protein              -INF             .            +INF             .          
pork   .fat                  -INF             .            +INF             .          
pork   .carbonhydrate        -INF             .            +INF             .          
chicken.calorie              -INF            0.0870        +INF             .          
chicken.protein              -INF            0.0108        +INF             .          
chicken.fat                  -INF            0.0044        +INF             .          
chicken.carbonhydrate        -INF             .            +INF             .          
egg    .calorie              -INF            2.3578        +INF             .          
egg    .protein              -INF            0.1921        +INF             .          
egg    .fat                  -INF            0.1608        +INF             .          
egg    .carbonhydrate        -INF            0.0047        +INF             .          
milk   .calorie              -INF           88.3736        +INF             .          
milk   .protein              -INF            4.3527        +INF             .          
milk   .fat                  -INF            5.0122        +INF             .          
milk   .carbonhydrate        -INF            5.8036        +INF             .          

                           LOWER          LEVEL          UPPER         MARGINAL

---- VAR cdeficit          -INF        -6584.5366        +INF             .          
---- VAR cshortrate        -INF           -3.0515        +INF             .          

  cdeficit  Calorie deficit (kcal/capita)
  cshortrate  Calorie shortage rate

---- VAR dpotential_c  Potential netfood intake from crops (grams/capita)

                  LOWER          LEVEL          UPPER         MARGINAL

rice              -INF          161.2429        +INF             .          
wheat             -INF           13.2484        +INF             .          
pwheat            -INF           28.5630        +INF             .          
barley            -INF             .            +INF             .          
pbarley           -INF      1.794904E-17        +INF             .          
naked             -INF             .            +INF             .          
corn              -INF             .            +INF             .          
sorghum           -INF             .            +INF             .          
mis_grains        -INF             .            +INF             .          
sweetp            -INF           30.1870        +INF             .          
psweetp           -INF             .            +INF             .          
potato            -INF          112.8501        +INF             .          
ppotato           -INF             .            +INF             .          
soy               -INF            0.1580        +INF             .          
psoy              -INF             .            +INF             .          
mis_beans         -INF             .            +INF             .          
veges             -INF          587.3649        +INF             .          
mandarin          -INF            9.4879        +INF             .          
apple             -INF           12.3364        +INF             .          
mis_fruits        -INF            8.5345        +INF             .          
scane             -INF             .            +INF             .          
sbeat             -INF             .            +INF             .          
rapeseed          -INF             .            +INF             .          
fish              -INF             .            +INF             .          
seaweed           -INF             .            +INF             .          
starch            -INF             .            +INF             .          
sugar             -INF             .            +INF             .          
oil               -INF             .            +INF             .          
miso              -INF             .            +INF             .          
soysource         -INF             .            +INF             .          
mis_foods         -INF             .            +INF             .          

---- VAR dpotential_f  Potential netfood intake from processed foods (grams/capita)

                  LOWER          LEVEL          UPPER         MARGINAL

rice              -INF             .            +INF             .          
wheat             -INF             .            +INF             .          
pwheat            -INF             .            +INF             .          
barley            -INF             .            +INF             .          
pbarley           -INF             .            +INF             .          
naked             -INF             .            +INF             .          
corn              -INF             .            +INF             .          
sorghum           -INF             .            +INF             .          
mis_grains        -INF             .            +INF             .          
sweetp            -INF             .            +INF             .          
psweetp           -INF             .            +INF             .          
potato            -INF             .            +INF             .          
ppotato           -INF             .            +INF             .          
soy               -INF             .            +INF             .          
psoy              -INF             .            +INF             .          
mis_beans         -INF             .            +INF             .          
veges             -INF             .            +INF             .          
mandarin          -INF             .            +INF             .          
apple             -INF             .            +INF             .          
mis_fruits        -INF             .            +INF             .          
scane             -INF             .            +INF             .          
sbeat             -INF             .            +INF             .          
rapeseed          -INF             .            +INF             .          
fish              -INF             .            +INF             .          
seaweed           -INF             .            +INF             .          
starch            -INF            8.9182        +INF             .          
sugar             -INF           15.1616        +INF             .          
oil               -INF            3.7719        +INF             .          
miso              -INF            0.2168        +INF             .          
soysource         -INF            0.1626        +INF             .          
mis_foods         -INF             .            +INF             .          

---- VAR dpotential_l  Potential netfood intake from animal products (grams/capita)

               LOWER          LEVEL          UPPER         MARGINAL

beef           -INF            1.5438        +INF             .          
pork           -INF             .            +INF             .          
chicken        -INF            0.0681        +INF             .          
egg            -INF            1.9519        +INF             .          
milk           -INF          164.8761        +INF             .          

---- VAR delta  Net food intake change (grams/capita)

              LOWER          LEVEL          UPPER         MARGINAL

starch        -INF           33.9818        +INF             .          
sugar         -INF           31.4384        +INF             .          
grain         -INF          112.9457        +INF             .          
tuber         -INF          -27.6371        +INF             .          
pulse         -INF           42.8420        +INF             .          
veget         -INF         -345.9649        +INF             .          
fruit         -INF           60.4412        +INF             .          
other         -INF           45.2487        +INF             .          

                           LOWER          LEVEL          UPPER         MARGINAL

---- VAR deltasumsq        -INF            3.5058        +INF             .          

  deltasumsq  Sum of squared net food intake change rate (crop group)

---- VAR adelta  Net food intake change (grams/capita)

                 LOWER          LEVEL          UPPER         MARGINAL

meat             -INF           91.0881        +INF             .          
egg_dairy        -INF          136.8721        +INF             .          

                           LOWER          LEVEL          UPPER         MARGINAL

---- VAR adeltasum~        -INF            0.1581        +INF             .          
---- VAR target            -INF          181.2559        +INF             .          

  adeltasumsq  Sum of squared net food intake change rate (animal product group)
  target  Weighted average of calorie deficit and net food balance


**** REPORT SUMMARY :        0     NONOPT
                             0 INFEASIBLE
                             0  UNBOUNDED
                             0     ERRORS
                            88  PROJECTED
GAMS 32.2.0  rc62c018 Released Aug 26, 2020 WEX-WEI x86 64bit/MS Windows - 02/18/26 01:42:35 Page 21
Food Supply Simulation in Japan applying the SWISSfoodSys Model
E x e c u t i o n


----    785 VARIABLE xrlcrop.L  Cropping area (1000ha)

                             paddy_wet   paddy_dry  field_rain   field_irr     orchard

rice      .Hokkaido             70.252     151.344
rice      .Tohoku_Hokuriku     436.733
rice      .Kanto_West          718.933     455.363
rice      .Okinawa               0.389       0.362
wheat     .Hokkaido                                    129.275
wheat     .Tohoku_Hokuriku                              96.900
pwheat    .Kanto_West                      455.363
pwheat    .Okinawa                           0.362
sweetp    .Tohoku_Hokuriku                              96.900
potato    .Hokkaido                                                214.200
soy       .Hokkaido                                      6.930      12.895
veges     .Tohoku_Hokuriku                 424.304      24.683      31.627
veges     .Kanto_West                       84.188     318.586     209.029
veges     .Okinawa                                                   4.434
mandarin  .Kanto_West                                                           36.200
apple     .Hokkaido                                                              3.050
apple     .Tohoku_Hokuriku                                                       2.816
apple     .Kanto_West                                                           29.234
mis_fruits.Tohoku_Hokuriku                                                      46.434
mis_fruits.Kanto_West                                                           23.814
mis_fruits.Okinawa                                                               1.880
scane     .Okinawa                                       5.230      17.970
sbeat     .Hokkaido                                     55.400


----    785 VARIABLE xcrop.L  Cropping area (1000ha)

rice       1833.376,    wheat       226.175,    pwheat      455.725,    sweetp       96.900,    potato      214.200,    soy          19.825,    veges      1096.851,    mandarin     36.200,    apple        35.100,    mis_fruits   72.128,    scane        23.200,    sbeat        55.400


----    785 VARIABLE xlive.L  Head of animal ls

dairycow   1955048.481,    layinghens 5541104.087


----    785 VARIABLE yfeed.L  Distribution of feed j to animal ls (MT)

                fodder   ricestraw    ricebran  wheatstraw   wheatbran  potatovin~  soybeanca~    beetpulp    molasses     bagasse  meatbonem~    fishmeal

dairycow   4030620.000 8762070.579  627014.592 3195724.350  569522.880 2386155.666   20934.884   39309.624   90644.372  174914.080
layinghens                                                                                                                          164387.000   55615.000


----    785 VARIABLE dms.L  DM supply               (MT)

fodder       4030620.000,    ricestraw    8762070.579,    ricebran      627014.592,    wheatstraw   3195724.350,    wheatbran     569522.880,    potatovines  2386155.666,    soybeancake    20934.884,    rapeseedcake -9.0949E-13,    beetpulp       39309.624,    molasses       90644.372,    bagasse       174914.080,    meatbonemeal  164387.000,    fishmeal       55615.000


----    785 VARIABLE cdeficit.L            =    -6584.537  Calorie deficit (kcal/capita)
            VARIABLE cshortrate.L          =       -3.052  Calorie shortage rate
            VARIABLE deltasumsq.L          =        3.506  Sum of squared net food intake change rate (crop group)
            VARIABLE adeltasumsq.L         =        0.158  Sum of squared net food intake change rate (animal product group)

----   1166 PARAMETER CRT  Crops to region month pair (0/1)

                                   jan         feb         mar         apr         may         jun         jul         aug         sep         oct         nov         dec

rice      .Hokkaido                                                                          1.000       1.000       1.000       1.000
rice      .Tohoku_Hokuriku                                                                   1.000       1.000       1.000       1.000       1.000
rice      .Kanto_West                                                                        1.000       1.000       1.000       1.000       1.000
rice      .Okinawa                                                                           1.000       1.000       1.000       1.000       1.000
wheat     .Hokkaido              1.000       1.000       1.000       1.000       1.000       1.000       1.000                   1.000       1.000       1.000       1.000
wheat     .Tohoku_Hokuriku       1.000       1.000       1.000       1.000       1.000                                                                   1.000       1.000
wheat     .Kanto_West            1.000       1.000       1.000       1.000       1.000                                                                   1.000       1.000
wheat     .Okinawa               1.000       1.000       1.000       1.000       1.000                                                                   1.000       1.000
pwheat    .Hokkaido              1.000       1.000       1.000       1.000       1.000       1.000       1.000                   1.000       1.000       1.000       1.000
pwheat    .Tohoku_Hokuriku       1.000       1.000       1.000       1.000       1.000                                                                   1.000       1.000
pwheat    .Kanto_West            1.000       1.000       1.000       1.000       1.000                                                                   1.000       1.000
pwheat    .Okinawa               1.000       1.000       1.000       1.000       1.000                                                                   1.000       1.000
barley    .Hokkaido                                                  1.000       1.000       1.000       1.000       1.000
barley    .Tohoku_Hokuriku       1.000       1.000       1.000       1.000       1.000                                                                   1.000       1.000
barley    .Kanto_West            1.000       1.000       1.000       1.000       1.000                                                                   1.000       1.000
barley    .Okinawa               1.000       1.000       1.000       1.000       1.000                                                                   1.000       1.000
pbarley   .Hokkaido                                                  1.000       1.000       1.000       1.000       1.000
pbarley   .Tohoku_Hokuriku       1.000       1.000       1.000       1.000       1.000                                                                   1.000       1.000
pbarley   .Kanto_West            1.000       1.000       1.000       1.000       1.000                                                                   1.000       1.000
pbarley   .Okinawa               1.000       1.000       1.000       1.000       1.000                                                                   1.000       1.000
naked     .Hokkaido                                                  1.000       1.000       1.000       1.000       1.000
naked     .Tohoku_Hokuriku       1.000       1.000       1.000       1.000       1.000                                                                   1.000       1.000
naked     .Kanto_West            1.000       1.000       1.000       1.000       1.000                                                                   1.000       1.000
naked     .Okinawa               1.000       1.000       1.000       1.000       1.000                                                                   1.000       1.000
corn      .Hokkaido                                                              1.000       1.000       1.000       1.000       1.000       1.000
corn      .Tohoku_Hokuriku                                                                   1.000       1.000       1.000       1.000       1.000
corn      .Kanto_West                                                                        1.000       1.000       1.000       1.000       1.000
corn      .Okinawa                                                                           1.000       1.000       1.000       1.000       1.000
sorghum   .Hokkaido                                                              1.000       1.000       1.000       1.000       1.000       1.000
sorghum   .Tohoku_Hokuriku                                                       1.000       1.000       1.000       1.000       1.000       1.000
sorghum   .Kanto_West                                                            1.000       1.000       1.000       1.000       1.000       1.000
sorghum   .Okinawa                                                               1.000       1.000       1.000       1.000       1.000       1.000
mis_grains.Hokkaido                                                              1.000       1.000       1.000       1.000       1.000
mis_grains.Tohoku_Hokuriku                               1.000       1.000       1.000       1.000
mis_grains.Kanto_West                                    1.000       1.000       1.000       1.000
mis_grains.Okinawa                                       1.000       1.000       1.000       1.000
sweetp    .Hokkaido                                                                          1.000       1.000       1.000       1.000       1.000
sweetp    .Tohoku_Hokuriku                                                                   1.000       1.000       1.000       1.000       1.000
sweetp    .Kanto_West                                                                        1.000       1.000       1.000       1.000       1.000
sweetp    .Okinawa                                                                           1.000       1.000       1.000       1.000       1.000
psweetp   .Hokkaido                                                                          1.000       1.000       1.000       1.000       1.000
psweetp   .Tohoku_Hokuriku                                                                   1.000       1.000       1.000       1.000       1.000
psweetp   .Kanto_West                                                                        1.000       1.000       1.000       1.000       1.000
psweetp   .Okinawa                                                                           1.000       1.000       1.000       1.000       1.000
potato    .Hokkaido                                                  1.000       1.000       1.000       1.000       1.000       1.000       1.000
potato    .Tohoku_Hokuriku                   1.000       1.000       1.000       1.000       1.000       1.000
potato    .Kanto_West                        1.000       1.000       1.000       1.000       1.000       1.000
potato    .Okinawa                           1.000       1.000       1.000       1.000       1.000       1.000
ppotato   .Hokkaido                                                  1.000       1.000       1.000       1.000       1.000       1.000       1.000
ppotato   .Tohoku_Hokuriku                   1.000       1.000       1.000       1.000       1.000       1.000
ppotato   .Kanto_West                        1.000       1.000       1.000       1.000       1.000       1.000
ppotato   .Okinawa                           1.000       1.000       1.000       1.000       1.000       1.000
soy       .Hokkaido                                                              1.000       1.000       1.000       1.000       1.000       1.000
soy       .Tohoku_Hokuriku                                                                   1.000       1.000       1.000       1.000       1.000
soy       .Kanto_West                                                                        1.000       1.000       1.000       1.000       1.000
soy       .Okinawa                                                                           1.000       1.000       1.000       1.000       1.000
psoy      .Hokkaido                                                              1.000       1.000       1.000       1.000       1.000       1.000
psoy      .Tohoku_Hokuriku                                                                   1.000       1.000       1.000       1.000       1.000
psoy      .Kanto_West                                                                        1.000       1.000       1.000       1.000       1.000
psoy      .Okinawa                                                                           1.000       1.000       1.000       1.000       1.000
mis_beans .Hokkaido                                                              1.000       1.000       1.000       1.000       1.000       1.000
mis_beans .Tohoku_Hokuriku                                                       1.000       1.000       1.000       1.000       1.000       1.000
mis_beans .Kanto_West                                                            1.000       1.000       1.000       1.000       1.000       1.000
mis_beans .Okinawa                                                               1.000       1.000       1.000       1.000       1.000       1.000
veges     .Hokkaido              1.000       1.000       1.000       1.000       1.000       1.000       1.000       1.000       1.000       1.000       1.000       1.000
veges     .Tohoku_Hokuriku       1.000       1.000       1.000       1.000       1.000       1.000       1.000       1.000       1.000       1.000       1.000       1.000
veges     .Kanto_West            1.000       1.000       1.000       1.000       1.000       1.000       1.000       1.000       1.000       1.000       1.000       1.000
veges     .Okinawa               1.000       1.000       1.000       1.000       1.000       1.000       1.000       1.000       1.000       1.000       1.000       1.000
mandarin  .Hokkaido              1.000       1.000       1.000       1.000       1.000       1.000       1.000       1.000       1.000       1.000       1.000       1.000
mandarin  .Tohoku_Hokuriku       1.000       1.000       1.000       1.000       1.000       1.000       1.000       1.000       1.000       1.000       1.000       1.000
mandarin  .Kanto_West            1.000       1.000       1.000       1.000       1.000       1.000       1.000       1.000       1.000       1.000       1.000       1.000
mandarin  .Okinawa               1.000       1.000       1.000       1.000       1.000       1.000       1.000       1.000       1.000       1.000       1.000       1.000
apple     .Hokkaido              1.000       1.000       1.000       1.000       1.000       1.000       1.000       1.000       1.000       1.000       1.000       1.000
apple     .Tohoku_Hokuriku       1.000       1.000       1.000       1.000       1.000       1.000       1.000       1.000       1.000       1.000       1.000       1.000
apple     .Kanto_West            1.000       1.000       1.000       1.000       1.000       1.000       1.000       1.000       1.000       1.000       1.000       1.000
apple     .Okinawa               1.000       1.000       1.000       1.000       1.000       1.000       1.000       1.000       1.000       1.000       1.000       1.000
mis_fruits.Hokkaido              1.000       1.000       1.000       1.000       1.000       1.000       1.000       1.000       1.000       1.000       1.000       1.000
mis_fruits.Tohoku_Hokuriku       1.000       1.000       1.000       1.000       1.000       1.000       1.000       1.000       1.000       1.000       1.000       1.000
mis_fruits.Kanto_West            1.000       1.000       1.000       1.000       1.000       1.000       1.000       1.000       1.000       1.000       1.000       1.000
mis_fruits.Okinawa               1.000       1.000       1.000       1.000       1.000       1.000       1.000       1.000       1.000       1.000       1.000       1.000
scane     .Hokkaido              1.000       1.000       1.000       1.000       1.000       1.000       1.000       1.000       1.000       1.000       1.000       1.000
scane     .Tohoku_Hokuriku       1.000       1.000       1.000       1.000       1.000       1.000       1.000       1.000       1.000       1.000       1.000       1.000
scane     .Kanto_West            1.000       1.000       1.000       1.000       1.000       1.000       1.000       1.000       1.000       1.000       1.000       1.000
scane     .Okinawa               1.000       1.000       1.000       1.000       1.000       1.000       1.000       1.000       1.000       1.000       1.000       1.000
sbeat     .Hokkaido                                                              1.000       1.000       1.000       1.000       1.000       1.000
sbeat     .Tohoku_Hokuriku                                                       1.000       1.000       1.000       1.000       1.000       1.000
sbeat     .Kanto_West                                                            1.000       1.000       1.000       1.000       1.000       1.000
sbeat     .Okinawa                                                               1.000       1.000       1.000       1.000       1.000       1.000
rapeseed  .Hokkaido              1.000       1.000       1.000       1.000       1.000       1.000       1.000                   1.000       1.000       1.000       1.000
rapeseed  .Tohoku_Hokuriku       1.000       1.000       1.000       1.000       1.000       1.000       1.000                   1.000       1.000       1.000       1.000
rapeseed  .Kanto_West            1.000       1.000       1.000       1.000       1.000       1.000       1.000                   1.000       1.000       1.000       1.000
rapeseed  .Okinawa               1.000       1.000       1.000       1.000       1.000       1.000       1.000                   1.000       1.000       1.000       1.000


----   1166 PARAMETER land_endw  Land endowment (1000ha)

                  paddy_wet   paddy_dry  field_rain   field_irr     orchard     pasture

Hokkaido             70.252     151.344     191.605     227.095       3.050     498.100
Tohoku_Hokuriku     436.733     424.304     179.073      31.627      49.250
Kanto_West          718.933     539.551     346.038     209.029     199.400
Okinawa               0.389       0.362      11.230      22.404       1.880


----   1166 PARAMETER x2n  Cropping area(1000ha) to net food (grams)

rice       4.114777E+9,    wheat      2.820038E+9,    pwheat     2.820038E+9,    barley     5.383522E+7,    pbarley    5.383522E+7,    naked      1.226419E+9,    corn       1.499079E+7,    mis_grains 2.794847E+8,    sweetp     1.94818E+10,    psweetp    1.94818E+10,    potato     2.64816E+10,    ppotato    2.64816E+10,    soy        1.532632E+9,    psoy       1.532632E+9,    mis_beans  1.412935E+9,    veges      2.24200E+10,    mandarin   1.19534E+10,    apple      1.60292E+10,    mis_fruits 5.396378E+9


----   1166 PARAMETER x2nn  Cropping area(1000ha) to nutritive value (kcal grams)

               calorie     protein         fat  carbonhyd~

rice       1.47309E+10 2.510014E+8 3.703300E+7 3.348400E+9
wheat      1.03777E+10 2.735437E+8 5.076069E+7 2.206680E+9
pwheat     1.03777E+10 2.735437E+8 5.076069E+7 2.206680E+9
barley     1.771179E+8 3606959.491  807528.244 3.885557E+7
pbarley    1.771179E+8 3606959.491  807528.244 3.885557E+7
naked      4.034920E+9 8.217010E+7 1.839629E+7 8.851682E+8
corn       5.218294E+7 1229244.823  359778.973 1.100699E+7
mis_grains 9.449378E+8 3.269971E+7 8384541.190 1.846695E+8
sweetp     2.61056E+10 2.337819E+8 3.896366E+7 6.204962E+9
psweetp    2.61056E+10 2.337819E+8 3.896366E+7 6.204962E+9
potato     2.01260E+10 4.237061E+8 2.648163E+7 4.548220E+9
ppotato    2.01260E+10 4.237061E+8 2.648163E+7 4.548220E+9
soy        6.467705E+9 5.180295E+8 3.019284E+8 4.195579E+8
psoy       6.467705E+9 5.180295E+8 3.019284E+8 4.195579E+8
mis_beans  5.425669E+9 3.193232E+8 2.288954E+8 5.220794E+8
veges      6.165503E+9 2.690401E+8 4.484002E+7 1.171446E+9
mandarin   5.737648E+9 7.172060E+7 1.195343E+7 1.335796E+9
apple      8.495453E+9 1.602916E+7 3.205831E+7 2.035703E+9
mis_fruits 4.505976E+9 7.554930E+7 1.403058E+8 7.352566E+8


----   1166 PARAMETER allow  Allowance of cropping in each pattern

                   rice       wheat      pwheat      barley     pbarley      sweetp     psweetp      potato     ppotato         soy        psoy       veges    mandarin       apple  mis_fruits       scane       sbeat        fish     seaweed      starch       sugar         oil        miso   soysource   mis_foods

potato            1.000                   1.000                               1.000       1.000       1.000       1.000                               1.000       1.000       1.000       1.000       1.000       1.000       1.000       1.000       1.000       1.000       1.000       1.000       1.000       1.000
rice_wheat        1.000       1.000       1.000                                                                               1.000       1.000       1.000       1.000       1.000       1.000       1.000       1.000       1.000       1.000       1.000       1.000       1.000       1.000       1.000       1.000
combination       1.000       1.000       1.000       1.000       1.000       1.000       1.000       1.000       1.000       1.000       1.000       1.000       1.000       1.000       1.000       1.000       1.000       1.000       1.000       1.000       1.000       1.000       1.000       1.000       1.000

GAMS 32.2.0  rc62c018 Released Aug 26, 2020 WEX-WEI x86 64bit/MS Windows - 02/18/26 01:42:35 Page 22
Food Supply Simulation in Japan applying the SWISSfoodSys Model
Equation Listing    SOLVE sol_rat_unlimited Using NLP From line 1177


---- link  =E=  xrlcrop to xcrop link by summation

link(rice)..  xrlcrop(rice,Hokkaido,paddy_wet) + xrlcrop(rice,Hokkaido,paddy_dry) + xrlcrop(rice,Tohoku_Hokuriku,paddy_wet) + xrlcrop(rice,Tohoku_Hokuriku,paddy_dry) + xrlcrop(rice,Kanto_West,paddy_wet) + xrlcrop(rice,Kanto_West,paddy_dry) + xrlcrop(rice,Okinawa,paddy_wet) + xrlcrop(rice,Okinawa,paddy_dry) - xcrop(rice) =E= 0 ; (LHS = 2.27373675443232E-13, INFES = 2.27373675443232E-13 ****)
     
link(wheat)..  xrlcrop(wheat,Hokkaido,field_rain) + xrlcrop(wheat,Hokkaido,field_irr) + xrlcrop(wheat,Tohoku_Hokuriku,field_rain) + xrlcrop(wheat,Tohoku_Hokuriku,field_irr) + xrlcrop(wheat,Kanto_West,field_rain) + xrlcrop(wheat,Kanto_West,field_irr) + xrlcrop(wheat,Okinawa,field_rain) + xrlcrop(wheat,Okinawa,field_irr) - xcrop(wheat) =E= 0 ; (LHS = -226.175299, INFES = 226.175299 ****)
     
link(pwheat)..  xrlcrop(pwheat,Kanto_West,paddy_dry) + xrlcrop(pwheat,Okinawa,paddy_dry) - xcrop(pwheat) =E= 0 ; (LHS = 0)
     
REMAINING 28 ENTRIES SKIPPED


---- landbal  =L=  Monthly land balance on each land type (1000ha)

landbal(jan,Hokkaido,field_rain)..  xrlcrop(wheat,Hokkaido,field_rain) + xrlcrop(rapeseed,Hokkaido,field_rain) =L= 191.60482 ; (LHS = 0)
     
landbal(jan,Hokkaido,field_irr)..  xrlcrop(wheat,Hokkaido,field_irr) + xrlcrop(rapeseed,Hokkaido,field_irr) =L= 227.09518 ; (LHS = 0)
     
landbal(jan,Hokkaido,orchard)..  xrlcrop(apple,Hokkaido,orchard) =L= 3.05 ; (LHS = 3.05)
     
REMAINING 209 ENTRIES SKIPPED


---- areamax_o  =L=  Area upper bound on orchard       (1000ha)

areamax_o(mandarin)..  xcrop(mandarin) =L= 36.2 ; (LHS = 36.2)
     
areamax_o(apple)..  xcrop(apple) =L= 35.1 ; (LHS = 35.1)
     
areamax_o(mis_fruits)..  xcrop(mis_fruits) =L= 94.748 ; (LHS = 72.1277463671585)
     

---- areamax_l  =L=  Area upper bound on local crops   (1000ha)

areamax_l(scane)..  xcrop(scane) =L= 23.2 ; (LHS = 23.2)
     
areamax_l(sbeat)..  xcrop(sbeat) =L= 55.4 ; (LHS = 55.4)
     

---- labdemand_c  =E=  Total labor demand by crop      (bil. hour)

labdemand_c..  - 0.00022*xcrop(rice) - 3.29999999999999E-5*xcrop(wheat) - 3.29999999999999E-5*xcrop(pwheat) - 3.29999999999999E-5*xcrop(barley) - 3.29999999999999E-5*xcrop(pbarley) - 3.29999999999999E-5*xcrop(naked) - 3.29999999999999E-5*xcrop(corn) - 3.29999999999999E-5*xcrop(sorghum) - 3.29999999999999E-5*xcrop(mis_grains) - 0.000859999999999998*xcrop(sweetp) - 0.000859999999999998*xcrop(psweetp) - 0.00011*xcrop(potato) - 0.00011*xcrop(ppotato) - 5.59999999999999E-5*xcrop(soy) - 5.59999999999999E-5*xcrop(psoy) - 5.59999999999999E-5*xcrop(mis_beans) - 0.000814999999999998*xcrop(veges) - 0.00266999999999999*xcrop(mandarin) - 0.00266999999999999*xcrop(apple) - 0.00266999999999999*xcrop(mis_fruits) - 0.000329999999999999*xcrop(scane) - 0.00011*xcrop(sbeat) - 3.29999999999999E-5*xcrop(rapeseed) + labd_c =E= 0 ; (LHS = 0.893933564999998, INFES = 0.893933564999998 ****)
     

---- labdemand_l  =E=  Total labor demand by livestock (bil. hour)

labdemand_l..  - 1.23E-7*xlive(dairycow) - 4.39999999999999E-8*xlive(dairyox) - 4.39999999999999E-8*xlive(heifer) - 4.39999999999999E-8*xlive(calves) - 3.09999999999999E-9*xlive(swine) - 1.99999999999999E-11*xlive(broiler) - 1.99999999999999E-10*xlive(layinghens) + labd_ls =E= 0 ; (LHS = 0)
     

---- labbal  =L=  Total labor balance             (bil. hour)

labbal..  labd_c + labd_ls =L= 2.96 ; (LHS = 2.96)
     

---- tdndemand  =E=  TDN demand by animal ls

tdndemand(dairycow)..  - 4.0544*xlive(dairycow) + tdnd(dairycow) =E= 0 ; (LHS = -1.86264514923096E-9, INFES = 1.86264514923096E-9 ****)
     
tdndemand(dairyox)..  - 3.2435*xlive(dairyox) + tdnd(dairyox) =E= 0 ; (LHS = 7.27595761418343E-12, INFES = 7.27595761418343E-12 ****)
     
tdndemand(heifer)..  - 2.6354*xlive(heifer) + tdnd(heifer) =E= 0 ; (LHS = 0)
     
REMAINING 4 ENTRIES SKIPPED


---- tdnsupply  =E=  TDN supply for animal ls by feed fe

tdnsupply(dairycow)..  - 0.813*yfeed(dairycow,rice) - 0.813*yfeed(dairycow,wheat) - 0.741*yfeed(dairycow,barley) - 0.799*yfeed(dairycow,corn) - 0.784*yfeed(dairycow,sorghum) - 0.592*yfeed(dairycow,fodder) - 0.377*yfeed(dairycow,ricestraw) - 0.558*yfeed(dairycow,ricebran) - 0.38*yfeed(dairycow,wheatstraw) - 0.627*yfeed(dairycow,wheatbran) - 0.074*yfeed(dairycow,potatovines) - 0.766*yfeed(dairycow,soybeancake) - 0.645*yfeed(dairycow,rapeseedcake) - 0.673*yfeed(dairycow,beetpulp) - 0.517*yfeed(dairycow,molasses) - 0.285*yfeed(dairycow,bagasse) + tdns(dairycow) =E= 0 ; (LHS = 0)
     
tdnsupply(dairyox)..  - 0.813*yfeed(dairyox,rice) - 0.813*yfeed(dairyox,wheat) - 0.741*yfeed(dairyox,barley) - 0.799*yfeed(dairyox,corn) - 0.784*yfeed(dairyox,sorghum) - 0.592*yfeed(dairyox,fodder) - 0.377*yfeed(dairyox,ricestraw) - 0.558*yfeed(dairyox,ricebran) - 0.38*yfeed(dairyox,wheatstraw) - 0.627*yfeed(dairyox,wheatbran) - 0.074*yfeed(dairyox,potatovines) - 0.766*yfeed(dairyox,soybeancake) - 0.645*yfeed(dairyox,rapeseedcake) - 0.673*yfeed(dairyox,beetpulp) - 0.517*yfeed(dairyox,molasses) - 0.285*yfeed(dairyox,bagasse) + tdns(dairyox) =E= 0 ; (LHS = 7.27595761418343E-12, INFES = 7.27595761418343E-12 ****)
     
tdnsupply(heifer)..  - 0.813*yfeed(heifer,rice) - 0.813*yfeed(heifer,wheat) - 0.741*yfeed(heifer,barley) - 0.799*yfeed(heifer,corn) - 0.784*yfeed(heifer,sorghum) - 0.592*yfeed(heifer,fodder) - 0.377*yfeed(heifer,ricestraw) - 0.558*yfeed(heifer,ricebran) - 0.38*yfeed(heifer,wheatstraw) - 0.627*yfeed(heifer,wheatbran) - 0.074*yfeed(heifer,potatovines) - 0.766*yfeed(heifer,soybeancake) - 0.645*yfeed(heifer,rapeseedcake) - 0.673*yfeed(heifer,beetpulp) - 0.517*yfeed(heifer,molasses) - 0.285*yfeed(heifer,bagasse) + tdns(heifer) =E= 0 ; (LHS = 0)
     
REMAINING 4 ENTRIES SKIPPED


---- tdnbal  =L=  TDN balance

tdnbal(dairycow)..  tdnd(dairycow) - tdns(dairycow) =L= 0 ; (LHS = 0)
     
tdnbal(dairyox)..  tdnd(dairyox) - tdns(dairyox) =L= 0 ; (LHS = 0)
     
tdnbal(heifer)..  tdnd(heifer) - tdns(heifer) =L= 0 ; (LHS = 0)
     
REMAINING 4 ENTRIES SKIPPED


---- dmsupply  =E=  Feed supply (constant + import + crop byproducts) (dry matter MT)

dmsupply(rice)..  dms(rice) =E= 0 ; (LHS = 0)
     
dmsupply(wheat)..  dms(wheat) =E= 0 ; (LHS = 0)
     
dmsupply(barley)..  dms(barley) =E= 0 ; (LHS = 0)
     
REMAINING 15 ENTRIES SKIPPED


---- distbal  =G=  Feed distribution balance

distbal(rice)..  - yfeed(dairycow,rice) - yfeed(dairyox,rice) - yfeed(heifer,rice) - yfeed(calves,rice) - yfeed(swine,rice) - yfeed(broiler,rice) - yfeed(layinghens,rice) + dms(rice) =G= 0 ; (LHS = 0)
     
distbal(wheat)..  - yfeed(dairycow,wheat) - yfeed(dairyox,wheat) - yfeed(heifer,wheat) - yfeed(calves,wheat) - yfeed(swine,wheat) - yfeed(broiler,wheat) - yfeed(layinghens,wheat) + dms(wheat) =G= 0 ; (LHS = 0)
     
distbal(barley)..  - yfeed(dairycow,barley) - yfeed(dairyox,barley) - yfeed(heifer,barley) - yfeed(calves,barley) - yfeed(swine,barley) - yfeed(broiler,barley) - yfeed(layinghens,barley) + dms(barley) =G= 0 ; (LHS = 0)
     
REMAINING 15 ENTRIES SKIPPED


---- bredbal  =L=  Livestock breeding balance

bredbal(dairycow)..  xlive(dairycow) =L= 2585100 ; (LHS = 1955048.48070109)
     
bredbal(dairyox)..  xlive(dairyox) =L= 713280 ; (LHS = 0)
     
bredbal(heifer)..  xlive(heifer) =L= 186900 ; (LHS = 0)
     
REMAINING 4 ENTRIES SKIPPED


---- nutpet_c  =E=  Potential nutrition supply (grams or kcal/capita)

nutpet_c(rice,calorie)..  - 0.322998314752886*xrlcrop(rice,Hokkaido,paddy_wet) - 0.329458281047943*xrlcrop(rice,Hokkaido,paddy_dry) - 0.322998314752886*xrlcrop(rice,Tohoku_Hokuriku,paddy_wet) - 0.329458281047943*xrlcrop(rice,Tohoku_Hokuriku,paddy_dry) - 0.322998314752886*xrlcrop(rice,Kanto_West,paddy_wet) - 0.329458281047943*xrlcrop(rice,Kanto_West,paddy_dry) - 0.322998314752886*xrlcrop(rice,Okinawa,paddy_wet) - 0.329458281047943*xrlcrop(rice,Okinawa,paddy_dry) + nnpotential_c(rice,calorie) =E= 0 ; (LHS = -18.8493056646272, INFES = 18.8493056646272 ****)
     
nutpet_c(rice,protein)..  - 0.00550360256981174*xrlcrop(rice,Hokkaido,paddy_wet) - 0.00561367462120797*xrlcrop(rice,Hokkaido,paddy_dry) - 0.00550360256981174*xrlcrop(rice,Tohoku_Hokuriku,paddy_wet) - 0.00561367462120797*xrlcrop(rice,Tohoku_Hokuriku,paddy_dry) - 0.00550360256981174*xrlcrop(rice,Kanto_West,paddy_wet) - 0.00561367462120797*xrlcrop(rice,Kanto_West,paddy_dry) - 0.00550360256981174*xrlcrop(rice,Okinawa,paddy_wet) - 0.00561367462120797*xrlcrop(rice,Okinawa,paddy_dry) + nnpotential_c(rice,protein) =E= 0 ; (LHS = -0.321175319983869, INFES = 0.321175319983869 ****)
     
nutpet_c(rice,fat)..  - 0.000812006936529601*xrlcrop(rice,Hokkaido,paddy_wet) - 0.000828247075260193*xrlcrop(rice,Hokkaido,paddy_dry) - 0.000812006936529601*xrlcrop(rice,Tohoku_Hokuriku,paddy_wet) - 0.000828247075260193*xrlcrop(rice,Tohoku_Hokuriku,paddy_dry) - 0.000812006936529601*xrlcrop(rice,Kanto_West,paddy_wet) - 0.000828247075260193*xrlcrop(rice,Kanto_West,paddy_dry) - 0.000812006936529601*xrlcrop(rice,Okinawa,paddy_wet) - 0.000828247075260193*xrlcrop(rice,Okinawa,paddy_dry) + nnpotential_c(rice,fat) =E= 0 ; (LHS = -0.047386522620571, INFES = 0.047386522620571 ****)
     
REMAINING 121 ENTRIES SKIPPED


---- nutpet_f  =E=  

nutpet_f(rice,calorie)..  nnpotential_f(rice,calorie) =E= 0 ; (LHS = 0)
     
nutpet_f(rice,protein)..  nnpotential_f(rice,protein) =E= 0 ; (LHS = 0)
     
nutpet_f(rice,fat)..  nnpotential_f(rice,fat) =E= 0 ; (LHS = 0)
     
REMAINING 121 ENTRIES SKIPPED


---- nutpet_l  =E=  

nutpet_l(beef,calorie)..  - 1.81875114534691E-6*xlive(dairycow) - 1.08460119258662E-5*xlive(dairyox) + nnpotential_l(beef,calorie) =E= 0 ; (LHS = 0)
     
nutpet_l(beef,protein)..  - 1.07394128068418E-7*xlive(dairycow) - 6.40438356164383E-7*xlive(dairyox) + nnpotential_l(beef,protein) =E= 0 ; (LHS = 0)
     
nutpet_l(beef,fat)..  - 1.44034477644702E-7*xlive(dairycow) - 8.58940854149878E-7*xlive(dairyox) + nnpotential_l(beef,fat) =E= 0 ; (LHS = 0)
     
REMAINING 17 ENTRIES SKIPPED


---- caloriebal  =E=  Calorie deficit (kcal/capita)

caloriebal..  5*nnpotential_c(rice,calorie) + 5*nnpotential_c(wheat,calorie) + 5*nnpotential_c(pwheat,calorie) + 5*nnpotential_c(barley,calorie) + 5*nnpotential_c(pbarley,calorie) + 5*nnpotential_c(naked,calorie) + 5*nnpotential_c(corn,calorie) + 5*nnpotential_c(sorghum,calorie) + 5*nnpotential_c(mis_grains,calorie) + 5*nnpotential_c(sweetp,calorie) + 5*nnpotential_c(psweetp,calorie) + 5*nnpotential_c(potato,calorie) + 5*nnpotential_c(ppotato,calorie) + 5*nnpotential_c(soy,calorie) + 5*nnpotential_c(psoy,calorie) + 5*nnpotential_c(mis_beans,calorie) + 5*nnpotential_c(veges,calorie) + 5*nnpotential_c(mandarin,calorie) + 5*nnpotential_c(apple,calorie) + 5*nnpotential_c(mis_fruits,calorie) + 5*nnpotential_c(scane,calorie) + 5*nnpotential_c(sbeat,calorie) + 5*nnpotential_c(rapeseed,calorie) + 5*nnpotential_c(fish,calorie) + 5*nnpotential_c(seaweed,calorie) + 5*nnpotential_c(starch,calorie) + 5*nnpotential_c(sugar,calorie) + 5*nnpotential_c(oil,calorie) + 5*nnpotential_c(miso,calorie) + 5*nnpotential_c(soysource,calorie) + 5*nnpotential_c(mis_foods,calorie) + 5*nnpotential_f(rice,calorie) + 5*nnpotential_f(wheat,calorie) + 5*nnpotential_f(pwheat,calorie) + 5*nnpotential_f(barley,calorie) + 5*nnpotential_f(pbarley,calorie) + 5*nnpotential_f(naked,calorie) + 5*nnpotential_f(corn,calorie) + 5*nnpotential_f(sorghum,calorie) + 5*nnpotential_f(mis_grains,calorie) + 5*nnpotential_f(sweetp,calorie) + 5*nnpotential_f(psweetp,calorie) + 5*nnpotential_f(potato,calorie) + 5*nnpotential_f(ppotato,calorie) + 5*nnpotential_f(soy,calorie) + 5*nnpotential_f(psoy,calorie) + 5*nnpotential_f(mis_beans,calorie) + 5*nnpotential_f(veges,calorie) + 5*nnpotential_f(mandarin,calorie) + 5*nnpotential_f(apple,calorie) + 5*nnpotential_f(mis_fruits,calorie) + 5*nnpotential_f(scane,calorie) + 5*nnpotential_f(sbeat,calorie) + 5*nnpotential_f(rapeseed,calorie) + 5*nnpotential_f(fish,calorie) + 5*nnpotential_f(seaweed,calorie) + 5*nnpotential_f(starch,calorie) + 5*nnpotential_f(sugar,calorie) + 5*nnpotential_f(oil,calorie) + 5*nnpotential_f(miso,calorie) + 5*nnpotential_f(soysource,calorie) + 5*nnpotential_f(mis_foods,calorie) + 31*nnpotential_l(beef,calorie) + 31*nnpotential_l(pork,calorie) + 31*nnpotential_l(chicken,calorie) + 31*nnpotential_l(egg,calorie) + 31*nnpotential_l(milk,calorie) + cdeficit =E= 2157.78551420568 ; (LHS = 2157.78551420568)
     

---- caloriebal_r  =E=  Calorie shortage rate

caloriebal_r..  - 0.00046343809123592*cdeficit + cshortrate =E= 0 ; (LHS = 0)
     

---- dietpet_c  =E=  Potential netfood supply (kcal/capita)

dietpet_c(rice)..  - 0.0902229929477334*xrlcrop(rice,Hokkaido,paddy_wet) - 0.0920274528066881*xrlcrop(rice,Hokkaido,paddy_dry) - 0.0902229929477334*xrlcrop(rice,Tohoku_Hokuriku,paddy_wet) - 0.0920274528066881*xrlcrop(rice,Tohoku_Hokuriku,paddy_dry) - 0.0902229929477334*xrlcrop(rice,Kanto_West,paddy_wet) - 0.0920274528066881*xrlcrop(rice,Kanto_West,paddy_dry) - 0.0902229929477334*xrlcrop(rice,Okinawa,paddy_wet) - 0.0920274528066881*xrlcrop(rice,Okinawa,paddy_dry) + dpotential_c(rice) =E= 0 ; (LHS = -5.26516918006348, INFES = 5.26516918006348 ****)
     
dietpet_c(wheat)..  - 0.0618337902397327*xrlcrop(wheat,Hokkaido,field_rain) - 0.0618337902397327*xrlcrop(wheat,Hokkaido,field_irr) - 0.0618337902397327*xrlcrop(wheat,Tohoku_Hokuriku,field_rain) - 0.0618337902397327*xrlcrop(wheat,Tohoku_Hokuriku,field_irr) - 0.0618337902397327*xrlcrop(wheat,Kanto_West,field_rain) - 0.0618337902397327*xrlcrop(wheat,Kanto_West,field_irr) - 0.0618337902397327*xrlcrop(wheat,Okinawa,field_rain) - 0.0618337902397327*xrlcrop(wheat,Okinawa,field_irr) + dpotential_c(wheat) =E= 0 ; (LHS = 13.248383650706, INFES = 13.248383650706 ****)
     
dietpet_c(pwheat)..  - 0.0661621555565139*xrlcrop(pwheat,Kanto_West,paddy_dry) - 0.0661621555565139*xrlcrop(pwheat,Okinawa,paddy_dry) + dpotential_c(pwheat) =E= 0 ; (LHS = -1.58871215498865, INFES = 1.58871215498865 ****)
     
REMAINING 28 ENTRIES SKIPPED


---- dietpet_f  =E=  

dietpet_f(rice)..  dpotential_f(rice) =E= 0 ; (LHS = 0)
     
dietpet_f(wheat)..  dpotential_f(wheat) =E= 0 ; (LHS = 0)
     
dietpet_f(pwheat)..  dpotential_f(pwheat) =E= 0 ; (LHS = 0)
     
REMAINING 28 ENTRIES SKIPPED


---- dietpet_l  =E=  

dietpet_l(beef)..  - 7.89662706385426E-7*xlive(dairycow) - 4.70910556003223E-6*xlive(dairyox) + dpotential_l(beef) =E= 0 ; (LHS = 0)
     
dietpet_l(pork)..  - 1.0774720847243E-6*xlive(swine) + dpotential_l(pork) =E= 0 ; (LHS = 0)
     
dietpet_l(chicken)..  - 2.88005613204185E-8*xlive(broiler) - 1.22827426177559E-8*xlive(layinghens) + dpotential_l(chicken) =E= 0 ; (LHS = 0)
     
REMAINING 2 ENTRIES SKIPPED


---- dietbal  =E=  Net food balance by fgroup (grams/capita)

dietbal(starch)..  dpotential_c(starch) + dpotential_f(starch) + delta(starch) =E= 42.9 ; (LHS = 42.9)
     
dietbal(sugar)..  dpotential_c(sugar) + dpotential_f(sugar) + delta(sugar) =E= 46.6 ; (LHS = 46.6)
     
dietbal(grain)..  dpotential_c(rice) + dpotential_c(wheat) + dpotential_c(pwheat) + dpotential_c(barley) + dpotential_c(pbarley) + dpotential_c(naked) + dpotential_c(mis_grains) + dpotential_f(rice) + dpotential_f(wheat) + dpotential_f(pwheat) + dpotential_f(barley) + dpotential_f(pbarley) + dpotential_f(naked) + dpotential_f(mis_grains) + delta(grain) =E= 316 ; (LHS = 316)
     
REMAINING 5 ENTRIES SKIPPED


---- dietbal_r  =E=  Net food shortage rate by fgroup

dietbal_r..  - (0.0369285282806204)*delta(starch) - (0.0289546334431819)*delta(sugar) - (9.04868352883965E-5)*delta(grain) + (0.0010376504052861)*delta(tuber) - (0.0115851851248065)*delta(pulse) + (0.0118737393483988)*delta(veget) - (0.00162910416624864)*delta(fruit) - (0.00231772597707832)*delta(other) + deltasumsq =E= 0 ; (LHS = 0)
     

---- adietbal  =E=  

adietbal(meat)..  dpotential_l(beef) + dpotential_l(pork) + dpotential_l(chicken) + adelta(meat) =E= 92.7 ; (LHS = 92.7)
     
adietbal(egg_dairy)..  dpotential_l(egg) + dpotential_l(milk) + adelta(egg_dairy) =E= 303.7 ; (LHS = 303.7)
     

---- adietbal_r  =E=  

adietbal_r..  - (0.00235553582880215)*adelta(meat) - (0.000741985340759368)*adelta(egg_dairy) + adeltasumsq =E= 0 ; (LHS = 0)
     

---- rat  =E=  Objective function evaluated as rate of shortage

rat..  - deltasumsq - adeltasumsq + target =E= 0 ; (LHS = 177.592044227363, INFES = 177.592044227363 ****)
     
GAMS 32.2.0  rc62c018 Released Aug 26, 2020 WEX-WEI x86 64bit/MS Windows - 02/18/26 01:42:35 Page 23
Food Supply Simulation in Japan applying the SWISSfoodSys Model
Column Listing      SOLVE sol_rat_unlimited Using NLP From line 1177


---- xrlcrop  Cropping area (1000ha)

xrlcrop(rice,Hokkaido,paddy_wet)
                (.LO, .L, .UP, .M = 0, 70.251835, +INF, 0)
        1       link(rice)
        1       landbal(jun,Hokkaido,paddy_wet)
        1       landbal(jul,Hokkaido,paddy_wet)
        1       landbal(aug,Hokkaido,paddy_wet)
        1       landbal(sep,Hokkaido,paddy_wet)
       -0.323   nutpet_c(rice,calorie)
       -0.0055  nutpet_c(rice,protein)
       -0.0008  nutpet_c(rice,fat)
       -0.0734  nutpet_c(rice,carbonhydrate)
       -0.0188  nutpet_f(oil,calorie)
       -0.002   nutpet_f(oil,fat)
       -0.0902  dietpet_c(rice)
       -0.002   dietpet_f(oil)

xrlcrop(rice,Hokkaido,paddy_dry)
                (.LO, .L, .UP, .M = 0, 151.344165, +INF, 0)
        1       link(rice)
        1       landbal(jun,Hokkaido,paddy_dry)
        1       landbal(jul,Hokkaido,paddy_dry)
        1       landbal(aug,Hokkaido,paddy_dry)
        1       landbal(sep,Hokkaido,paddy_dry)
       -0.3295  nutpet_c(rice,calorie)
       -0.0056  nutpet_c(rice,protein)
       -0.0008  nutpet_c(rice,fat)
       -0.0749  nutpet_c(rice,carbonhydrate)
       -0.0192  nutpet_f(oil,calorie)
       -0.0021  nutpet_f(oil,fat)
       -0.092   dietpet_c(rice)
       -0.0021  dietpet_f(oil)

xrlcrop(rice,Tohoku_Hokuriku,paddy_wet)
                (.LO, .L, .UP, .M = 0, 436.732987, +INF, 0)
        1       link(rice)
        1       landbal(jun,Tohoku_Hokuriku,paddy_wet)
        1       landbal(jul,Tohoku_Hokuriku,paddy_wet)
        1       landbal(aug,Tohoku_Hokuriku,paddy_wet)
        1       landbal(sep,Tohoku_Hokuriku,paddy_wet)
        1       landbal(oct,Tohoku_Hokuriku,paddy_wet)
       -0.323   nutpet_c(rice,calorie)
       -0.0055  nutpet_c(rice,protein)
       -0.0008  nutpet_c(rice,fat)
       -0.0734  nutpet_c(rice,carbonhydrate)
       -0.0188  nutpet_f(oil,calorie)
       -0.002   nutpet_f(oil,fat)
       -0.0902  dietpet_c(rice)
       -0.002   dietpet_f(oil)

REMAINING 93 ENTRIES SKIPPED

---- xcrop  Cropping area (1000ha)

xcrop(rice)
                (.LO, .L, .UP, .M = 0, 1833.376, +INF, 0)
       -1       link(rice)
       -0.0002  labdemand_c
    -4779.2     dmsupply(ricestraw)
     -342       dmsupply(ricebran)

xcrop(wheat)
                (.LO, .L, .UP, .M = 0, 226.175299, +INF, 0)
       -1       link(wheat)
  -3.300000E-5  labdemand_c
    -4686.5     dmsupply(wheatstraw)
     -835.2     dmsupply(wheatbran)

xcrop(pwheat)
                (.LO, .L, .UP, .M = 0, 455.724701, +INF, 0)
       -1       link(pwheat)
  -3.300000E-5  labdemand_c
    -4686.5     dmsupply(wheatstraw)
     -835.2     dmsupply(wheatbran)

REMAINING 28 ENTRIES SKIPPED

---- xlive  Head of animal ls

xlive(dairycow)
                (.LO, .L, .UP, .M = 0, 1955048.48070109, +INF, 0)
  -1.230000E-7  labdemand_l
       -4.0544  tdndemand(dairycow)
        1       bredbal(dairycow)
  -1.818751E-6  nutpet_l(beef,calorie)
  -1.073941E-7  nutpet_l(beef,protein)
  -1.440345E-7  nutpet_l(beef,fat)
  -1.263460E-9  nutpet_l(beef,carbonhydrate)
  -4.520275E-5  nutpet_l(milk,calorie)
  -2.226404E-6  nutpet_l(milk,protein)
  -2.563738E-6  nutpet_l(milk,fat)
  -2.968539E-6  nutpet_l(milk,carbonhydrate)
  -7.896627E-7  dietpet_l(beef)
  -8.433348E-5  dietpet_l(milk)

xlive(dairyox)
                (.LO, .L, .UP, .M = 0, 0, +INF, 6.09782210087165E-5)
  -4.400000E-8  labdemand_l
       -3.2435  tdndemand(dairyox)
        1       bredbal(dairyox)
  -1.084601E-5  nutpet_l(beef,calorie)
  -6.404384E-7  nutpet_l(beef,protein)
  -8.589409E-7  nutpet_l(beef,fat)
  -7.534569E-9  nutpet_l(beef,carbonhydrate)
  -4.709106E-6  dietpet_l(beef)

xlive(heifer)
                (.LO, .L, .UP, .M = 0, 0, +INF, 5.37376664263086E-5)
  -4.400000E-8  labdemand_l
       -2.6354  tdndemand(heifer)
        1       bredbal(heifer)

REMAINING 4 ENTRIES SKIPPED

---- yfeed  Distribution of feed j to animal ls (MT)

yfeed(dairycow,rice)
                (.LO, .L, .UP, .M = 0, 0, +INF, 0)
       -0.813   tdnsupply(dairycow)
       -1       distbal(rice)

yfeed(dairycow,wheat)
                (.LO, .L, .UP, .M = 0, 0, +INF, 0)
       -0.813   tdnsupply(dairycow)
       -1       distbal(wheat)

yfeed(dairycow,barley)
                (.LO, .L, .UP, .M = 0, 0, +INF, 0)
       -0.741   tdnsupply(dairycow)
       -1       distbal(barley)

REMAINING 123 ENTRIES SKIPPED

---- labd_c  Labor demand by crop      (bil. h)

labd_c
                (.LO, .L, .UP, .M = -INF, 2.71842081605631, +INF, 0)
        1       labdemand_c
        1       labbal


---- labd_ls  Labor demand by livestock (bil. h)

labd_ls
                (.LO, .L, .UP, .M = -INF, 0.241579183943694, +INF, 0)
        1       labdemand_l
        1       labbal


---- tdnd  TDN demand by livestock (MT)

tdnd(dairycow)
                (.LO, .L, .UP, .M = -INF, 7926548.5601545, +INF, 0)
        1       tdndemand(dairycow)
        1       tdnbal(dairycow)

tdnd(dairyox)
                (.LO, .L, .UP, .M = -INF, 7.27595761418343E-12, +INF, 0)
        1       tdndemand(dairyox)
        1       tdnbal(dairyox)

tdnd(heifer)
                (.LO, .L, .UP, .M = -INF, 0, +INF, 0)
        1       tdndemand(heifer)
        1       tdnbal(heifer)

REMAINING 4 ENTRIES SKIPPED

---- tdns  TDN supply to livestock (MT)

tdns(dairycow)
                (.LO, .L, .UP, .M = -INF, 7926548.5601545, +INF, 0)
        1       tdnsupply(dairycow)
       -1       tdnbal(dairycow)

tdns(dairyox)
                (.LO, .L, .UP, .M = -INF, 7.27595761418343E-12, +INF, 0)
        1       tdnsupply(dairyox)
       -1       tdnbal(dairyox)

tdns(heifer)
                (.LO, .L, .UP, .M = -INF, 0, +INF, 0)
        1       tdnsupply(heifer)
       -1       tdnbal(heifer)

REMAINING 4 ENTRIES SKIPPED

---- dms  DM supply               (MT)

dms(rice)
                (.LO, .L, .UP, .M = -INF, 0, +INF, 0)
        1       dmsupply(rice)
        1       distbal(rice)

dms(wheat)
                (.LO, .L, .UP, .M = -INF, 0, +INF, 0)
        1       dmsupply(wheat)
        1       distbal(wheat)

dms(barley)
                (.LO, .L, .UP, .M = -INF, 0, +INF, 0)
        1       dmsupply(barley)
        1       distbal(barley)

REMAINING 15 ENTRIES SKIPPED

---- nnpotential_c  Potential nutrition intake from crops (kcal or grams/capita)

nnpotential_c(rice,calorie)
                (.LO, .L, .UP, .M = -INF, 577.249697056898, +INF, 0)
        1       nutpet_c(rice,calorie)
        5       caloriebal

nnpotential_c(rice,protein)
                (.LO, .L, .UP, .M = -INF, 9.83581886046671, +INF, 0)
        1       nutpet_c(rice,protein)

nnpotential_c(rice,fat)
                (.LO, .L, .UP, .M = -INF, 1.45118638924919, +INF, 0)
        1       nutpet_c(rice,fat)

REMAINING 121 ENTRIES SKIPPED

---- nnpotential_f  Potential nutrition intake from processed foods (kcal or grams/capita)

nnpotential_f(rice,calorie)
                (.LO, .L, .UP, .M = -INF, 0, +INF, 0)
        1       nutpet_f(rice,calorie)
        5       caloriebal

nnpotential_f(rice,protein)
                (.LO, .L, .UP, .M = -INF, 0, +INF, 0)
        1       nutpet_f(rice,protein)

nnpotential_f(rice,fat)
                (.LO, .L, .UP, .M = -INF, 0, +INF, 0)
        1       nutpet_f(rice,fat)

REMAINING 121 ENTRIES SKIPPED

---- nnpotential_l  Potential nutrition intake from animal products (kcal or grams/capita)

nnpotential_l(beef,calorie)
                (.LO, .L, .UP, .M = -INF, 3.55574666348385, +INF, 0)
        1       nutpet_l(beef,calorie)
       31       caloriebal

nnpotential_l(beef,protein)
                (.LO, .L, .UP, .M = -INF, 0.209960726916379, +INF, 0)
        1       nutpet_l(beef,protein)

nnpotential_l(beef,fat)
                (.LO, .L, .UP, .M = -INF, 0.281594386687849, +INF, 0)
        1       nutpet_l(beef,fat)

REMAINING 17 ENTRIES SKIPPED

---- cdeficit  Calorie deficit (kcal/capita)

cdeficit
                (.LO, .L, .UP, .M = -INF, -6584.53660872139, +INF, 0)
        1       caloriebal
       -0.0005  caloriebal_r


---- cshortrate  Calorie shortage rate

cshortrate
                (.LO, .L, .UP, .M = -INF, -3.05152507761888, +INF, 0)
        1       caloriebal_r


---- dpotential_c  Potential netfood intake from crops (grams/capita)

dpotential_c(rice)
                (.LO, .L, .UP, .M = -INF, 161.242932138798, +INF, 0)
        1       dietpet_c(rice)
        1       dietbal(grain)

dpotential_c(wheat)
                (.LO, .L, .UP, .M = -INF, 13.248383650706, +INF, 0)
        1       dietpet_c(wheat)
        1       dietbal(grain)

dpotential_c(pwheat)
                (.LO, .L, .UP, .M = -INF, 28.5630164035192, +INF, 0)
        1       dietpet_c(pwheat)
        1       dietbal(grain)

REMAINING 28 ENTRIES SKIPPED

---- dpotential_f  Potential netfood intake from processed foods (grams/capita)

dpotential_f(rice)
                (.LO, .L, .UP, .M = -INF, 0, +INF, 0)
        1       dietpet_f(rice)
        1       dietbal(grain)

dpotential_f(wheat)
                (.LO, .L, .UP, .M = -INF, 0, +INF, 0)
        1       dietpet_f(wheat)
        1       dietbal(grain)

dpotential_f(pwheat)
                (.LO, .L, .UP, .M = -INF, 0, +INF, 0)
        1       dietpet_f(pwheat)
        1       dietbal(grain)

REMAINING 28 ENTRIES SKIPPED

---- dpotential_l  Potential netfood intake from animal products (grams/capita)

dpotential_l(beef)
                (.LO, .L, .UP, .M = -INF, 1.54382887438514, +INF, 0)
        1       dietpet_l(beef)
        1       adietbal(meat)

dpotential_l(pork)
                (.LO, .L, .UP, .M = -INF, 0, +INF, 0)
        1       dietpet_l(pork)
        1       adietbal(meat)

dpotential_l(chicken)
                (.LO, .L, .UP, .M = -INF, 0.0680599553225206, +INF, 0)
        1       dietpet_l(chicken)
        1       adietbal(meat)

REMAINING 2 ENTRIES SKIPPED

---- delta  Net food intake change (grams/capita)

delta(starch)
                (.LO, .L, .UP, .M = -INF, 33.9818163664683, +INF, 0)
        1       dietbal(starch)
      (-0.0369) dietbal_r

delta(sugar)
                (.LO, .L, .UP, .M = -INF, 31.438361899938, +INF, 0)
        1       dietbal(sugar)
      (-0.029)  dietbal_r

delta(grain)
                (.LO, .L, .UP, .M = -INF, 112.945667806977, +INF, 0)
        1       dietbal(grain)
 (-9.048684E-5) dietbal_r

REMAINING 5 ENTRIES SKIPPED

---- deltasumsq  Sum of squared net food intake change rate (crop group)

deltasumsq
                (.LO, .L, .UP, .M = -INF, 3.50582565941809, +INF, 0)
        1       dietbal_r
       -1       rat


---- adelta  Net food intake change (grams/capita)

adelta(meat)
                (.LO, .L, .UP, .M = -INF, 91.0881111702923, +INF, 0)
        1       adietbal(meat)
      (-0.0024) adietbal_r

adelta(egg_dairy)
                (.LO, .L, .UP, .M = -INF, 136.872091808288, +INF, 0)
        1       adietbal(egg_dairy)
      (-0.0007) adietbal_r


---- adeltasumsq  Sum of squared net food intake change rate (animal product group)

adeltasumsq
                (.LO, .L, .UP, .M = -INF, 0.158059197560178, +INF, 0)
        1       adietbal_r
       -1       rat


---- target  Weighted average of calorie deficit and net food balance

target
                (.LO, .L, .UP, .M = -INF, 181.255929084341, +INF, 0)
        1       rat

GAMS 32.2.0  rc62c018 Released Aug 26, 2020 WEX-WEI x86 64bit/MS Windows - 02/18/26 01:42:35 Page 24
Food Supply Simulation in Japan applying the SWISSfoodSys Model
Model Statistics    SOLVE sol_rat_unlimited Using NLP From line 1177


LOOPS                              pattern   potato


MODEL STATISTICS

BLOCKS OF EQUATIONS          26     SINGLE EQUATIONS          665
BLOCKS OF VARIABLES          22     SINGLE VARIABLES          644  4 projected
NON ZERO ELEMENTS         2,294     NON LINEAR N-Z             10
DERIVATIVE POOL              20     CONSTANT POOL              26
CODE LENGTH                  44


GENERATION TIME      =        0.015 SECONDS      5 MB  32.2.0 rc62c018 WEX-WEI
               L O O P S            pattern potato

GAMS 32.2.0  rc62c018 Released Aug 26, 2020 WEX-WEI x86 64bit/MS Windows - 02/18/26 01:42:35 Page 25
Food Supply Simulation in Japan applying the SWISSfoodSys Model
Solution Report     SOLVE sol_rat_unlimited Using NLP From line 1177


               S O L V E      S U M M A R Y

     MODEL   sol_rat_unlimited   OBJECTIVE  target
     TYPE    NLP                 DIRECTION  MINIMIZE
     SOLVER  CONOPT              FROM LINE  1177

**** SOLVER STATUS     1 Normal Completion         
**** MODEL STATUS      2 Locally Optimal           
**** OBJECTIVE VALUE                1.5931

 RESOURCE USAGE, LIMIT          0.000 10000000000.000
 ITERATION COUNT, LIMIT        23    2147483647
 EVALUATION ERRORS              0             0
CONOPT 3         32.2.0 rc62c018 Released Aug 26, 2020 WEI x86 64bit/MS Window
*** This solver runs with a community license.
 
 
    C O N O P T 3   version 3.17L
    Copyright (C)   ARKI Consulting and Development A/S
                    Bagsvaerdvej 246 A
                    DK-2880 Bagsvaerd, Denmark
 
 
    The model has 644 variables and 665 constraints
    with 2294 Jacobian elements, 10 of which are nonlinear.
    The Hessian of the Lagrangian has 10 elements on the diagonal,
    0 elements below the diagonal, and 10 nonlinear variables.
 
                   Pre-triangular equations:   298
                   Post-triangular equations:  97
                   Definitional equations:     36
 
 
 ** Optimal solution. Reduced gradient less than tolerance.
 
 
 CONOPT time Total                            0.004 seconds
   of which: Function evaluations             0.000 =  0.0%
             1st Derivative evaluations       0.000 =  0.0%
             2nd Derivative evaluations       0.000 =  0.0%
             Directional 2nd Derivative       0.000 =  0.0%
 

---- EQU link  xrlcrop to xcrop link by summation

                  LOWER          LEVEL          UPPER         MARGINAL

rice                .              .              .       2.8577401E-5      
wheat               .              .              .       3.3051269E-5      
pwheat              .              .              .       3.3051269E-5      
barley              .              .              .             EPS         
pbarley             .              .              .             EPS         
naked               .              .              .             EPS         
corn                .              .              .             EPS         
sorghum             .              .              .             EPS         
mis_grains          .              .              .             EPS         
sweetp              .              .              .       8.1401854E-6      
psweetp             .              .              .             0.0011      
potato              .              .              .       8.1401854E-6      
ppotato             .              .              .       8.1401854E-6      
soy                 .              .              .       1.1601029E-5      
psoy                .              .              .       1.1601029E-5      
mis_beans           .              .              .             EPS         
veges               .              .              .             EPS         
mandarin            .              .              .            -0.0004      
apple               .              .              .            -0.0005      
mis_fruits          .              .              .            -0.0002      
scane               .              .              .            -0.0035      
sbeat               .              .              .            -0.0061      
rapeseed            .              .              .       6.6909620E-6      
fish                .              .              .             EPS         
seaweed             .              .              .             EPS         
starch              .              .              .             EPS         
sugar               .              .              .             EPS         
oil                 .              .              .             EPS         
miso                .              .              .             EPS         
soysource           .              .              .             EPS         
mis_foods           .              .              .             EPS         

---- EQU landbal  Monthly land balance on each land type (1000ha)

                                      LOWER          LEVEL          UPPER         MARGINAL

jan.Hokkaido       .field_rain        -INF             .           191.6048          .          
jan.Hokkaido       .field_irr         -INF             .           227.0952          .          
jan.Hokkaido       .orchard           -INF            3.0500         3.0500         EPS         
jan.Tohoku_Hokuriku.paddy_dry         -INF             .           424.3040          .          
jan.Tohoku_Hokuriku.field_rain        -INF             .           179.0726          .          
jan.Tohoku_Hokuriku.field_irr         -INF           31.6274        31.6274          .          
jan.Tohoku_Hokuriku.orchard           -INF           49.2500        49.2500         EPS         
jan.Kanto_West     .paddy_dry         -INF          539.5510       539.5510   -3.660134E-5      
jan.Kanto_West     .field_rain        -INF          219.1137       346.0379          .          
jan.Kanto_West     .field_irr         -INF          209.0291       209.0291          .          
jan.Kanto_West     .orchard           -INF          111.8680       199.4000          .          
jan.Okinawa        .paddy_dry         -INF            0.3617         0.3617   -3.660134E-5      
jan.Okinawa        .field_rain        -INF            0.7959        11.2300          .          
jan.Okinawa        .field_irr         -INF           22.4040        22.4040          .          
jan.Okinawa        .orchard           -INF            1.8800         1.8800         EPS         
feb.Hokkaido       .field_rain        -INF             .           191.6048          .          
feb.Hokkaido       .field_irr         -INF             .           227.0952          .          
feb.Hokkaido       .orchard           -INF            3.0500         3.0500          .          
feb.Tohoku_Hokuriku.paddy_dry         -INF             .           424.3040          .          
feb.Tohoku_Hokuriku.field_rain        -INF          158.8230       179.0726          .          
feb.Tohoku_Hokuriku.field_irr         -INF           31.6274        31.6274          .          
feb.Tohoku_Hokuriku.orchard           -INF           49.2500        49.2500          .          
feb.Kanto_West     .paddy_dry         -INF          539.5510       539.5510          .          
feb.Kanto_West     .field_rain        -INF          219.1137       346.0379          .          
feb.Kanto_West     .field_irr         -INF          209.0291       209.0291          .          
feb.Kanto_West     .orchard           -INF          111.8680       199.4000          .          
feb.Okinawa        .paddy_dry         -INF            0.3617         0.3617          .          
feb.Okinawa        .field_rain        -INF            0.7959        11.2300          .          
feb.Okinawa        .field_irr         -INF           22.4040        22.4040          .          
feb.Okinawa        .orchard           -INF            1.8800         1.8800          .          
mar.Hokkaido       .field_rain        -INF             .           191.6048          .          
mar.Hokkaido       .field_irr         -INF             .           227.0952          .          
mar.Hokkaido       .orchard           -INF            3.0500         3.0500          .          
mar.Tohoku_Hokuriku.paddy_dry         -INF             .           424.3040          .          
mar.Tohoku_Hokuriku.field_rain        -INF          158.8230       179.0726          .          
mar.Tohoku_Hokuriku.field_irr         -INF           31.6274        31.6274          .          
mar.Tohoku_Hokuriku.orchard           -INF           49.2500        49.2500          .          
mar.Kanto_West     .paddy_dry         -INF          539.5510       539.5510          .          
mar.Kanto_West     .field_rain        -INF          219.1137       346.0379          .          
mar.Kanto_West     .field_irr         -INF          209.0291       209.0291          .          
mar.Kanto_West     .orchard           -INF          111.8680       199.4000          .          
mar.Okinawa        .paddy_dry         -INF            0.3617         0.3617          .          
mar.Okinawa        .field_rain        -INF            0.7959        11.2300          .          
mar.Okinawa        .field_irr         -INF           22.4040        22.4040          .          
mar.Okinawa        .orchard           -INF            1.8800         1.8800          .          
apr.Hokkaido       .paddy_dry         -INF             .           151.3442          .          
apr.Hokkaido       .field_rain        -INF          136.2048       191.6048          .          
apr.Hokkaido       .field_irr         -INF             .           227.0952          .          
apr.Hokkaido       .orchard           -INF            3.0500         3.0500          .          
apr.Tohoku_Hokuriku.paddy_dry         -INF             .           424.3040          .          
apr.Tohoku_Hokuriku.field_rain        -INF          158.8230       179.0726          .          
apr.Tohoku_Hokuriku.field_irr         -INF           31.6274        31.6274          .          
apr.Tohoku_Hokuriku.orchard           -INF           49.2500        49.2500          .          
apr.Kanto_West     .paddy_dry         -INF          539.5510       539.5510          .          
apr.Kanto_West     .field_rain        -INF          219.1137       346.0379          .          
apr.Kanto_West     .field_irr         -INF          209.0291       209.0291          .          
apr.Kanto_West     .orchard           -INF          111.8680       199.4000          .          
apr.Okinawa        .paddy_dry         -INF            0.3617         0.3617          .          
apr.Okinawa        .field_rain        -INF            0.7959        11.2300          .          
apr.Okinawa        .field_irr         -INF           22.4040        22.4040          .          
apr.Okinawa        .orchard           -INF            1.8800         1.8800          .          
may.Hokkaido       .paddy_dry         -INF             .           151.3442          .          
may.Hokkaido       .field_rain        -INF          191.6048       191.6048         EPS         
may.Hokkaido       .field_irr         -INF             .           227.0952          .          
may.Hokkaido       .orchard           -INF            3.0500         3.0500          .          
may.Hokkaido       .pasture           -INF             .           498.1000          .          
may.Tohoku_Hokuriku.paddy_dry         -INF             .           424.3040          .          
may.Tohoku_Hokuriku.field_rain        -INF          158.8230       179.0726          .          
may.Tohoku_Hokuriku.field_irr         -INF           31.6274        31.6274          .          
may.Tohoku_Hokuriku.orchard           -INF           49.2500        49.2500          .          
may.Kanto_West     .paddy_dry         -INF          539.5510       539.5510          .          
may.Kanto_West     .field_rain        -INF          219.1137       346.0379          .          
may.Kanto_West     .field_irr         -INF          209.0291       209.0291          .          
may.Kanto_West     .orchard           -INF          111.8680       199.4000          .          
may.Okinawa        .paddy_dry         -INF            0.3617         0.3617          .          
may.Okinawa        .field_rain        -INF            0.7959        11.2300          .          
may.Okinawa        .field_irr         -INF           22.4040        22.4040          .          
may.Okinawa        .orchard           -INF            1.8800         1.8800          .          
jun.Hokkaido       .paddy_wet         -INF           70.2518        70.2518   -3.807352E-5      
jun.Hokkaido       .paddy_dry         -INF          151.3442       151.3442   -3.826344E-5      
jun.Hokkaido       .field_rain        -INF          191.6048       191.6048          .          
jun.Hokkaido       .field_irr         -INF             .           227.0952          .          
jun.Hokkaido       .orchard           -INF            3.0500         3.0500          .          
jun.Hokkaido       .pasture           -INF             .           498.1000          .          
jun.Tohoku_Hokuriku.paddy_wet         -INF          436.7330       436.7330   -3.807352E-5      
jun.Tohoku_Hokuriku.paddy_dry         -INF          424.3040       424.3040   -3.826344E-5      
jun.Tohoku_Hokuriku.field_rain        -INF          158.8230       179.0726          .          
jun.Tohoku_Hokuriku.field_irr         -INF           31.6274        31.6274         EPS         
jun.Tohoku_Hokuriku.orchard           -INF           49.2500        49.2500          .          
jun.Kanto_West     .paddy_wet         -INF          718.9330       718.9330          .          
jun.Kanto_West     .paddy_dry         -INF          539.5510       539.5510          .          
jun.Kanto_West     .field_rain        -INF          219.1137       346.0379          .          
jun.Kanto_West     .field_irr         -INF          209.0291       209.0291         EPS         
jun.Kanto_West     .orchard           -INF          111.8680       199.4000          .          
jun.Okinawa        .paddy_wet         -INF            0.3893         0.3893   -3.807352E-5      
jun.Okinawa        .paddy_dry         -INF            0.3617         0.3617   -3.826344E-5      
jun.Okinawa        .field_rain        -INF            0.7959        11.2300          .          
jun.Okinawa        .field_irr         -INF           22.4040        22.4040        -0.0011      
jun.Okinawa        .orchard           -INF            1.8800         1.8800          .          
jul.Hokkaido       .paddy_wet         -INF           70.2518        70.2518          .          
jul.Hokkaido       .paddy_dry         -INF          151.3442       151.3442          .          
jul.Hokkaido       .field_rain        -INF          191.6048       191.6048          .          
jul.Hokkaido       .field_irr         -INF             .           227.0952          .          
jul.Hokkaido       .orchard           -INF            3.0500         3.0500          .          
jul.Hokkaido       .pasture           -INF             .           498.1000          .          
jul.Tohoku_Hokuriku.paddy_wet         -INF          436.7330       436.7330          .          
jul.Tohoku_Hokuriku.paddy_dry         -INF          424.3040       424.3040          .          
jul.Tohoku_Hokuriku.field_rain        -INF          158.8230       179.0726          .          
jul.Tohoku_Hokuriku.field_irr         -INF           31.6274        31.6274          .          
jul.Tohoku_Hokuriku.orchard           -INF           49.2500        49.2500          .          
jul.Kanto_West     .paddy_wet         -INF          718.9330       718.9330          .          
jul.Kanto_West     .paddy_dry         -INF          539.5510       539.5510   -3.826344E-5      
jul.Kanto_West     .field_rain        -INF          219.1137       346.0379          .          
jul.Kanto_West     .field_irr         -INF          209.0291       209.0291          .          
jul.Kanto_West     .orchard           -INF          111.8680       199.4000          .          
jul.Okinawa        .paddy_wet         -INF            0.3893         0.3893          .          
jul.Okinawa        .paddy_dry         -INF            0.3617         0.3617          .          
jul.Okinawa        .field_rain        -INF            0.7959        11.2300          .          
jul.Okinawa        .field_irr         -INF           22.4040        22.4040          .          
jul.Okinawa        .orchard           -INF            1.8800         1.8800          .          
aug.Hokkaido       .paddy_wet         -INF           70.2518        70.2518          .          
aug.Hokkaido       .paddy_dry         -INF          151.3442       151.3442          .          
aug.Hokkaido       .field_rain        -INF          191.6048       191.6048          .          
aug.Hokkaido       .field_irr         -INF             .           227.0952          .          
aug.Hokkaido       .orchard           -INF            3.0500         3.0500          .          
aug.Hokkaido       .pasture           -INF             .           498.1000          .          
aug.Tohoku_Hokuriku.paddy_wet         -INF          436.7330       436.7330          .          
aug.Tohoku_Hokuriku.paddy_dry         -INF          424.3040       424.3040          .          
aug.Tohoku_Hokuriku.field_rain        -INF             .           179.0726          .          
aug.Tohoku_Hokuriku.field_irr         -INF           31.6274        31.6274          .          
aug.Tohoku_Hokuriku.orchard           -INF           49.2500        49.2500          .          
aug.Kanto_West     .paddy_wet         -INF          718.9330       718.9330          .          
aug.Kanto_West     .paddy_dry         -INF          539.5510       539.5510          .          
aug.Kanto_West     .field_rain        -INF          219.1137       346.0379          .          
aug.Kanto_West     .field_irr         -INF          209.0291       209.0291          .          
aug.Kanto_West     .orchard           -INF          111.8680       199.4000          .          
aug.Okinawa        .paddy_wet         -INF            0.3893         0.3893          .          
aug.Okinawa        .paddy_dry         -INF            0.3617         0.3617          .          
aug.Okinawa        .field_rain        -INF            0.7959        11.2300          .          
aug.Okinawa        .field_irr         -INF           22.4040        22.4040          .          
aug.Okinawa        .orchard           -INF            1.8800         1.8800          .          
sep.Hokkaido       .paddy_wet         -INF           70.2518        70.2518          .          
sep.Hokkaido       .paddy_dry         -INF          151.3442       151.3442          .          
sep.Hokkaido       .field_rain        -INF          191.6048       191.6048          .          
sep.Hokkaido       .field_irr         -INF             .           227.0952          .          
sep.Hokkaido       .orchard           -INF            3.0500         3.0500          .          
sep.Hokkaido       .pasture           -INF             .           498.1000          .          
sep.Tohoku_Hokuriku.paddy_wet         -INF          436.7330       436.7330          .          
sep.Tohoku_Hokuriku.paddy_dry         -INF          424.3040       424.3040          .          
sep.Tohoku_Hokuriku.field_rain        -INF             .           179.0726          .          
sep.Tohoku_Hokuriku.field_irr         -INF           31.6274        31.6274          .          
sep.Tohoku_Hokuriku.orchard           -INF           49.2500        49.2500          .          
sep.Kanto_West     .paddy_wet         -INF          718.9330       718.9330          .          
sep.Kanto_West     .paddy_dry         -INF          539.5510       539.5510          .          
sep.Kanto_West     .field_rain        -INF          219.1137       346.0379          .          
sep.Kanto_West     .field_irr         -INF          209.0291       209.0291          .          
sep.Kanto_West     .orchard           -INF          111.8680       199.4000          .          
sep.Okinawa        .paddy_wet         -INF            0.3893         0.3893          .          
sep.Okinawa        .paddy_dry         -INF            0.3617         0.3617          .          
sep.Okinawa        .field_rain        -INF            0.7959        11.2300          .          
sep.Okinawa        .field_irr         -INF           22.4040        22.4040          .          
sep.Okinawa        .orchard           -INF            1.8800         1.8800          .          
oct.Hokkaido       .paddy_dry         -INF             .           151.3442          .          
oct.Hokkaido       .field_rain        -INF          191.6048       191.6048          .          
oct.Hokkaido       .field_irr         -INF             .           227.0952          .          
oct.Hokkaido       .orchard           -INF            3.0500         3.0500          .          
oct.Hokkaido       .pasture           -INF             .           498.1000          .          
oct.Tohoku_Hokuriku.paddy_wet         -INF          436.7330       436.7330          .          
oct.Tohoku_Hokuriku.paddy_dry         -INF          424.3040       424.3040          .          
oct.Tohoku_Hokuriku.field_rain        -INF             .           179.0726          .          
oct.Tohoku_Hokuriku.field_irr         -INF           31.6274        31.6274          .          
oct.Tohoku_Hokuriku.orchard           -INF           49.2500        49.2500          .          
oct.Kanto_West     .paddy_wet         -INF          718.9330       718.9330   -3.807352E-5      
oct.Kanto_West     .paddy_dry         -INF          539.5510       539.5510          .          
oct.Kanto_West     .field_rain        -INF          219.1137       346.0379          .          
oct.Kanto_West     .field_irr         -INF          209.0291       209.0291          .          
oct.Kanto_West     .orchard           -INF          111.8680       199.4000          .          
oct.Okinawa        .paddy_wet         -INF            0.3893         0.3893          .          
oct.Okinawa        .paddy_dry         -INF            0.3617         0.3617          .          
oct.Okinawa        .field_rain        -INF            0.7959        11.2300          .          
oct.Okinawa        .field_irr         -INF           22.4040        22.4040          .          
oct.Okinawa        .orchard           -INF            1.8800         1.8800          .          
nov.Hokkaido       .field_rain        -INF             .           191.6048          .          
nov.Hokkaido       .field_irr         -INF             .           227.0952          .          
nov.Hokkaido       .orchard           -INF            3.0500         3.0500          .          
nov.Tohoku_Hokuriku.paddy_dry         -INF             .           424.3040          .          
nov.Tohoku_Hokuriku.field_rain        -INF             .           179.0726          .          
nov.Tohoku_Hokuriku.field_irr         -INF           31.6274        31.6274          .          
nov.Tohoku_Hokuriku.orchard           -INF           49.2500        49.2500          .          
nov.Kanto_West     .paddy_dry         -INF          539.5510       539.5510          .          
nov.Kanto_West     .field_rain        -INF          219.1137       346.0379          .          
nov.Kanto_West     .field_irr         -INF          209.0291       209.0291          .          
nov.Kanto_West     .orchard           -INF          111.8680       199.4000          .          
nov.Okinawa        .paddy_dry         -INF            0.3617         0.3617          .          
nov.Okinawa        .field_rain        -INF            0.7959        11.2300          .          
nov.Okinawa        .field_irr         -INF           22.4040        22.4040          .          
nov.Okinawa        .orchard           -INF            1.8800         1.8800          .          
dec.Hokkaido       .field_rain        -INF             .           191.6048          .          
dec.Hokkaido       .field_irr         -INF             .           227.0952          .          
dec.Hokkaido       .orchard           -INF            3.0500         3.0500          .          
dec.Tohoku_Hokuriku.paddy_dry         -INF             .           424.3040          .          
dec.Tohoku_Hokuriku.field_rain        -INF             .           179.0726          .          
dec.Tohoku_Hokuriku.field_irr         -INF           31.6274        31.6274          .          
dec.Tohoku_Hokuriku.orchard           -INF           49.2500        49.2500          .          
dec.Kanto_West     .paddy_dry         -INF          539.5510       539.5510          .          
dec.Kanto_West     .field_rain        -INF          219.1137       346.0379          .          
dec.Kanto_West     .field_irr         -INF          209.0291       209.0291          .          
dec.Kanto_West     .orchard           -INF          111.8680       199.4000          .          
dec.Okinawa        .paddy_dry         -INF            0.3617         0.3617          .          
dec.Okinawa        .field_rain        -INF            0.7959        11.2300          .          
dec.Okinawa        .field_irr         -INF           22.4040        22.4040          .          
dec.Okinawa        .orchard           -INF            1.8800         1.8800          .          

---- EQU areamax_o  Area upper bound on orchard       (1000ha)

                  LOWER          LEVEL          UPPER         MARGINAL

mandarin          -INF           36.2000        36.2000        -0.0004      
apple             -INF           35.1000        35.1000        -0.0005      
mis_fruits        -INF           94.7480        94.7480        -0.0002      

---- EQU areamax_l  Area upper bound on local crops   (1000ha)

             LOWER          LEVEL          UPPER         MARGINAL

scane        -INF           23.2000        23.2000        -0.0035      
sbeat        -INF           55.4000        55.4000        -0.0061      

                           LOWER          LEVEL          UPPER         MARGINAL

---- EQU labdemand~          .              .              .             EPS         
---- EQU labdemand~          .              .              .             EPS         
---- EQU labbal            -INF            1.6589         2.9600          .          

  labdemand_c  Total labor demand by crop      (bil. hour)
  labdemand_l  Total labor demand by livestock (bil. hour)
  labbal  Total labor balance             (bil. hour)

---- EQU tdndemand  TDN demand by animal ls

                  LOWER          LEVEL          UPPER         MARGINAL

dairycow            .              .              .       1.4341805E-8      
dairyox             .              .              .             EPS         
heifer              .              .              .             EPS         
calves              .              .              .             EPS         
swine               .              .              .             EPS         
broiler             .              .              .             EPS         
layinghens          .              .              .       1.0476498E-8      

---- EQU tdnsupply  TDN supply for animal ls by feed fe

                  LOWER          LEVEL          UPPER         MARGINAL

dairycow            .              .              .       -1.434181E-8      
dairyox             .              .              .             EPS         
heifer              .              .              .             EPS         
calves              .              .              .             EPS         
swine               .              .              .             EPS         
broiler             .              .              .             EPS         
layinghens          .              .              .       -1.047650E-8      

---- EQU tdnbal  TDN balance

                  LOWER          LEVEL          UPPER         MARGINAL

dairycow          -INF             .              .       -1.434181E-8      
dairyox           -INF             .              .             EPS         
heifer            -INF             .              .             EPS         
calves            -INF             .              .             EPS         
swine             -INF             .              .             EPS         
broiler           -INF             .              .             EPS         
layinghens        -INF             .              .       -1.047650E-8      

---- EQU dmsupply  Feed supply (constant + import + crop byproducts) (dry matter MT)

                    LOWER          LEVEL          UPPER         MARGINAL

rice                  .              .              .             EPS         
wheat                 .              .              .             EPS         
barley                .              .              .             EPS         
corn                  .              .              .             EPS         
sorghum               .              .              .             EPS         
fodder         4030620.0000   4030620.0000   4030620.0000         EPS         
ricestraw             .              .              .       -5.406861E-9      
ricebran              .              .              .       -8.002727E-9      
wheatstraw            .              .              .       -5.449886E-9      
wheatbran             .              .              .       -8.992312E-9      
potatovines           .              .              .       -1.061294E-9      
soybeancake           .              .              .             EPS         
rapeseedcake          .              .              .             EPS         
beetpulp              .              .              .       -9.652035E-9      
molasses              .              .              .       -7.414713E-9      
bagasse               .              .              .       -4.087414E-9      
meatbonemeal    164387.0000    164387.0000    164387.0000         EPS         
fishmeal         55615.0000     55615.0000     55615.0000         EPS         

---- EQU distbal  Feed distribution balance

                    LOWER          LEVEL          UPPER         MARGINAL

rice                  .              .            +INF            EPS         
wheat                 .              .            +INF            EPS         
barley                .              .            +INF            EPS         
corn                  .              .            +INF            EPS         
sorghum               .              .            +INF            EPS         
fodder                .              .            +INF      8.4903486E-9      
ricestraw             .              .            +INF      5.4068605E-9      
ricebran              .              .            +INF      8.0027273E-9      
wheatstraw            .              .            +INF      5.4498859E-9      
wheatbran             .              .            +INF      8.9923118E-9      
potatovines           .              .            +INF      1.0612936E-9      
soybeancake           .              .            +INF            EPS         
rapeseedcake          .              .            +INF            EPS         
beetpulp              .              .            +INF      9.6520348E-9      
molasses              .              .            +INF      7.4147132E-9      
bagasse               .              .            +INF      4.0874145E-9      
meatbonemeal          .              .            +INF      6.6944821E-9      
fishmeal              .              .            +INF      6.5163816E-9      

---- EQU bredbal  Livestock breeding balance

                  LOWER          LEVEL          UPPER         MARGINAL

dairycow          -INF      2118042.8548   2585100.0000          .          
dairyox           -INF             .        713280.0000          .          
heifer            -INF             .        186900.0000          .          
calves            -INF             .       1341600.0000          .          
swine             -INF             .       2.6847000E+7          .          
broiler           -INF             .       4.1769000E+8          .          
layinghens        -INF      5541104.0873   5.4798300E+8          .          

---- EQU nutpet_c  Potential nutrition supply (grams or kcal/capita)

                                LOWER          LEVEL          UPPER         MARGINAL

rice      .calorie                .              .              .             EPS         
rice      .protein                .              .              .             EPS         
rice      .fat                    .              .              .             EPS         
rice      .carbonhydrate          .              .              .             EPS         
wheat     .calorie                .              .              .             EPS         
wheat     .protein                .              .              .             EPS         
wheat     .fat                    .              .              .             EPS         
wheat     .carbonhydrate          .              .              .             EPS         
pwheat    .calorie                .              .              .             EPS         
pwheat    .protein                .              .              .             EPS         
pwheat    .fat                    .              .              .             EPS         
pwheat    .carbonhydrate          .              .              .             EPS         
barley    .calorie                .              .              .             EPS         
barley    .protein                .              .              .             EPS         
barley    .fat                    .              .              .             EPS         
barley    .carbonhydrate          .              .              .             EPS         
pbarley   .calorie                .              .              .             EPS         
pbarley   .protein                .              .              .             EPS         
pbarley   .fat                    .              .              .             EPS         
pbarley   .carbonhydrate          .              .              .             EPS         
naked     .calorie                .              .              .             EPS         
naked     .protein                .              .              .             EPS         
naked     .fat                    .              .              .             EPS         
naked     .carbonhydrate          .              .              .             EPS         
corn      .calorie                .              .              .             EPS         
corn      .protein                .              .              .             EPS         
corn      .fat                    .              .              .             EPS         
corn      .carbonhydrate          .              .              .             EPS         
sorghum   .calorie                .              .              .             EPS         
sorghum   .protein                .              .              .             EPS         
sorghum   .fat                    .              .              .             EPS         
sorghum   .carbonhydrate          .              .              .             EPS         
mis_grains.calorie                .              .              .             EPS         
mis_grains.protein                .              .              .             EPS         
mis_grains.fat                    .              .              .             EPS         
mis_grains.carbonhydrate          .              .              .             EPS         
sweetp    .calorie                .              .              .             EPS         
sweetp    .protein                .              .              .             EPS         
sweetp    .fat                    .              .              .             EPS         
sweetp    .carbonhydrate          .              .              .             EPS         
psweetp   .calorie                .              .              .             EPS         
psweetp   .protein                .              .              .             EPS         
psweetp   .fat                    .              .              .             EPS         
psweetp   .carbonhydrate          .              .              .             EPS         
potato    .calorie                .              .              .             EPS         
potato    .protein                .              .              .             EPS         
potato    .fat                    .              .              .             EPS         
potato    .carbonhydrate          .              .              .             EPS         
ppotato   .calorie                .              .              .             EPS         
ppotato   .protein                .              .              .             EPS         
ppotato   .fat                    .              .              .             EPS         
ppotato   .carbonhydrate          .              .              .             EPS         
soy       .calorie                .              .              .             EPS         
soy       .protein                .              .              .             EPS         
soy       .fat                    .              .              .             EPS         
soy       .carbonhydrate          .              .              .             EPS         
psoy      .calorie                .              .              .             EPS         
psoy      .protein                .              .              .             EPS         
psoy      .fat                    .              .              .             EPS         
psoy      .carbonhydrate          .              .              .             EPS         
mis_beans .calorie                .              .              .             EPS         
mis_beans .protein                .              .              .             EPS         
mis_beans .fat                    .              .              .             EPS         
mis_beans .carbonhydrate          .              .              .             EPS         
veges     .calorie                .              .              .             EPS         
veges     .protein                .              .              .             EPS         
veges     .fat                    .              .              .             EPS         
veges     .carbonhydrate          .              .              .             EPS         
mandarin  .calorie                .              .              .             EPS         
mandarin  .protein                .              .              .             EPS         
mandarin  .fat                    .              .              .             EPS         
mandarin  .carbonhydrate          .              .              .             EPS         
apple     .calorie                .              .              .             EPS         
apple     .protein                .              .              .             EPS         
apple     .fat                    .              .              .             EPS         
apple     .carbonhydrate          .              .              .             EPS         
mis_fruits.calorie                .              .              .             EPS         
mis_fruits.protein                .              .              .             EPS         
mis_fruits.fat                    .              .              .             EPS         
mis_fruits.carbonhydrate          .              .              .             EPS         
scane     .calorie                .              .              .             EPS         
scane     .protein                .              .              .             EPS         
scane     .fat                    .              .              .             EPS         
scane     .carbonhydrate          .              .              .             EPS         
sbeat     .calorie                .              .              .             EPS         
sbeat     .protein                .              .              .             EPS         
sbeat     .fat                    .              .              .             EPS         
sbeat     .carbonhydrate          .              .              .             EPS         
rapeseed  .calorie                .              .              .             EPS         
rapeseed  .protein                .              .              .             EPS         
rapeseed  .fat                    .              .              .             EPS         
rapeseed  .carbonhydrate          .              .              .             EPS         
fish      .calorie                .              .              .             EPS         
fish      .protein                .              .              .             EPS         
fish      .fat                    .              .              .             EPS         
fish      .carbonhydrate          .              .              .             EPS         
seaweed   .calorie                .              .              .             EPS         
seaweed   .protein                .              .              .             EPS         
seaweed   .fat                    .              .              .             EPS         
seaweed   .carbonhydrate          .              .              .             EPS         
starch    .calorie                .              .              .             EPS         
starch    .protein                .              .              .             EPS         
starch    .fat                    .              .              .             EPS         
starch    .carbonhydrate          .              .              .             EPS         
sugar     .calorie                .              .              .             EPS         
sugar     .protein                .              .              .             EPS         
sugar     .fat                    .              .              .             EPS         
sugar     .carbonhydrate          .              .              .             EPS         
oil       .calorie                .              .              .             EPS         
oil       .protein                .              .              .             EPS         
oil       .fat                    .              .              .             EPS         
oil       .carbonhydrate          .              .              .             EPS         
miso      .calorie                .              .              .             EPS         
miso      .protein                .              .              .             EPS         
miso      .fat                    .              .              .             EPS         
miso      .carbonhydrate          .              .              .             EPS         
soysource .calorie                .              .              .             EPS         
soysource .protein                .              .              .             EPS         
soysource .fat                    .              .              .             EPS         
soysource .carbonhydrate          .              .              .             EPS         
mis_foods .calorie                .              .              .             EPS         
mis_foods .protein                .              .              .             EPS         
mis_foods .fat                    .              .              .             EPS         
mis_foods .carbonhydrate          .              .              .             EPS         

---- EQU nutpet_f  

                                LOWER          LEVEL          UPPER         MARGINAL

rice      .calorie                .              .              .             EPS         
rice      .protein                .              .              .             EPS         
rice      .fat                    .              .              .             EPS         
rice      .carbonhydrate          .              .              .             EPS         
wheat     .calorie                .              .              .             EPS         
wheat     .protein                .              .              .             EPS         
wheat     .fat                    .              .              .             EPS         
wheat     .carbonhydrate          .              .              .             EPS         
pwheat    .calorie                .              .              .             EPS         
pwheat    .protein                .              .              .             EPS         
pwheat    .fat                    .              .              .             EPS         
pwheat    .carbonhydrate          .              .              .             EPS         
barley    .calorie                .              .              .             EPS         
barley    .protein                .              .              .             EPS         
barley    .fat                    .              .              .             EPS         
barley    .carbonhydrate          .              .              .             EPS         
pbarley   .calorie                .              .              .             EPS         
pbarley   .protein                .              .              .             EPS         
pbarley   .fat                    .              .              .             EPS         
pbarley   .carbonhydrate          .              .              .             EPS         
naked     .calorie                .              .              .             EPS         
naked     .protein                .              .              .             EPS         
naked     .fat                    .              .              .             EPS         
naked     .carbonhydrate          .              .              .             EPS         
corn      .calorie                .              .              .             EPS         
corn      .protein                .              .              .             EPS         
corn      .fat                    .              .              .             EPS         
corn      .carbonhydrate          .              .              .             EPS         
sorghum   .calorie                .              .              .             EPS         
sorghum   .protein                .              .              .             EPS         
sorghum   .fat                    .              .              .             EPS         
sorghum   .carbonhydrate          .              .              .             EPS         
mis_grains.calorie                .              .              .             EPS         
mis_grains.protein                .              .              .             EPS         
mis_grains.fat                    .              .              .             EPS         
mis_grains.carbonhydrate          .              .              .             EPS         
sweetp    .calorie                .              .              .             EPS         
sweetp    .protein                .              .              .             EPS         
sweetp    .fat                    .              .              .             EPS         
sweetp    .carbonhydrate          .              .              .             EPS         
psweetp   .calorie                .              .              .             EPS         
psweetp   .protein                .              .              .             EPS         
psweetp   .fat                    .              .              .             EPS         
psweetp   .carbonhydrate          .              .              .             EPS         
potato    .calorie                .              .              .             EPS         
potato    .protein                .              .              .             EPS         
potato    .fat                    .              .              .             EPS         
potato    .carbonhydrate          .              .              .             EPS         
ppotato   .calorie                .              .              .             EPS         
ppotato   .protein                .              .              .             EPS         
ppotato   .fat                    .              .              .             EPS         
ppotato   .carbonhydrate          .              .              .             EPS         
soy       .calorie                .              .              .             EPS         
soy       .protein                .              .              .             EPS         
soy       .fat                    .              .              .             EPS         
soy       .carbonhydrate          .              .              .             EPS         
psoy      .calorie                .              .              .             EPS         
psoy      .protein                .              .              .             EPS         
psoy      .fat                    .              .              .             EPS         
psoy      .carbonhydrate          .              .              .             EPS         
mis_beans .calorie                .              .              .             EPS         
mis_beans .protein                .              .              .             EPS         
mis_beans .fat                    .              .              .             EPS         
mis_beans .carbonhydrate          .              .              .             EPS         
veges     .calorie                .              .              .             EPS         
veges     .protein                .              .              .             EPS         
veges     .fat                    .              .              .             EPS         
veges     .carbonhydrate          .              .              .             EPS         
mandarin  .calorie                .              .              .             EPS         
mandarin  .protein                .              .              .             EPS         
mandarin  .fat                    .              .              .             EPS         
mandarin  .carbonhydrate          .              .              .             EPS         
apple     .calorie                .              .              .             EPS         
apple     .protein                .              .              .             EPS         
apple     .fat                    .              .              .             EPS         
apple     .carbonhydrate          .              .              .             EPS         
mis_fruits.calorie                .              .              .             EPS         
mis_fruits.protein                .              .              .             EPS         
mis_fruits.fat                    .              .              .             EPS         
mis_fruits.carbonhydrate          .              .              .             EPS         
scane     .calorie                .              .              .             EPS         
scane     .protein                .              .              .             EPS         
scane     .fat                    .              .              .             EPS         
scane     .carbonhydrate          .              .              .             EPS         
sbeat     .calorie                .              .              .             EPS         
sbeat     .protein                .              .              .             EPS         
sbeat     .fat                    .              .              .             EPS         
sbeat     .carbonhydrate          .              .              .             EPS         
rapeseed  .calorie                .              .              .             EPS         
rapeseed  .protein                .              .              .             EPS         
rapeseed  .fat                    .              .              .             EPS         
rapeseed  .carbonhydrate          .              .              .             EPS         
fish      .calorie                .              .              .             EPS         
fish      .protein                .              .              .             EPS         
fish      .fat                    .              .              .             EPS         
fish      .carbonhydrate          .              .              .             EPS         
seaweed   .calorie                .              .              .             EPS         
seaweed   .protein                .              .              .             EPS         
seaweed   .fat                    .              .              .             EPS         
seaweed   .carbonhydrate          .              .              .             EPS         
starch    .calorie                .              .              .             EPS         
starch    .protein                .              .              .             EPS         
starch    .fat                    .              .              .             EPS         
starch    .carbonhydrate          .              .              .             EPS         
sugar     .calorie                .              .              .             EPS         
sugar     .protein                .              .              .             EPS         
sugar     .fat                    .              .              .             EPS         
sugar     .carbonhydrate          .              .              .             EPS         
oil       .calorie                .              .              .             EPS         
oil       .protein                .              .              .             EPS         
oil       .fat                    .              .              .             EPS         
oil       .carbonhydrate          .              .              .             EPS         
miso      .calorie                .              .              .             EPS         
miso      .protein                .              .              .             EPS         
miso      .fat                    .              .              .             EPS         
miso      .carbonhydrate          .              .              .             EPS         
soysource .calorie                .              .              .             EPS         
soysource .protein                .              .              .             EPS         
soysource .fat                    .              .              .             EPS         
soysource .carbonhydrate          .              .              .             EPS         
mis_foods .calorie                .              .              .             EPS         
mis_foods .protein                .              .              .             EPS         
mis_foods .fat                    .              .              .             EPS         
mis_foods .carbonhydrate          .              .              .             EPS         

---- EQU nutpet_l  

                             LOWER          LEVEL          UPPER         MARGINAL

beef   .calorie                .              .              .             EPS         
beef   .protein                .              .              .             EPS         
beef   .fat                    .              .              .             EPS         
beef   .carbonhydrate          .              .              .             EPS         
pork   .calorie                .              .              .             EPS         
pork   .protein                .              .              .             EPS         
pork   .fat                    .              .              .             EPS         
pork   .carbonhydrate          .              .              .             EPS         
chicken.calorie                .              .              .             EPS         
chicken.protein                .              .              .             EPS         
chicken.fat                    .              .              .             EPS         
chicken.carbonhydrate          .              .              .             EPS         
egg    .calorie                .              .              .             EPS         
egg    .protein                .              .              .             EPS         
egg    .fat                    .              .              .             EPS         
egg    .carbonhydrate          .              .              .             EPS         
milk   .calorie                .              .              .             EPS         
milk   .protein                .              .              .             EPS         
milk   .fat                    .              .              .             EPS         
milk   .carbonhydrate          .              .              .             EPS         

                           LOWER          LEVEL          UPPER         MARGINAL

---- EQU caloriebal      2157.7855      2157.7855      2157.7855         EPS         
---- EQU calorieba~          .              .              .             EPS         

  caloriebal  Calorie deficit (kcal/capita)
  caloriebal_r  Calorie shortage rate

---- EQU dietpet_c  Potential netfood supply (kcal/capita)

                  LOWER          LEVEL          UPPER         MARGINAL

rice                .              .              .       -5.365718E-5      
wheat               .              .              .       -5.365718E-5      
pwheat              .              .              .       -5.365718E-5      
barley              .              .              .       -5.365718E-5      
pbarley             .              .              .       -5.365718E-5      
naked               .              .              .       -5.365718E-5      
corn                .              .              .             EPS         
sorghum             .              .              .             EPS         
mis_grains          .              .              .       -5.365718E-5      
sweetp              .              .              .             0.0021      
psweetp             .              .              .             0.0021      
potato              .              .              .             0.0021      
ppotato             .              .              .             0.0021      
soy                 .              .              .            -0.0116      
psoy                .              .              .            -0.0116      
mis_beans           .              .              .            -0.0116      
veges               .              .              .             EPS         
mandarin            .              .              .            -0.0016      
apple               .              .              .            -0.0016      
mis_fruits          .              .              .            -0.0016      
scane               .              .              .             EPS         
sbeat               .              .              .             EPS         
rapeseed            .              .              .             EPS         
fish                .              .              .             EPS         
seaweed             .              .              .             EPS         
starch              .              .              .            -0.0358      
sugar               .              .              .            -0.0288      
oil                 .              .              .            -0.0023      
miso                .              .              .            -0.0023      
soysource           .              .              .            -0.0023      
mis_foods           .              .              .            -0.0023      

---- EQU dietpet_f  

                  LOWER          LEVEL          UPPER         MARGINAL

rice                .              .              .       -5.365718E-5      
wheat               .              .              .       -5.365718E-5      
pwheat              .              .              .       -5.365718E-5      
barley              .              .              .       -5.365718E-5      
pbarley             .              .              .       -5.365718E-5      
naked               .              .              .       -5.365718E-5      
corn                .              .              .             EPS         
sorghum             .              .              .             EPS         
mis_grains          .              .              .       -5.365718E-5      
sweetp              .              .              .             0.0021      
psweetp             .              .              .             0.0021      
potato              .              .              .             0.0021      
ppotato             .              .              .             0.0021      
soy                 .              .              .            -0.0116      
psoy                .              .              .            -0.0116      
mis_beans           .              .              .            -0.0116      
veges               .              .              .             EPS         
mandarin            .              .              .            -0.0016      
apple               .              .              .            -0.0016      
mis_fruits          .              .              .            -0.0016      
scane               .              .              .             EPS         
sbeat               .              .              .             EPS         
rapeseed            .              .              .             EPS         
fish                .              .              .             EPS         
seaweed             .              .              .             EPS         
starch              .              .              .            -0.0358      
sugar               .              .              .            -0.0288      
oil                 .              .              .            -0.0023      
miso                .              .              .            -0.0023      
soysource           .              .              .            -0.0023      
mis_foods           .              .              .            -0.0023      

---- EQU dietpet_l  

               LOWER          LEVEL          UPPER         MARGINAL

beef             .              .              .            -0.0024      
pork             .              .              .            -0.0024      
chicken          .              .              .            -0.0024      
egg              .              .              .            -0.0007      
milk             .              .              .            -0.0007      

---- EQU dietbal  Net food balance by fgroup (grams/capita)

              LOWER          LEVEL          UPPER         MARGINAL

starch        42.9000        42.9000        42.9000         0.0358      
sugar         46.6000        46.6000        46.6000         0.0288      
grain        316.0000       316.0000       316.0000   5.3657177E-5      
tuber        115.4000       115.4000       115.4000        -0.0021      
pulse         43.0000        43.0000        43.0000         0.0116      
veget        241.4000       241.4000       241.4000         EPS         
fruit         90.8000        90.8000        90.8000         0.0016      
other         49.4000        49.4000        49.4000         0.0023      

                           LOWER          LEVEL          UPPER         MARGINAL

---- EQU dietbal_r           .              .              .             1.0000      

  dietbal_r  Net food shortage rate by fgroup

---- EQU adietbal  

                 LOWER          LEVEL          UPPER         MARGINAL

meat             92.7000        92.7000        92.7000         0.0024      
egg_dairy       303.7000       303.7000       303.7000         0.0007      

                           LOWER          LEVEL          UPPER         MARGINAL

---- EQU adietbal_r          .              .              .             1.0000      
---- EQU rat                 .              .              .             1.0000      

  rat  Objective function evaluated as rate of shortage

---- VAR xrlcrop  Cropping area (1000ha)

                                             LOWER          LEVEL          UPPER         MARGINAL

rice      .Hokkaido       .paddy_wet           .            70.2518        +INF             .          
rice      .Hokkaido       .paddy_dry           .           151.3442        +INF             .          
rice      .Tohoku_Hokuriku.paddy_wet           .           436.7330        +INF             .          
rice      .Tohoku_Hokuriku.paddy_dry           .           424.3040        +INF             .          
rice      .Kanto_West     .paddy_wet           .           718.9330        +INF             .          
rice      .Kanto_West     .paddy_dry           .           539.5510        +INF             .          
rice      .Okinawa        .paddy_wet           .             0.3893        +INF             .          
rice      .Okinawa        .paddy_dry           .             0.3617        +INF             .          
wheat     .Hokkaido       .field_rain          .              .              .       -3.636910E-5      
wheat     .Hokkaido       .field_irr           .              .              .       -3.636910E-5      
wheat     .Tohoku_Hokuriku.field_rain          .              .              .       -3.636910E-5      
wheat     .Tohoku_Hokuriku.field_irr           .              .              .       -3.636910E-5      
wheat     .Kanto_West     .field_rain          .              .              .       -3.636910E-5      
wheat     .Kanto_West     .field_irr           .              .              .       -3.636910E-5      
wheat     .Okinawa        .field_rain          .              .              .       -3.636910E-5      
wheat     .Okinawa        .field_irr           .              .              .       -3.636910E-5      
pwheat    .Kanto_West     .paddy_dry           .           539.5510        +INF             .          
pwheat    .Okinawa        .paddy_dry           .             0.3617        +INF             .          
barley    .Hokkaido       .field_rain          .              .              .             EPS         
barley    .Hokkaido       .field_irr           .              .              .             EPS         
barley    .Tohoku_Hokuriku.field_rain          .              .              .             EPS         
barley    .Tohoku_Hokuriku.field_irr           .              .              .             EPS         
barley    .Kanto_West     .field_rain          .              .              .             EPS         
barley    .Kanto_West     .field_irr           .              .              .             EPS         
barley    .Okinawa        .field_rain          .              .              .             EPS         
barley    .Okinawa        .field_irr           .              .              .             EPS         
pbarley   .Kanto_West     .paddy_dry           .              .              .       3.6533572E-5      
pbarley   .Okinawa        .paddy_dry           .              .              .       3.6533572E-5      
naked     .Hokkaido       .field_rain          .              .              .       -1.442905E-6      
naked     .Hokkaido       .field_irr           .              .              .       -1.442905E-6      
naked     .Tohoku_Hokuriku.field_rain          .              .              .       -1.442905E-6      
naked     .Tohoku_Hokuriku.field_irr           .              .              .       -1.442905E-6      
naked     .Kanto_West     .field_rain          .              .              .       -1.442905E-6      
naked     .Kanto_West     .field_irr           .              .              .       -1.442905E-6      
naked     .Okinawa        .field_rain          .              .              .       -1.442905E-6      
naked     .Okinawa        .field_irr           .              .              .       -1.442905E-6      
corn      .Hokkaido       .pasture             .              .              .             EPS         
sorghum   .Hokkaido       .pasture             .              .              .             EPS         
mis_grains.Hokkaido       .field_rain          .              .              .       -3.288189E-7      
mis_grains.Hokkaido       .field_irr           .              .              .       -3.288189E-7      
mis_grains.Tohoku_Hokuriku.field_rain          .              .              .       -3.288189E-7      
mis_grains.Tohoku_Hokuriku.field_irr           .              .              .       -3.288189E-7      
sweetp    .Tohoku_Hokuriku.field_rain          .              .            +INF            0.0009      
sweetp    .Tohoku_Hokuriku.field_irr           .              .            +INF            0.0010      
sweetp    .Kanto_West     .field_rain          .              .            +INF            0.0009      
sweetp    .Kanto_West     .field_irr           .              .            +INF            0.0010      
sweetp    .Okinawa        .field_rain          .              .            +INF            0.0009      
sweetp    .Okinawa        .field_irr           .              .            +INF            0.0022      
psweetp   .Tohoku_Hokuriku.paddy_dry           .              .            +INF             .          
psweetp   .Kanto_West     .paddy_dry           .              .            +INF            EPS         
psweetp   .Okinawa        .paddy_dry           .              .            +INF            EPS         
potato    .Hokkaido       .field_rain          .           136.2048        +INF             .          
potato    .Hokkaido       .field_irr           .              .            +INF      1.8722426E-6      
potato    .Tohoku_Hokuriku.field_rain          .           158.8230        +INF            EPS         
potato    .Tohoku_Hokuriku.field_irr           .              .            +INF      1.8722426E-6      
ppotato   .Hokkaido       .paddy_dry           .              .            +INF      4.0135687E-5      
ppotato   .Tohoku_Hokuriku.paddy_dry           .              .            +INF      4.0135687E-5      
soy       .Hokkaido       .field_rain          .              .              .            -0.0004      
soy       .Hokkaido       .field_irr           .              .              .            -0.0005      
soy       .Tohoku_Hokuriku.field_rain          .              .              .            -0.0004      
soy       .Tohoku_Hokuriku.field_irr           .              .              .            -0.0005      
soy       .Kanto_West     .field_rain          .              .              .            -0.0004      
soy       .Kanto_West     .field_irr           .              .              .            -0.0005      
psoy      .Hokkaido       .paddy_dry           .              .              .            -0.0004      
psoy      .Tohoku_Hokuriku.paddy_dry           .              .              .            -0.0004      
psoy      .Kanto_West     .paddy_dry           .              .              .            -0.0004      
mis_beans .Hokkaido       .field_rain          .              .              .            -0.0004      
mis_beans .Hokkaido       .field_irr           .              .              .            -0.0004      
mis_beans .Tohoku_Hokuriku.field_rain          .              .              .            -0.0004      
mis_beans .Tohoku_Hokuriku.field_irr           .              .              .            -0.0004      
mis_beans .Kanto_West     .field_rain          .              .              .            -0.0004      
mis_beans .Kanto_West     .field_irr           .              .              .            -0.0004      
mis_beans .Okinawa        .field_rain          .              .              .            -0.0004      
mis_beans .Okinawa        .field_irr           .              .              .             0.0008      
veges     .Tohoku_Hokuriku.paddy_dry           .              .            +INF      3.8263444E-5      
veges     .Tohoku_Hokuriku.field_rain          .              .            +INF            EPS         
veges     .Tohoku_Hokuriku.field_irr           .            31.6274        +INF             .          
veges     .Kanto_West     .paddy_dry           .              .            +INF      7.4864788E-5      
veges     .Kanto_West     .field_rain          .           219.1137        +INF            EPS         
veges     .Kanto_West     .field_irr           .           209.0291        +INF             .          
veges     .Okinawa        .paddy_dry           .              .            +INF      7.4864788E-5      
veges     .Okinawa        .field_rain          .              .            +INF            EPS         
veges     .Okinawa        .field_irr           .              .            +INF            0.0011      
mandarin  .Kanto_West     .orchard             .            36.2000        +INF             .          
apple     .Hokkaido       .orchard             .             3.0500        +INF             .          
apple     .Tohoku_Hokuriku.orchard             .              .            +INF            EPS         
apple     .Kanto_West     .orchard             .            32.0500        +INF             .          
mis_fruits.Tohoku_Hokuriku.orchard             .            49.2500        +INF             .          
mis_fruits.Kanto_West     .orchard             .            43.6180        +INF             .          
mis_fruits.Okinawa        .orchard             .             1.8800        +INF             .          
scane     .Okinawa        .field_rain          .             0.7959        +INF             .          
scane     .Okinawa        .field_irr           .            22.4041        +INF             .          
sbeat     .Hokkaido       .field_rain          .            55.4000        +INF             .          
sbeat     .Hokkaido       .field_irr           .              .            +INF            EPS         
rapeseed  .Hokkaido       .field_rain          .              .              .       -4.578012E-5      
rapeseed  .Hokkaido       .field_irr           .              .              .       -4.578012E-5      

---- VAR xcrop  Cropping area (1000ha)

                  LOWER          LEVEL          UPPER         MARGINAL

rice                .          2341.8680        +INF             .          
wheat               .              .            +INF             .          
pwheat              .           539.9127        +INF             .          
barley              .              .            +INF             .          
pbarley             .              .            +INF             .          
naked               .              .            +INF             .          
corn                .              .            +INF             .          
sorghum             .              .            +INF             .          
mis_grains          .              .            +INF             .          
sweetp              .              .            +INF             .          
psweetp             .              .            +INF            0.0011      
potato              .           295.0278        +INF             .          
ppotato             .              .            +INF             .          
soy                 .              .            +INF             .          
psoy                .              .            +INF             .          
mis_beans           .              .            +INF             .          
veges               .           459.7701        +INF             .          
mandarin            .            36.2000        +INF             .          
apple               .            35.1000        +INF             .          
mis_fruits          .            94.7480        +INF             .          
scane               .            23.2000        +INF             .          
sbeat               .            55.4000        +INF             .          
rapeseed            .              .            +INF             .          
fish                .              .            +INF             .          
seaweed             .              .            +INF             .          
starch              .              .            +INF             .          
sugar               .              .            +INF             .          
oil                 .              .            +INF             .          
miso                .              .            +INF             .          
soysource           .              .            +INF             .          
mis_foods           .              .            +INF             .          

---- VAR xlive  Head of animal ls

                  LOWER          LEVEL          UPPER         MARGINAL

dairycow            .       2118042.8548        +INF             .          
dairyox             .              .            +INF            EPS         
heifer              .              .            +INF            EPS         
calves              .              .            +INF            EPS         
swine               .              .            +INF            EPS         
broiler             .              .            +INF            EPS         
layinghens          .       5541104.0873        +INF             .          

---- VAR yfeed  Distribution of feed j to animal ls (MT)

                               LOWER          LEVEL          UPPER         MARGINAL

dairycow  .rice                  .              .            +INF             .          
dairycow  .wheat                 .              .            +INF             .          
dairycow  .barley                .              .            +INF             .          
dairycow  .corn                  .              .            +INF             .          
dairycow  .sorghum               .              .            +INF             .          
dairycow  .fodder                .       4030620.0000        +INF             .          
dairycow  .ricestraw             .       1.1192256E+7        +INF             .          
dairycow  .ricebran              .        800918.8560        +INF             .          
dairycow  .wheatstraw            .       2530300.8123        +INF             .          
dairycow  .wheatbran             .        450935.0770        +INF             .          
dairycow  .potatovines           .       2262881.3009        +INF             .          
dairycow  .soybeancake           .              .            +INF             .          
dairycow  .rapeseedcake          .              .            +INF            EPS         
dairycow  .beetpulp              .         39309.6240        +INF             .          
dairycow  .molasses              .         90644.3720        +INF             .          
dairycow  .bagasse               .        174914.0800        +INF             .          
dairycow  .meatbonemeal          .              .            +INF            EPS         
dairycow  .fishmeal              .              .            +INF            EPS         
dairyox   .rice                  .              .            +INF            EPS         
dairyox   .wheat                 .              .            +INF            EPS         
dairyox   .barley                .              .            +INF            EPS         
dairyox   .corn                  .              .            +INF            EPS         
dairyox   .sorghum               .              .            +INF            EPS         
dairyox   .fodder                .              .            +INF            EPS         
dairyox   .ricestraw             .              .            +INF            EPS         
dairyox   .ricebran              .              .            +INF            EPS         
dairyox   .wheatstraw            .              .            +INF            EPS         
dairyox   .wheatbran             .              .            +INF            EPS         
dairyox   .potatovines           .              .            +INF             .          
dairyox   .soybeancake           .              .            +INF            EPS         
dairyox   .rapeseedcake          .              .            +INF            EPS         
dairyox   .beetpulp              .              .            +INF            EPS         
dairyox   .molasses              .              .            +INF            EPS         
dairyox   .bagasse               .              .            +INF            EPS         
dairyox   .meatbonemeal          .              .            +INF            EPS         
dairyox   .fishmeal              .              .            +INF            EPS         
heifer    .rice                  .              .            +INF            EPS         
heifer    .wheat                 .              .            +INF            EPS         
heifer    .barley                .              .            +INF            EPS         
heifer    .corn                  .              .            +INF            EPS         
heifer    .sorghum               .              .            +INF            EPS         
heifer    .fodder                .              .            +INF            EPS         
heifer    .ricestraw             .              .            +INF            EPS         
heifer    .ricebran              .              .            +INF            EPS         
heifer    .wheatstraw            .              .            +INF            EPS         
heifer    .wheatbran             .              .            +INF            EPS         
heifer    .potatovines           .              .            +INF            EPS         
heifer    .soybeancake           .              .            +INF            EPS         
heifer    .rapeseedcake          .              .            +INF            EPS         
heifer    .beetpulp              .              .            +INF            EPS         
heifer    .molasses              .              .            +INF            EPS         
heifer    .bagasse               .              .            +INF             .          
heifer    .meatbonemeal          .              .            +INF            EPS         
heifer    .fishmeal              .              .            +INF            EPS         
calves    .rice                  .              .            +INF            EPS         
calves    .wheat                 .              .            +INF            EPS         
calves    .barley                .              .            +INF            EPS         
calves    .corn                  .              .            +INF            EPS         
calves    .sorghum               .              .            +INF            EPS         
calves    .fodder                .              .            +INF            EPS         
calves    .ricestraw             .              .            +INF            EPS         
calves    .ricebran              .              .            +INF            EPS         
calves    .wheatstraw            .              .            +INF            EPS         
calves    .wheatbran             .              .            +INF            EPS         
calves    .potatovines           .              .            +INF            EPS         
calves    .soybeancake           .              .            +INF            EPS         
calves    .rapeseedcake          .              .            +INF            EPS         
calves    .beetpulp              .              .            +INF            EPS         
calves    .molasses              .              .            +INF            EPS         
calves    .bagasse               .              .            +INF             .          
calves    .meatbonemeal          .              .            +INF            EPS         
calves    .fishmeal              .              .            +INF            EPS         
swine     .rice                  .              .            +INF            EPS         
swine     .wheat                 .              .            +INF            EPS         
swine     .barley                .              .            +INF            EPS         
swine     .corn                  .              .            +INF            EPS         
swine     .sorghum               .              .            +INF            EPS         
swine     .fodder                .              .            +INF            EPS         
swine     .ricestraw             .              .            +INF            EPS         
swine     .ricebran              .              .            +INF            EPS         
swine     .wheatstraw            .              .            +INF            EPS         
swine     .wheatbran             .              .            +INF            EPS         
swine     .potatovines           .              .            +INF            EPS         
swine     .soybeancake           .              .            +INF            EPS         
swine     .rapeseedcake          .              .            +INF            EPS         
swine     .beetpulp              .              .            +INF            EPS         
swine     .molasses              .              .            +INF            EPS         
swine     .bagasse               .              .            +INF            EPS         
swine     .meatbonemeal          .              .            +INF            EPS         
swine     .fishmeal              .              .            +INF             .          
broiler   .rice                  .              .            +INF            EPS         
broiler   .wheat                 .              .            +INF            EPS         
broiler   .barley                .              .            +INF            EPS         
broiler   .corn                  .              .            +INF            EPS         
broiler   .sorghum               .              .            +INF            EPS         
broiler   .fodder                .              .            +INF            EPS         
broiler   .ricestraw             .              .            +INF            EPS         
broiler   .ricebran              .              .            +INF            EPS         
broiler   .wheatstraw            .              .            +INF            EPS         
broiler   .wheatbran             .              .            +INF            EPS         
broiler   .potatovines           .              .            +INF            EPS         
broiler   .soybeancake           .              .            +INF            EPS         
broiler   .rapeseedcake          .              .            +INF            EPS         
broiler   .beetpulp              .              .            +INF            EPS         
broiler   .molasses              .              .            +INF            EPS         
broiler   .bagasse               .              .            +INF            EPS         
broiler   .meatbonemeal          .              .            +INF            EPS         
broiler   .fishmeal              .              .            +INF             .          
layinghens.rice                  .              .            +INF            EPS         
layinghens.wheat                 .              .            +INF            EPS         
layinghens.barley                .              .            +INF            EPS         
layinghens.corn                  .              .            +INF            EPS         
layinghens.sorghum               .              .            +INF            EPS         
layinghens.fodder                .              .            +INF            EPS         
layinghens.ricestraw             .              .            +INF            EPS         
layinghens.ricebran              .              .            +INF            EPS         
layinghens.wheatstraw            .              .            +INF            EPS         
layinghens.wheatbran             .              .            +INF            EPS         
layinghens.potatovines           .              .            +INF            EPS         
layinghens.soybeancake           .              .            +INF            EPS         
layinghens.rapeseedcake          .              .            +INF             .          
layinghens.beetpulp              .              .            +INF            EPS         
layinghens.molasses              .              .            +INF            EPS         
layinghens.bagasse               .              .            +INF            EPS         
layinghens.meatbonemeal          .        164387.0000        +INF             .          
layinghens.fishmeal              .         55615.0000        +INF             .          

                           LOWER          LEVEL          UPPER         MARGINAL

---- VAR labd_c            -INF            1.3973        +INF             .          
---- VAR labd_ls           -INF            0.2616        +INF             .          

  labd_c  Labor demand by crop      (bil. h)
  labd_ls  Labor demand by livestock (bil. h)

---- VAR tdnd  TDN demand by livestock (MT)

                  LOWER          LEVEL          UPPER         MARGINAL

dairycow          -INF      8587392.9507        +INF             .          
dairyox           -INF             .            +INF             .          
heifer            -INF             .            +INF             .          
calves            -INF             .            +INF             .          
swine             -INF             .            +INF             .          
broiler           -INF             .            +INF             .          
layinghens        -INF       139635.8230        +INF             .          

---- VAR tdns  TDN supply to livestock (MT)

                  LOWER          LEVEL          UPPER         MARGINAL

dairycow          -INF      8587392.9507        +INF             .          
dairyox           -INF             .            +INF             .          
heifer            -INF             .            +INF             .          
calves            -INF             .            +INF             .          
swine             -INF             .            +INF             .          
broiler           -INF             .            +INF             .          
layinghens        -INF       139635.8230        +INF             .          

---- VAR dms  DM supply               (MT)

                    LOWER          LEVEL          UPPER         MARGINAL

rice                -INF             .            +INF             .          
wheat               -INF             .            +INF             .          
barley              -INF             .            +INF             .          
corn                -INF             .            +INF             .          
sorghum             -INF             .            +INF             .          
fodder              -INF      4030620.0000        +INF             .          
ricestraw           -INF      1.1192256E+7        +INF             .          
ricebran            -INF       800918.8560        +INF             .          
wheatstraw          -INF      2530300.8123        +INF             .          
wheatbran           -INF       450935.0770        +INF             .          
potatovines         -INF      2262881.3009        +INF             .          
soybeancake         -INF             .            +INF             .          
rapeseedcake        -INF             .            +INF             .          
beetpulp            -INF        39309.6240        +INF             .          
molasses            -INF        90644.3720        +INF             .          
bagasse             -INF       174914.0800        +INF             .          
meatbonemeal        -INF       164387.0000        +INF             .          
fishmeal            -INF        55615.0000        +INF             .          

---- VAR nnpotential_c  Potential nutrition intake from crops (kcal or grams/capita)

                                LOWER          LEVEL          UPPER         MARGINAL

rice      .calorie              -INF          763.6259        +INF             .          
rice      .protein              -INF           13.0115        +INF             .          
rice      .fat                  -INF            1.9197        +INF             .          
rice      .carbonhydrate        -INF          173.5756        +INF             .          
wheat     .calorie              -INF             .            +INF             .          
wheat     .protein              -INF             .            +INF             .          
wheat     .fat                  -INF             .            +INF             .          
wheat     .carbonhydrate        -INF             .            +INF             .          
pwheat    .calorie              -INF          131.4562        +INF             .          
pwheat    .protein              -INF            3.4650        +INF             .          
pwheat    .fat                  -INF            0.6430        +INF             .          
pwheat    .carbonhydrate        -INF           27.9523        +INF             .          
barley    .calorie              -INF             .            +INF             .          
barley    .protein              -INF             .            +INF             .          
barley    .fat                  -INF             .            +INF             .          
barley    .carbonhydrate        -INF             .            +INF             .          
pbarley   .calorie              -INF             .            +INF             .          
pbarley   .protein              -INF             .            +INF             .          
pbarley   .fat                  -INF             .            +INF             .          
pbarley   .carbonhydrate        -INF             .            +INF             .          
naked     .calorie              -INF             .            +INF             .          
naked     .protein              -INF             .            +INF             .          
naked     .fat                  -INF             .            +INF             .          
naked     .carbonhydrate        -INF             .            +INF             .          
corn      .calorie              -INF             .            +INF             .          
corn      .protein              -INF             .            +INF             .          
corn      .fat                  -INF             .            +INF             .          
corn      .carbonhydrate        -INF             .            +INF             .          
sorghum   .calorie              -INF             .            +INF             .          
sorghum   .protein              -INF             .            +INF             .          
sorghum   .fat                  -INF             .            +INF             .          
sorghum   .carbonhydrate        -INF             .            +INF             .          
mis_grains.calorie              -INF             .            +INF             .          
mis_grains.protein              -INF             .            +INF             .          
mis_grains.fat                  -INF             .            +INF             .          
mis_grains.carbonhydrate        -INF             .            +INF             .          
sweetp    .calorie              -INF             .            +INF             .          
sweetp    .protein              -INF             .            +INF             .          
sweetp    .fat                  -INF             .            +INF             .          
sweetp    .carbonhydrate        -INF             .            +INF             .          
psweetp   .calorie              -INF             .            +INF             .          
psweetp   .protein              -INF             .            +INF             .          
psweetp   .fat                  -INF             .            +INF             .          
psweetp   .carbonhydrate        -INF             .            +INF             .          
potato    .calorie              -INF          130.1944        +INF             .          
potato    .protein              -INF            2.7409        +INF             .          
potato    .fat                  -INF            0.1713        +INF             .          
potato    .carbonhydrate        -INF           29.4222        +INF             .          
ppotato   .calorie              -INF             .            +INF             .          
ppotato   .protein              -INF             .            +INF             .          
ppotato   .fat                  -INF             .            +INF             .          
ppotato   .carbonhydrate        -INF             .            +INF             .          
soy       .calorie              -INF             .            +INF             .          
soy       .protein              -INF             .            +INF             .          
soy       .fat                  -INF             .            +INF             .          
soy       .carbonhydrate        -INF             .            +INF             .          
psoy      .calorie              -INF             .            +INF             .          
psoy      .protein              -INF             .            +INF             .          
psoy      .fat                  -INF             .            +INF             .          
psoy      .carbonhydrate        -INF             .            +INF             .          
mis_beans .calorie              -INF             .            +INF             .          
mis_beans .protein              -INF             .            +INF             .          
mis_beans .fat                  -INF             .            +INF             .          
mis_beans .carbonhydrate        -INF             .            +INF             .          
veges     .calorie              -INF           66.3850        +INF             .          
veges     .protein              -INF            2.8968        +INF             .          
veges     .fat                  -INF            0.4828        +INF             .          
veges     .carbonhydrate        -INF           12.6132        +INF             .          
mandarin  .calorie              -INF            4.5542        +INF             .          
mandarin  .protein              -INF            0.0569        +INF             .          
mandarin  .fat                  -INF            0.0095        +INF             .          
mandarin  .carbonhydrate        -INF            1.0603        +INF             .          
apple     .calorie              -INF            6.5383        +INF             .          
apple     .protein              -INF            0.0123        +INF             .          
apple     .fat                  -INF            0.0247        +INF             .          
apple     .carbonhydrate        -INF            1.5667        +INF             .          
mis_fruits.calorie              -INF            9.3612        +INF             .          
mis_fruits.protein              -INF            0.1570        +INF             .          
mis_fruits.fat                  -INF            0.2915        +INF             .          
mis_fruits.carbonhydrate        -INF            1.5275        +INF             .          
scane     .calorie              -INF             .            +INF             .          
scane     .protein              -INF             .            +INF             .          
scane     .fat                  -INF             .            +INF             .          
scane     .carbonhydrate        -INF             .            +INF             .          
sbeat     .calorie              -INF             .            +INF             .          
sbeat     .protein              -INF             .            +INF             .          
sbeat     .fat                  -INF             .            +INF             .          
sbeat     .carbonhydrate        -INF             .            +INF             .          
rapeseed  .calorie              -INF             .            +INF             .          
rapeseed  .protein              -INF             .            +INF             .          
rapeseed  .fat                  -INF             .            +INF             .          
rapeseed  .carbonhydrate        -INF             .            +INF             .          
fish      .calorie              -INF             .            +INF             .          
fish      .protein              -INF             .            +INF             .          
fish      .fat                  -INF             .            +INF             .          
fish      .carbonhydrate        -INF             .            +INF             .          
seaweed   .calorie              -INF             .            +INF             .          
seaweed   .protein              -INF             .            +INF             .          
seaweed   .fat                  -INF             .            +INF             .          
seaweed   .carbonhydrate        -INF             .            +INF             .          
starch    .calorie              -INF             .            +INF             .          
starch    .protein              -INF             .            +INF             .          
starch    .fat                  -INF             .            +INF             .          
starch    .carbonhydrate        -INF             .            +INF             .          
sugar     .calorie              -INF             .            +INF             .          
sugar     .protein              -INF             .            +INF             .          
sugar     .fat                  -INF             .            +INF             .          
sugar     .carbonhydrate        -INF             .            +INF             .          
oil       .calorie              -INF             .            +INF             .          
oil       .protein              -INF             .            +INF             .          
oil       .fat                  -INF             .            +INF             .          
oil       .carbonhydrate        -INF             .            +INF             .          
miso      .calorie              -INF             .            +INF             .          
miso      .protein              -INF             .            +INF             .          
miso      .fat                  -INF             .            +INF             .          
miso      .carbonhydrate        -INF             .            +INF             .          
soysource .calorie              -INF             .            +INF             .          
soysource .protein              -INF             .            +INF             .          
soysource .fat                  -INF             .            +INF             .          
soysource .carbonhydrate        -INF             .            +INF             .          
mis_foods .calorie              -INF             .            +INF             .          
mis_foods .protein              -INF             .            +INF             .          
mis_foods .fat                  -INF             .            +INF             .          
mis_foods .carbonhydrate        -INF             .            +INF             .          

---- VAR nnpotential_f  Potential nutrition intake from processed foods (kcal or grams/capita)

                                LOWER          LEVEL          UPPER         MARGINAL

rice      .calorie              -INF             .            +INF             .          
rice      .protein              -INF             .            +INF             .          
rice      .fat                  -INF             .            +INF             .          
rice      .carbonhydrate        -INF             .            +INF             .          
wheat     .calorie              -INF             .            +INF             .          
wheat     .protein              -INF             .            +INF             .          
wheat     .fat                  -INF             .            +INF             .          
wheat     .carbonhydrate        -INF             .            +INF             .          
pwheat    .calorie              -INF             .            +INF             .          
pwheat    .protein              -INF             .            +INF             .          
pwheat    .fat                  -INF             .            +INF             .          
pwheat    .carbonhydrate        -INF             .            +INF             .          
barley    .calorie              -INF             .            +INF             .          
barley    .protein              -INF             .            +INF             .          
barley    .fat                  -INF             .            +INF             .          
barley    .carbonhydrate        -INF             .            +INF             .          
pbarley   .calorie              -INF             .            +INF             .          
pbarley   .protein              -INF             .            +INF             .          
pbarley   .fat                  -INF             .            +INF             .          
pbarley   .carbonhydrate        -INF             .            +INF             .          
naked     .calorie              -INF             .            +INF             .          
naked     .protein              -INF             .            +INF             .          
naked     .fat                  -INF             .            +INF             .          
naked     .carbonhydrate        -INF             .            +INF             .          
corn      .calorie              -INF             .            +INF             .          
corn      .protein              -INF             .            +INF             .          
corn      .fat                  -INF             .            +INF             .          
corn      .carbonhydrate        -INF             .            +INF             .          
sorghum   .calorie              -INF             .            +INF             .          
sorghum   .protein              -INF             .            +INF             .          
sorghum   .fat                  -INF             .            +INF             .          
sorghum   .carbonhydrate        -INF             .            +INF             .          
mis_grains.calorie              -INF             .            +INF             .          
mis_grains.protein              -INF             .            +INF             .          
mis_grains.fat                  -INF             .            +INF             .          
mis_grains.carbonhydrate        -INF             .            +INF             .          
sweetp    .calorie              -INF             .            +INF             .          
sweetp    .protein              -INF             .            +INF             .          
sweetp    .fat                  -INF             .            +INF             .          
sweetp    .carbonhydrate        -INF             .            +INF             .          
psweetp   .calorie              -INF             .            +INF             .          
psweetp   .protein              -INF             .            +INF             .          
psweetp   .fat                  -INF             .            +INF             .          
psweetp   .carbonhydrate        -INF             .            +INF             .          
potato    .calorie              -INF             .            +INF             .          
potato    .protein              -INF             .            +INF             .          
potato    .fat                  -INF             .            +INF             .          
potato    .carbonhydrate        -INF             .            +INF             .          
ppotato   .calorie              -INF             .            +INF             .          
ppotato   .protein              -INF             .            +INF             .          
ppotato   .fat                  -INF             .            +INF             .          
ppotato   .carbonhydrate        -INF             .            +INF             .          
soy       .calorie              -INF             .            +INF             .          
soy       .protein              -INF             .            +INF             .          
soy       .fat                  -INF             .            +INF             .          
soy       .carbonhydrate        -INF             .            +INF             .          
psoy      .calorie              -INF             .            +INF             .          
psoy      .protein              -INF             .            +INF             .          
psoy      .fat                  -INF             .            +INF             .          
psoy      .carbonhydrate        -INF             .            +INF             .          
mis_beans .calorie              -INF             .            +INF             .          
mis_beans .protein              -INF             .            +INF             .          
mis_beans .fat                  -INF             .            +INF             .          
mis_beans .carbonhydrate        -INF             .            +INF             .          
veges     .calorie              -INF             .            +INF             .          
veges     .protein              -INF             .            +INF             .          
veges     .fat                  -INF             .            +INF             .          
veges     .carbonhydrate        -INF             .            +INF             .          
mandarin  .calorie              -INF             .            +INF             .          
mandarin  .protein              -INF             .            +INF             .          
mandarin  .fat                  -INF             .            +INF             .          
mandarin  .carbonhydrate        -INF             .            +INF             .          
apple     .calorie              -INF             .            +INF             .          
apple     .protein              -INF             .            +INF             .          
apple     .fat                  -INF             .            +INF             .          
apple     .carbonhydrate        -INF             .            +INF             .          
mis_fruits.calorie              -INF             .            +INF             .          
mis_fruits.protein              -INF             .            +INF             .          
mis_fruits.fat                  -INF             .            +INF             .          
mis_fruits.carbonhydrate        -INF             .            +INF             .          
scane     .calorie              -INF             .            +INF             .          
scane     .protein              -INF             .            +INF             .          
scane     .fat                  -INF             .            +INF             .          
scane     .carbonhydrate        -INF             .            +INF             .          
sbeat     .calorie              -INF             .            +INF             .          
sbeat     .protein              -INF             .            +INF             .          
sbeat     .fat                  -INF             .            +INF             .          
sbeat     .carbonhydrate        -INF             .            +INF             .          
rapeseed  .calorie              -INF             .            +INF             .          
rapeseed  .protein              -INF             .            +INF             .          
rapeseed  .fat                  -INF             .            +INF             .          
rapeseed  .carbonhydrate        -INF             .            +INF             .          
fish      .calorie              -INF             .            +INF             .          
fish      .protein              -INF             .            +INF             .          
fish      .fat                  -INF             .            +INF             .          
fish      .carbonhydrate        -INF             .            +INF             .          
seaweed   .calorie              -INF             .            +INF             .          
seaweed   .protein              -INF             .            +INF             .          
seaweed   .fat                  -INF             .            +INF             .          
seaweed   .carbonhydrate        -INF             .            +INF             .          
starch    .calorie              -INF           35.9715        +INF             .          
starch    .protein              -INF            0.0100        +INF             .          
starch    .fat                  -INF            0.0599        +INF             .          
starch    .carbonhydrate        -INF             .            +INF             .          
sugar     .calorie              -INF           58.8958        +INF             .          
sugar     .protein              -INF             .            +INF             .          
sugar     .fat                  -INF             .            +INF             .          
sugar     .carbonhydrate        -INF             .            +INF             .          
oil       .calorie              -INF           44.3874        +INF             .          
oil       .protein              -INF             .            +INF             .          
oil       .fat                  -INF            4.8195        +INF             .          
oil       .carbonhydrate        -INF             .            +INF             .          
miso      .calorie              -INF             .            +INF             .          
miso      .protein              -INF             .            +INF             .          
miso      .fat                  -INF             .            +INF             .          
miso      .carbonhydrate        -INF             .            +INF             .          
soysource .calorie              -INF             .            +INF             .          
soysource .protein              -INF             .            +INF             .          
soysource .fat                  -INF             .            +INF             .          
soysource .carbonhydrate        -INF             .            +INF             .          
mis_foods .calorie              -INF             .            +INF             .          
mis_foods .protein              -INF             .            +INF             .          
mis_foods .fat                  -INF             .            +INF             .          
mis_foods .carbonhydrate        -INF             .            +INF             .          

---- VAR nnpotential_l  Potential nutrition intake from animal products (kcal or grams/capita)

                             LOWER          LEVEL          UPPER         MARGINAL

beef   .calorie              -INF            3.8522        +INF             .          
beef   .protein              -INF            0.2275        +INF             .          
beef   .fat                  -INF            0.3051        +INF             .          
beef   .carbonhydrate        -INF            0.0027        +INF             .          
pork   .calorie              -INF             .            +INF             .          
pork   .protein              -INF             .            +INF             .          
pork   .fat                  -INF             .            +INF             .          
pork   .carbonhydrate        -INF             .            +INF             .          
chicken.calorie              -INF            0.0870        +INF             .          
chicken.protein              -INF            0.0108        +INF             .          
chicken.fat                  -INF            0.0044        +INF             .          
chicken.carbonhydrate        -INF             .            +INF             .          
egg    .calorie              -INF            2.3578        +INF             .          
egg    .protein              -INF            0.1921        +INF             .          
egg    .fat                  -INF            0.1608        +INF             .          
egg    .carbonhydrate        -INF            0.0047        +INF             .          
milk   .calorie              -INF           95.7414        +INF             .          
milk   .protein              -INF            4.7156        +INF             .          
milk   .fat                  -INF            5.4301        +INF             .          
milk   .carbonhydrate        -INF            6.2875        +INF             .          

                           LOWER          LEVEL          UPPER         MARGINAL

---- VAR cdeficit          -INF        -7262.2540        +INF             .          
---- VAR cshortrate        -INF           -3.3656        +INF             .          

  cdeficit  Calorie deficit (kcal/capita)
  cshortrate  Calorie shortage rate

---- VAR dpotential_c  Potential netfood intake from crops (grams/capita)

                  LOWER          LEVEL          UPPER         MARGINAL

rice              -INF          213.3033        +INF             .          
wheat             -INF             .            +INF             .          
pwheat            -INF           35.7218        +INF             .          
barley            -INF             .            +INF             .          
pbarley           -INF             .            +INF             .          
naked             -INF             .            +INF             .          
corn              -INF             .            +INF             .          
sorghum           -INF             .            +INF             .          
mis_grains        -INF             .            +INF             .          
sweetp            -INF             .            +INF             .          
psweetp           -INF             .            +INF             .          
potato            -INF          171.3084        +INF             .          
ppotato           -INF             .            +INF             .          
soy               -INF             .            +INF             .          
psoy              -INF             .            +INF             .          
mis_beans         -INF             .            +INF             .          
veges             -INF          241.4000        +INF             .          
mandarin          -INF            9.4879        +INF             .          
apple             -INF           12.3364        +INF             .          
mis_fruits        -INF           11.2110        +INF             .          
scane             -INF             .            +INF             .          
sbeat             -INF             .            +INF             .          
rapeseed          -INF             .            +INF             .          
fish              -INF             .            +INF             .          
seaweed           -INF             .            +INF             .          
starch            -INF             .            +INF             .          
sugar             -INF             .            +INF             .          
oil               -INF             .            +INF             .          
miso              -INF             .            +INF             .          
soysource         -INF             .            +INF             .          
mis_foods         -INF             .            +INF             .          

---- VAR dpotential_f  Potential netfood intake from processed foods (grams/capita)

                  LOWER          LEVEL          UPPER         MARGINAL

rice              -INF             .            +INF             .          
wheat             -INF             .            +INF             .          
pwheat            -INF             .            +INF             .          
barley            -INF             .            +INF             .          
pbarley           -INF             .            +INF             .          
naked             -INF             .            +INF             .          
corn              -INF             .            +INF             .          
sorghum           -INF             .            +INF             .          
mis_grains        -INF             .            +INF             .          
sweetp            -INF             .            +INF             .          
psweetp           -INF             .            +INF             .          
potato            -INF             .            +INF             .          
ppotato           -INF             .            +INF             .          
soy               -INF             .            +INF             .          
psoy              -INF             .            +INF             .          
mis_beans         -INF             .            +INF             .          
veges             -INF             .            +INF             .          
mandarin          -INF             .            +INF             .          
apple             -INF             .            +INF             .          
mis_fruits        -INF             .            +INF             .          
scane             -INF             .            +INF             .          
sbeat             -INF             .            +INF             .          
rapeseed          -INF             .            +INF             .          
fish              -INF             .            +INF             .          
seaweed           -INF             .            +INF             .          
starch            -INF            9.9865        +INF             .          
sugar             -INF           15.3375        +INF             .          
oil               -INF            4.8195        +INF             .          
miso              -INF             .            +INF             .          
soysource         -INF             .            +INF             .          
mis_foods         -INF             .            +INF             .          

---- VAR dpotential_l  Potential netfood intake from animal products (grams/capita)

               LOWER          LEVEL          UPPER         MARGINAL

beef           -INF            1.6725        +INF             .          
pork           -INF             .            +INF             .          
chicken        -INF            0.0681        +INF             .          
egg            -INF            1.9519        +INF             .          
milk           -INF          178.6219        +INF             .          

---- VAR delta  Net food intake change (grams/capita)

              LOWER          LEVEL          UPPER         MARGINAL

starch        -INF           32.9135        +INF             .          
sugar         -INF           31.2625        +INF             .          
grain         -INF           66.9749        +INF             .          
tuber         -INF          -55.9084        +INF             .          
pulse         -INF           43.0000        +INF             .          
veget         -INF             .            +INF             .          
fruit         -INF           57.7647        +INF             .          
other         -INF           44.5805        +INF             .          

                           LOWER          LEVEL          UPPER         MARGINAL

---- VAR deltasumsq        -INF            1.4450        +INF             .          

  deltasumsq  Sum of squared net food intake change rate (crop group)

---- VAR adelta  Net food intake change (grams/capita)

                 LOWER          LEVEL          UPPER         MARGINAL

meat             -INF           90.9594        +INF             .          
egg_dairy        -INF          123.1262        +INF             .          

                           LOWER          LEVEL          UPPER         MARGINAL

---- VAR adeltasum~        -INF            0.1481        +INF             .          
---- VAR target            -INF            1.5931        +INF             .          

  adeltasumsq  Sum of squared net food intake change rate (animal product group)
  target  Weighted average of calorie deficit and net food balance


**** REPORT SUMMARY :        0     NONOPT
                             0 INFEASIBLE
                             0  UNBOUNDED
                             0     ERRORS
                            94  PROJECTED
GAMS 32.2.0  rc62c018 Released Aug 26, 2020 WEX-WEI x86 64bit/MS Windows - 02/18/26 01:42:35 Page 26
Food Supply Simulation in Japan applying the SWISSfoodSys Model
E x e c u t i o n


----   1181 VARIABLE xrlcrop.L  Cropping area (1000ha)

                             paddy_wet   paddy_dry  field_rain   field_irr     orchard

rice      .Hokkaido             70.252     151.344
rice      .Tohoku_Hokuriku     436.733     424.304
rice      .Kanto_West          718.933     539.551
rice      .Okinawa               0.389       0.362
pwheat    .Kanto_West                      539.551
pwheat    .Okinawa                           0.362
potato    .Hokkaido                                    136.205
potato    .Tohoku_Hokuriku                             158.823
veges     .Tohoku_Hokuriku                                          31.627
veges     .Kanto_West                                  219.114     209.029
mandarin  .Kanto_West                                                           36.200
apple     .Hokkaido                                                              3.050
apple     .Kanto_West                                                           32.050
mis_fruits.Tohoku_Hokuriku                                                      49.250
mis_fruits.Kanto_West                                                           43.618
mis_fruits.Okinawa                                                               1.880
scane     .Okinawa                                       0.796      22.404
sbeat     .Hokkaido                                     55.400


----   1181 VARIABLE xcrop.L  Cropping area (1000ha)

rice       2341.868,    pwheat      539.913,    potato      295.028,    veges       459.770,    mandarin     36.200,    apple        35.100,    mis_fruits   94.748,    scane        23.200,    sbeat        55.400


----   1181 VARIABLE xlive.L  Head of animal ls

dairycow   2118042.855,    layinghens 5541104.087


----   1181 VARIABLE yfeed.L  Distribution of feed j to animal ls (MT)

                fodder   ricestraw    ricebran  wheatstraw   wheatbran  potatovin~    beetpulp    molasses     bagasse  meatbonem~    fishmeal

dairycow   4030620.000 1.119226E+7  800918.856 2530300.812  450935.077 2262881.301   39309.624   90644.372  174914.080
layinghens                                                                                                              164387.000   55615.000


----   1181 VARIABLE dms.L  DM supply               (MT)

fodder       4030620.000,    ricestraw    1.119226E+7,    ricebran      800918.856,    wheatstraw   2530300.812,    wheatbran     450935.077,    potatovines  2262881.301,    beetpulp       39309.624,    molasses       90644.372,    bagasse       174914.080,    meatbonemeal  164387.000,    fishmeal       55615.000

GAMS 32.2.0  rc62c018 Released Aug 26, 2020 WEX-WEI x86 64bit/MS Windows - 02/18/26 01:42:35 Page 27
Food Supply Simulation in Japan applying the SWISSfoodSys Model
Equation Listing    SOLVE sol_rat_unlimited Using NLP From line 1177


---- link  =E=  xrlcrop to xcrop link by summation

link(rice)..  xrlcrop(rice,Hokkaido,paddy_wet) + xrlcrop(rice,Hokkaido,paddy_dry) + xrlcrop(rice,Tohoku_Hokuriku,paddy_wet) + xrlcrop(rice,Tohoku_Hokuriku,paddy_dry) + xrlcrop(rice,Kanto_West,paddy_wet) + xrlcrop(rice,Kanto_West,paddy_dry) + xrlcrop(rice,Okinawa,paddy_wet) + xrlcrop(rice,Okinawa,paddy_dry) - xcrop(rice) =E= 0 ; (LHS = -3.9744918467477E-10, INFES = 3.9744918467477E-10 ****)
     
link(wheat)..  xrlcrop(wheat,Hokkaido,field_rain) + xrlcrop(wheat,Hokkaido,field_irr) + xrlcrop(wheat,Tohoku_Hokuriku,field_rain) + xrlcrop(wheat,Tohoku_Hokuriku,field_irr) + xrlcrop(wheat,Kanto_West,field_rain) + xrlcrop(wheat,Kanto_West,field_irr) + xrlcrop(wheat,Okinawa,field_rain) + xrlcrop(wheat,Okinawa,field_irr) - xcrop(wheat) =E= 0 ; (LHS = 0)
     
link(pwheat)..  xrlcrop(pwheat,Kanto_West,paddy_dry) + xrlcrop(pwheat,Okinawa,paddy_dry) - xcrop(pwheat) =E= 0 ; (LHS = 1.4210854715202E-11, INFES = 1.4210854715202E-11 ****)
     
REMAINING 28 ENTRIES SKIPPED


---- landbal  =L=  Monthly land balance on each land type (1000ha)

landbal(jan,Hokkaido,field_rain)..  xrlcrop(wheat,Hokkaido,field_rain) + xrlcrop(rapeseed,Hokkaido,field_rain) =L= 191.60482 ; (LHS = 0)
     
landbal(jan,Hokkaido,field_irr)..  xrlcrop(wheat,Hokkaido,field_irr) + xrlcrop(rapeseed,Hokkaido,field_irr) =L= 227.09518 ; (LHS = 0)
     
landbal(jan,Hokkaido,orchard)..  xrlcrop(apple,Hokkaido,orchard) =L= 3.05 ; (LHS = 3.05000000000018)
     
REMAINING 209 ENTRIES SKIPPED


---- areamax_o  =L=  Area upper bound on orchard       (1000ha)

areamax_o(mandarin)..  xcrop(mandarin) =L= 36.2 ; (LHS = 36.1999999999971)
     
areamax_o(apple)..  xcrop(apple) =L= 35.1 ; (LHS = 35.0999999999985)
     
areamax_o(mis_fruits)..  xcrop(mis_fruits) =L= 94.748 ; (LHS = 94.748)
     

---- areamax_l  =L=  Area upper bound on local crops   (1000ha)

areamax_l(scane)..  xcrop(scane) =L= 23.2 ; (LHS = 23.1999999999971)
     
areamax_l(sbeat)..  xcrop(sbeat) =L= 55.4 ; (LHS = 55.4000000000087, INFES = 8.73257022249163E-12 ****)
     

---- labdemand_c  =E=  Total labor demand by crop      (bil. hour)

labdemand_c..  - 0.00022*xcrop(rice) - 3.29999999999999E-5*xcrop(wheat) - 3.29999999999999E-5*xcrop(pwheat) - 3.29999999999999E-5*xcrop(barley) - 3.29999999999999E-5*xcrop(pbarley) - 3.29999999999999E-5*xcrop(naked) - 3.29999999999999E-5*xcrop(corn) - 3.29999999999999E-5*xcrop(sorghum) - 3.29999999999999E-5*xcrop(mis_grains) - 0.000859999999999998*xcrop(sweetp) - 0.000859999999999998*xcrop(psweetp) - 0.00011*xcrop(potato) - 0.00011*xcrop(ppotato) - 5.59999999999999E-5*xcrop(soy) - 5.59999999999999E-5*xcrop(psoy) - 5.59999999999999E-5*xcrop(mis_beans) - 0.000814999999999998*xcrop(veges) - 0.00266999999999999*xcrop(mandarin) - 0.00266999999999999*xcrop(apple) - 0.00266999999999999*xcrop(mis_fruits) - 0.000329999999999999*xcrop(scane) - 0.00011*xcrop(sbeat) - 3.29999999999999E-5*xcrop(rapeseed) + labd_c =E= 0 ; (LHS = 3.11972669919669E-13, INFES = 3.11972669919669E-13 ****)
     

---- labdemand_l  =E=  Total labor demand by livestock (bil. hour)

labdemand_l..  - 1.23E-7*xlive(dairycow) - 4.39999999999999E-8*xlive(dairyox) - 4.39999999999999E-8*xlive(heifer) - 4.39999999999999E-8*xlive(calves) - 3.09999999999999E-9*xlive(swine) - 1.99999999999999E-11*xlive(broiler) - 1.99999999999999E-10*xlive(layinghens) + labd_ls =E= 0 ; (LHS = 0)
     

---- labbal  =L=  Total labor balance             (bil. hour)

labbal..  labd_c + labd_ls =L= 2.96 ; (LHS = 1.65891946001423)
     

---- tdndemand  =E=  TDN demand by animal ls

tdndemand(dairycow)..  - 4.0544*xlive(dairycow) + tdnd(dairycow) =E= 0 ; (LHS = -1.33924186229706E-6, INFES = 1.33924186229706E-6 ****)
     
tdndemand(dairyox)..  - 3.2435*xlive(dairyox) + tdnd(dairyox) =E= 0 ; (LHS = 0)
     
tdndemand(heifer)..  - 2.6354*xlive(heifer) + tdnd(heifer) =E= 0 ; (LHS = 0)
     
REMAINING 4 ENTRIES SKIPPED


---- tdnsupply  =E=  TDN supply for animal ls by feed fe

tdnsupply(dairycow)..  - 0.813*yfeed(dairycow,rice) - 0.813*yfeed(dairycow,wheat) - 0.741*yfeed(dairycow,barley) - 0.799*yfeed(dairycow,corn) - 0.784*yfeed(dairycow,sorghum) - 0.592*yfeed(dairycow,fodder) - 0.377*yfeed(dairycow,ricestraw) - 0.558*yfeed(dairycow,ricebran) - 0.38*yfeed(dairycow,wheatstraw) - 0.627*yfeed(dairycow,wheatbran) - 0.074*yfeed(dairycow,potatovines) - 0.766*yfeed(dairycow,soybeancake) - 0.645*yfeed(dairycow,rapeseedcake) - 0.673*yfeed(dairycow,beetpulp) - 0.517*yfeed(dairycow,molasses) - 0.285*yfeed(dairycow,bagasse) + tdns(dairycow) =E= 0 ; (LHS = -8.19563865661621E-7, INFES = 8.19563865661621E-7 ****)
     
tdnsupply(dairyox)..  - 0.813*yfeed(dairyox,rice) - 0.813*yfeed(dairyox,wheat) - 0.741*yfeed(dairyox,barley) - 0.799*yfeed(dairyox,corn) - 0.784*yfeed(dairyox,sorghum) - 0.592*yfeed(dairyox,fodder) - 0.377*yfeed(dairyox,ricestraw) - 0.558*yfeed(dairyox,ricebran) - 0.38*yfeed(dairyox,wheatstraw) - 0.627*yfeed(dairyox,wheatbran) - 0.074*yfeed(dairyox,potatovines) - 0.766*yfeed(dairyox,soybeancake) - 0.645*yfeed(dairyox,rapeseedcake) - 0.673*yfeed(dairyox,beetpulp) - 0.517*yfeed(dairyox,molasses) - 0.285*yfeed(dairyox,bagasse) + tdns(dairyox) =E= 0 ; (LHS = 0)
     
tdnsupply(heifer)..  - 0.813*yfeed(heifer,rice) - 0.813*yfeed(heifer,wheat) - 0.741*yfeed(heifer,barley) - 0.799*yfeed(heifer,corn) - 0.784*yfeed(heifer,sorghum) - 0.592*yfeed(heifer,fodder) - 0.377*yfeed(heifer,ricestraw) - 0.558*yfeed(heifer,ricebran) - 0.38*yfeed(heifer,wheatstraw) - 0.627*yfeed(heifer,wheatbran) - 0.074*yfeed(heifer,potatovines) - 0.766*yfeed(heifer,soybeancake) - 0.645*yfeed(heifer,rapeseedcake) - 0.673*yfeed(heifer,beetpulp) - 0.517*yfeed(heifer,molasses) - 0.285*yfeed(heifer,bagasse) + tdns(heifer) =E= 0 ; (LHS = 0)
     
REMAINING 4 ENTRIES SKIPPED


---- tdnbal  =L=  TDN balance

tdnbal(dairycow)..  tdnd(dairycow) - tdns(dairycow) =L= 0 ; (LHS = 0)
     
tdnbal(dairyox)..  tdnd(dairyox) - tdns(dairyox) =L= 0 ; (LHS = 0)
     
tdnbal(heifer)..  tdnd(heifer) - tdns(heifer) =L= 0 ; (LHS = 0)
     
REMAINING 4 ENTRIES SKIPPED


---- dmsupply  =E=  Feed supply (constant + import + crop byproducts) (dry matter MT)

dmsupply(rice)..  dms(rice) =E= 0 ; (LHS = 0)
     
dmsupply(wheat)..  dms(wheat) =E= 0 ; (LHS = 0)
     
dmsupply(barley)..  dms(barley) =E= 0 ; (LHS = 0)
     
REMAINING 15 ENTRIES SKIPPED


---- distbal  =G=  Feed distribution balance

distbal(rice)..  - yfeed(dairycow,rice) - yfeed(dairyox,rice) - yfeed(heifer,rice) - yfeed(calves,rice) - yfeed(swine,rice) - yfeed(broiler,rice) - yfeed(layinghens,rice) + dms(rice) =G= 0 ; (LHS = 0)
     
distbal(wheat)..  - yfeed(dairycow,wheat) - yfeed(dairyox,wheat) - yfeed(heifer,wheat) - yfeed(calves,wheat) - yfeed(swine,wheat) - yfeed(broiler,wheat) - yfeed(layinghens,wheat) + dms(wheat) =G= 0 ; (LHS = 0)
     
distbal(barley)..  - yfeed(dairycow,barley) - yfeed(dairyox,barley) - yfeed(heifer,barley) - yfeed(calves,barley) - yfeed(swine,barley) - yfeed(broiler,barley) - yfeed(layinghens,barley) + dms(barley) =G= 0 ; (LHS = 0)
     
REMAINING 15 ENTRIES SKIPPED


---- bredbal  =L=  Livestock breeding balance

bredbal(dairycow)..  xlive(dairycow) =L= 2585100 ; (LHS = 2118042.85483734)
     
bredbal(dairyox)..  xlive(dairyox) =L= 713280 ; (LHS = 0)
     
bredbal(heifer)..  xlive(heifer) =L= 186900 ; (LHS = 0)
     
REMAINING 4 ENTRIES SKIPPED


---- nutpet_c  =E=  Potential nutrition supply (grams or kcal/capita)

nutpet_c(rice,calorie)..  - 0.322998314752886*xrlcrop(rice,Hokkaido,paddy_wet) - 0.329458281047943*xrlcrop(rice,Hokkaido,paddy_dry) - 0.322998314752886*xrlcrop(rice,Tohoku_Hokuriku,paddy_wet) - 0.329458281047943*xrlcrop(rice,Tohoku_Hokuriku,paddy_dry) - 0.322998314752886*xrlcrop(rice,Kanto_West,paddy_wet) - 0.329458281047943*xrlcrop(rice,Kanto_West,paddy_dry) - 0.322998314752886*xrlcrop(rice,Okinawa,paddy_wet) - 0.329458281047943*xrlcrop(rice,Okinawa,paddy_dry) + nnpotential_c(rice,calorie) =E= 0 ; (LHS = 0)
     
nutpet_c(rice,protein)..  - 0.00550360256981174*xrlcrop(rice,Hokkaido,paddy_wet) - 0.00561367462120797*xrlcrop(rice,Hokkaido,paddy_dry) - 0.00550360256981174*xrlcrop(rice,Tohoku_Hokuriku,paddy_wet) - 0.00561367462120797*xrlcrop(rice,Tohoku_Hokuriku,paddy_dry) - 0.00550360256981174*xrlcrop(rice,Kanto_West,paddy_wet) - 0.00561367462120797*xrlcrop(rice,Kanto_West,paddy_dry) - 0.00550360256981174*xrlcrop(rice,Okinawa,paddy_wet) - 0.00561367462120797*xrlcrop(rice,Okinawa,paddy_dry) + nnpotential_c(rice,protein) =E= 0 ; (LHS = 0)
     
nutpet_c(rice,fat)..  - 0.000812006936529601*xrlcrop(rice,Hokkaido,paddy_wet) - 0.000828247075260193*xrlcrop(rice,Hokkaido,paddy_dry) - 0.000812006936529601*xrlcrop(rice,Tohoku_Hokuriku,paddy_wet) - 0.000828247075260193*xrlcrop(rice,Tohoku_Hokuriku,paddy_dry) - 0.000812006936529601*xrlcrop(rice,Kanto_West,paddy_wet) - 0.000828247075260193*xrlcrop(rice,Kanto_West,paddy_dry) - 0.000812006936529601*xrlcrop(rice,Okinawa,paddy_wet) - 0.000828247075260193*xrlcrop(rice,Okinawa,paddy_dry) + nnpotential_c(rice,fat) =E= 0 ; (LHS = 0)
     
REMAINING 121 ENTRIES SKIPPED


---- nutpet_f  =E=  

nutpet_f(rice,calorie)..  nnpotential_f(rice,calorie) =E= 0 ; (LHS = 0)
     
nutpet_f(rice,protein)..  nnpotential_f(rice,protein) =E= 0 ; (LHS = 0)
     
nutpet_f(rice,fat)..  nnpotential_f(rice,fat) =E= 0 ; (LHS = 0)
     
REMAINING 121 ENTRIES SKIPPED


---- nutpet_l  =E=  

nutpet_l(beef,calorie)..  - 1.81875114534691E-6*xlive(dairycow) - 1.08460119258662E-5*xlive(dairyox) + nnpotential_l(beef,calorie) =E= 0 ; (LHS = 0)
     
nutpet_l(beef,protein)..  - 1.07394128068418E-7*xlive(dairycow) - 6.40438356164383E-7*xlive(dairyox) + nnpotential_l(beef,protein) =E= 0 ; (LHS = 0)
     
nutpet_l(beef,fat)..  - 1.44034477644702E-7*xlive(dairycow) - 8.58940854149878E-7*xlive(dairyox) + nnpotential_l(beef,fat) =E= 0 ; (LHS = 0)
     
REMAINING 17 ENTRIES SKIPPED


---- caloriebal  =E=  Calorie deficit (kcal/capita)

caloriebal..  5*nnpotential_c(rice,calorie) + 5*nnpotential_c(wheat,calorie) + 5*nnpotential_c(pwheat,calorie) + 5*nnpotential_c(barley,calorie) + 5*nnpotential_c(pbarley,calorie) + 5*nnpotential_c(naked,calorie) + 5*nnpotential_c(corn,calorie) + 5*nnpotential_c(sorghum,calorie) + 5*nnpotential_c(mis_grains,calorie) + 5*nnpotential_c(sweetp,calorie) + 5*nnpotential_c(psweetp,calorie) + 5*nnpotential_c(potato,calorie) + 5*nnpotential_c(ppotato,calorie) + 5*nnpotential_c(soy,calorie) + 5*nnpotential_c(psoy,calorie) + 5*nnpotential_c(mis_beans,calorie) + 5*nnpotential_c(veges,calorie) + 5*nnpotential_c(mandarin,calorie) + 5*nnpotential_c(apple,calorie) + 5*nnpotential_c(mis_fruits,calorie) + 5*nnpotential_c(scane,calorie) + 5*nnpotential_c(sbeat,calorie) + 5*nnpotential_c(rapeseed,calorie) + 5*nnpotential_c(fish,calorie) + 5*nnpotential_c(seaweed,calorie) + 5*nnpotential_c(starch,calorie) + 5*nnpotential_c(sugar,calorie) + 5*nnpotential_c(oil,calorie) + 5*nnpotential_c(miso,calorie) + 5*nnpotential_c(soysource,calorie) + 5*nnpotential_c(mis_foods,calorie) + 5*nnpotential_f(rice,calorie) + 5*nnpotential_f(wheat,calorie) + 5*nnpotential_f(pwheat,calorie) + 5*nnpotential_f(barley,calorie) + 5*nnpotential_f(pbarley,calorie) + 5*nnpotential_f(naked,calorie) + 5*nnpotential_f(corn,calorie) + 5*nnpotential_f(sorghum,calorie) + 5*nnpotential_f(mis_grains,calorie) + 5*nnpotential_f(sweetp,calorie) + 5*nnpotential_f(psweetp,calorie) + 5*nnpotential_f(potato,calorie) + 5*nnpotential_f(ppotato,calorie) + 5*nnpotential_f(soy,calorie) + 5*nnpotential_f(psoy,calorie) + 5*nnpotential_f(mis_beans,calorie) + 5*nnpotential_f(veges,calorie) + 5*nnpotential_f(mandarin,calorie) + 5*nnpotential_f(apple,calorie) + 5*nnpotential_f(mis_fruits,calorie) + 5*nnpotential_f(scane,calorie) + 5*nnpotential_f(sbeat,calorie) + 5*nnpotential_f(rapeseed,calorie) + 5*nnpotential_f(fish,calorie) + 5*nnpotential_f(seaweed,calorie) + 5*nnpotential_f(starch,calorie) + 5*nnpotential_f(sugar,calorie) + 5*nnpotential_f(oil,calorie) + 5*nnpotential_f(miso,calorie) + 5*nnpotential_f(soysource,calorie) + 5*nnpotential_f(mis_foods,calorie) + 31*nnpotential_l(beef,calorie) + 31*nnpotential_l(pork,calorie) + 31*nnpotential_l(chicken,calorie) + 31*nnpotential_l(egg,calorie) + 31*nnpotential_l(milk,calorie) + cdeficit =E= 2157.78551420568 ; (LHS = 2157.7855142057)
     

---- caloriebal_r  =E=  Calorie shortage rate

caloriebal_r..  - 0.00046343809123592*cdeficit + cshortrate =E= 0 ; (LHS = 0)
     

---- dietpet_c  =E=  Potential netfood supply (kcal/capita)

dietpet_c(rice)..  - 0.0902229929477334*xrlcrop(rice,Hokkaido,paddy_wet) - 0.0920274528066881*xrlcrop(rice,Hokkaido,paddy_dry) - 0.0902229929477334*xrlcrop(rice,Tohoku_Hokuriku,paddy_wet) - 0.0920274528066881*xrlcrop(rice,Tohoku_Hokuriku,paddy_dry) - 0.0902229929477334*xrlcrop(rice,Kanto_West,paddy_wet) - 0.0920274528066881*xrlcrop(rice,Kanto_West,paddy_dry) - 0.0902229929477334*xrlcrop(rice,Okinawa,paddy_wet) - 0.0920274528066881*xrlcrop(rice,Okinawa,paddy_dry) + dpotential_c(rice) =E= 0 ; (LHS = 0)
     
dietpet_c(wheat)..  - 0.0618337902397327*xrlcrop(wheat,Hokkaido,field_rain) - 0.0618337902397327*xrlcrop(wheat,Hokkaido,field_irr) - 0.0618337902397327*xrlcrop(wheat,Tohoku_Hokuriku,field_rain) - 0.0618337902397327*xrlcrop(wheat,Tohoku_Hokuriku,field_irr) - 0.0618337902397327*xrlcrop(wheat,Kanto_West,field_rain) - 0.0618337902397327*xrlcrop(wheat,Kanto_West,field_irr) - 0.0618337902397327*xrlcrop(wheat,Okinawa,field_rain) - 0.0618337902397327*xrlcrop(wheat,Okinawa,field_irr) + dpotential_c(wheat) =E= 0 ; (LHS = 0)
     
dietpet_c(pwheat)..  - 0.0661621555565139*xrlcrop(pwheat,Kanto_West,paddy_dry) - 0.0661621555565139*xrlcrop(pwheat,Okinawa,paddy_dry) + dpotential_c(pwheat) =E= 0 ; (LHS = 0)
     
REMAINING 28 ENTRIES SKIPPED


---- dietpet_f  =E=  

dietpet_f(rice)..  dpotential_f(rice) =E= 0 ; (LHS = 0)
     
dietpet_f(wheat)..  dpotential_f(wheat) =E= 0 ; (LHS = 0)
     
dietpet_f(pwheat)..  dpotential_f(pwheat) =E= 0 ; (LHS = 0)
     
REMAINING 28 ENTRIES SKIPPED


---- dietpet_l  =E=  

dietpet_l(beef)..  - 7.89662706385426E-7*xlive(dairycow) - 4.70910556003223E-6*xlive(dairyox) + dpotential_l(beef) =E= 0 ; (LHS = 0)
     
dietpet_l(pork)..  - 1.0774720847243E-6*xlive(swine) + dpotential_l(pork) =E= 0 ; (LHS = 0)
     
dietpet_l(chicken)..  - 2.88005613204185E-8*xlive(broiler) - 1.22827426177559E-8*xlive(layinghens) + dpotential_l(chicken) =E= 0 ; (LHS = 0)
     
REMAINING 2 ENTRIES SKIPPED


---- dietbal  =E=  Net food balance by fgroup (grams/capita)

dietbal(starch)..  dpotential_c(starch) + dpotential_f(starch) + delta(starch) =E= 42.9 ; (LHS = 42.9)
     
dietbal(sugar)..  dpotential_c(sugar) + dpotential_f(sugar) + delta(sugar) =E= 46.6 ; (LHS = 46.6)
     
dietbal(grain)..  dpotential_c(rice) + dpotential_c(wheat) + dpotential_c(pwheat) + dpotential_c(barley) + dpotential_c(pbarley) + dpotential_c(naked) + dpotential_c(mis_grains) + dpotential_f(rice) + dpotential_f(wheat) + dpotential_f(pwheat) + dpotential_f(barley) + dpotential_f(pbarley) + dpotential_f(naked) + dpotential_f(mis_grains) + delta(grain) =E= 316 ; (LHS = 316)
     
REMAINING 5 ENTRIES SKIPPED


---- dietbal_r  =E=  Net food shortage rate by fgroup

dietbal_r..  - (0.0357675350778637)*delta(starch) - (0.0287927064600811)*delta(sugar) - (5.36571766529145E-5)*delta(grain) + (0.00209911100708985)*delta(tuber) - (0.0116279069767442)*delta(pulse) + (0)*delta(veget) - (0.00155696243892937)*delta(fruit) - (0.00228350145054612)*delta(other) + deltasumsq =E= 0 ; (LHS = 0)
     

---- adietbal  =E=  

adietbal(meat)..  dpotential_l(beef) + dpotential_l(pork) + dpotential_l(chicken) + adelta(meat) =E= 92.7 ; (LHS = 92.7)
     
adietbal(egg_dairy)..  dpotential_l(egg) + dpotential_l(milk) + adelta(egg_dairy) =E= 303.7 ; (LHS = 303.7)
     

---- adietbal_r  =E=  

adietbal_r..  - (0.00235220737709141)*adelta(meat) - (0.000667468731951102)*adelta(egg_dairy) + adeltasumsq =E= 0 ; (LHS = 0)
     

---- rat  =E=  Objective function evaluated as rate of shortage

rat..  - deltasumsq - adeltasumsq + target =E= 0 ; (LHS = 0)
     
GAMS 32.2.0  rc62c018 Released Aug 26, 2020 WEX-WEI x86 64bit/MS Windows - 02/18/26 01:42:35 Page 28
Food Supply Simulation in Japan applying the SWISSfoodSys Model
Column Listing      SOLVE sol_rat_unlimited Using NLP From line 1177


---- xrlcrop  Cropping area (1000ha)

xrlcrop(rice,Hokkaido,paddy_wet)
                (.LO, .L, .UP, .M = 0, 70.2518350000028, +INF, 0)
        1       link(rice)
        1       landbal(jun,Hokkaido,paddy_wet)
        1       landbal(jul,Hokkaido,paddy_wet)
        1       landbal(aug,Hokkaido,paddy_wet)
        1       landbal(sep,Hokkaido,paddy_wet)
       -0.323   nutpet_c(rice,calorie)
       -0.0055  nutpet_c(rice,protein)
       -0.0008  nutpet_c(rice,fat)
       -0.0734  nutpet_c(rice,carbonhydrate)
       -0.0188  nutpet_f(oil,calorie)
       -0.002   nutpet_f(oil,fat)
       -0.0902  dietpet_c(rice)
       -0.002   dietpet_f(oil)

xrlcrop(rice,Hokkaido,paddy_dry)
                (.LO, .L, .UP, .M = 0, 151.344165000017, +INF, 0)
        1       link(rice)
        1       landbal(jun,Hokkaido,paddy_dry)
        1       landbal(jul,Hokkaido,paddy_dry)
        1       landbal(aug,Hokkaido,paddy_dry)
        1       landbal(sep,Hokkaido,paddy_dry)
       -0.3295  nutpet_c(rice,calorie)
       -0.0056  nutpet_c(rice,protein)
       -0.0008  nutpet_c(rice,fat)
       -0.0749  nutpet_c(rice,carbonhydrate)
       -0.0192  nutpet_f(oil,calorie)
       -0.0021  nutpet_f(oil,fat)
       -0.092   dietpet_c(rice)
       -0.0021  dietpet_f(oil)

xrlcrop(rice,Tohoku_Hokuriku,paddy_wet)
                (.LO, .L, .UP, .M = 0, 436.732986999908, +INF, 0)
        1       link(rice)
        1       landbal(jun,Tohoku_Hokuriku,paddy_wet)
        1       landbal(jul,Tohoku_Hokuriku,paddy_wet)
        1       landbal(aug,Tohoku_Hokuriku,paddy_wet)
        1       landbal(sep,Tohoku_Hokuriku,paddy_wet)
        1       landbal(oct,Tohoku_Hokuriku,paddy_wet)
       -0.323   nutpet_c(rice,calorie)
       -0.0055  nutpet_c(rice,protein)
       -0.0008  nutpet_c(rice,fat)
       -0.0734  nutpet_c(rice,carbonhydrate)
       -0.0188  nutpet_f(oil,calorie)
       -0.002   nutpet_f(oil,fat)
       -0.0902  dietpet_c(rice)
       -0.002   dietpet_f(oil)

REMAINING 93 ENTRIES SKIPPED

---- xcrop  Cropping area (1000ha)

xcrop(rice)
                (.LO, .L, .UP, .M = 0, 2341.86800000038, +INF, 0)
       -1       link(rice)
       -0.0002  labdemand_c
    -4779.2     dmsupply(ricestraw)
     -342       dmsupply(ricebran)

xcrop(wheat)
                (.LO, .L, .UP, .M = 0, 0, +INF, 0)
       -1       link(wheat)
  -3.300000E-5  labdemand_c
    -4686.5     dmsupply(wheatstraw)
     -835.2     dmsupply(wheatbran)

xcrop(pwheat)
                (.LO, .L, .UP, .M = 0, 539.912688000011, +INF, 0)
       -1       link(pwheat)
  -3.300000E-5  labdemand_c
    -4686.5     dmsupply(wheatstraw)
     -835.2     dmsupply(wheatbran)

REMAINING 28 ENTRIES SKIPPED

---- xlive  Head of animal ls

xlive(dairycow)
                (.LO, .L, .UP, .M = 0, 2118042.85483734, +INF, 0)
  -1.230000E-7  labdemand_l
       -4.0544  tdndemand(dairycow)
        1       bredbal(dairycow)
  -1.818751E-6  nutpet_l(beef,calorie)
  -1.073941E-7  nutpet_l(beef,protein)
  -1.440345E-7  nutpet_l(beef,fat)
  -1.263460E-9  nutpet_l(beef,carbonhydrate)
  -4.520275E-5  nutpet_l(milk,calorie)
  -2.226404E-6  nutpet_l(milk,protein)
  -2.563738E-6  nutpet_l(milk,fat)
  -2.968539E-6  nutpet_l(milk,carbonhydrate)
  -7.896627E-7  dietpet_l(beef)
  -8.433348E-5  dietpet_l(milk)

xlive(dairyox)
                (.LO, .L, .UP, .M = 0, 0, +INF, EPS)
  -4.400000E-8  labdemand_l
       -3.2435  tdndemand(dairyox)
        1       bredbal(dairyox)
  -1.084601E-5  nutpet_l(beef,calorie)
  -6.404384E-7  nutpet_l(beef,protein)
  -8.589409E-7  nutpet_l(beef,fat)
  -7.534569E-9  nutpet_l(beef,carbonhydrate)
  -4.709106E-6  dietpet_l(beef)

xlive(heifer)
                (.LO, .L, .UP, .M = 0, 0, +INF, EPS)
  -4.400000E-8  labdemand_l
       -2.6354  tdndemand(heifer)
        1       bredbal(heifer)

REMAINING 4 ENTRIES SKIPPED

---- yfeed  Distribution of feed j to animal ls (MT)

yfeed(dairycow,rice)
                (.LO, .L, .UP, .M = 0, 0, +INF, 0)
       -0.813   tdnsupply(dairycow)
       -1       distbal(rice)

yfeed(dairycow,wheat)
                (.LO, .L, .UP, .M = 0, 0, +INF, 0)
       -0.813   tdnsupply(dairycow)
       -1       distbal(wheat)

yfeed(dairycow,barley)
                (.LO, .L, .UP, .M = 0, 0, +INF, 0)
       -0.741   tdnsupply(dairycow)
       -1       distbal(barley)

REMAINING 123 ENTRIES SKIPPED

---- labd_c  Labor demand by crop      (bil. h)

labd_c
                (.LO, .L, .UP, .M = -INF, 1.39729196805179, +INF, 0)
        1       labdemand_c
        1       labbal


---- labd_ls  Labor demand by livestock (bil. h)

labd_ls
                (.LO, .L, .UP, .M = -INF, 0.26162749196244, +INF, 0)
        1       labdemand_l
        1       labbal


---- tdnd  TDN demand by livestock (MT)

tdnd(dairycow)
                (.LO, .L, .UP, .M = -INF, 8587392.95065116, +INF, 0)
        1       tdndemand(dairycow)
        1       tdnbal(dairycow)

tdnd(dairyox)
                (.LO, .L, .UP, .M = -INF, 0, +INF, 0)
        1       tdndemand(dairyox)
        1       tdnbal(dairyox)

tdnd(heifer)
                (.LO, .L, .UP, .M = -INF, 0, +INF, 0)
        1       tdndemand(heifer)
        1       tdnbal(heifer)

REMAINING 4 ENTRIES SKIPPED

---- tdns  TDN supply to livestock (MT)

tdns(dairycow)
                (.LO, .L, .UP, .M = -INF, 8587392.95065116, +INF, 0)
        1       tdnsupply(dairycow)
       -1       tdnbal(dairycow)

tdns(dairyox)
                (.LO, .L, .UP, .M = -INF, 0, +INF, 0)
        1       tdnsupply(dairyox)
       -1       tdnbal(dairyox)

tdns(heifer)
                (.LO, .L, .UP, .M = -INF, 0, +INF, 0)
        1       tdnsupply(heifer)
       -1       tdnbal(heifer)

REMAINING 4 ENTRIES SKIPPED

---- dms  DM supply               (MT)

dms(rice)
                (.LO, .L, .UP, .M = -INF, 0, +INF, 0)
        1       dmsupply(rice)
        1       distbal(rice)

dms(wheat)
                (.LO, .L, .UP, .M = -INF, 0, +INF, 0)
        1       dmsupply(wheat)
        1       distbal(wheat)

dms(barley)
                (.LO, .L, .UP, .M = -INF, 0, +INF, 0)
        1       dmsupply(barley)
        1       distbal(barley)

REMAINING 15 ENTRIES SKIPPED

---- nnpotential_c  Potential nutrition intake from crops (kcal or grams/capita)

nnpotential_c(rice,calorie)
                (.LO, .L, .UP, .M = -INF, 763.625902968151, +INF, 0)
        1       nutpet_c(rice,calorie)
        5       caloriebal

nnpotential_c(rice,protein)
                (.LO, .L, .UP, .M = -INF, 13.0115028159378, +INF, 0)
        1       nutpet_c(rice,protein)

nnpotential_c(rice,fat)
                (.LO, .L, .UP, .M = -INF, 1.91972992366295, +INF, 0)
        1       nutpet_c(rice,fat)

REMAINING 121 ENTRIES SKIPPED

---- nnpotential_f  Potential nutrition intake from processed foods (kcal or grams/capita)

nnpotential_f(rice,calorie)
                (.LO, .L, .UP, .M = -INF, 0, +INF, 0)
        1       nutpet_f(rice,calorie)
        5       caloriebal

nnpotential_f(rice,protein)
                (.LO, .L, .UP, .M = -INF, 0, +INF, 0)
        1       nutpet_f(rice,protein)

nnpotential_f(rice,fat)
                (.LO, .L, .UP, .M = -INF, 0, +INF, 0)
        1       nutpet_f(rice,fat)

REMAINING 121 ENTRIES SKIPPED

---- nnpotential_l  Potential nutrition intake from animal products (kcal or grams/capita)

nnpotential_l(beef,calorie)
                (.LO, .L, .UP, .M = -INF, 3.85219286812925, +INF, 0)
        1       nutpet_l(beef,calorie)
       31       caloriebal

nnpotential_l(beef,protein)
                (.LO, .L, .UP, .M = -INF, 0.227465365606798, +INF, 0)
        1       nutpet_l(beef,protein)

nnpotential_l(beef,fat)
                (.LO, .L, .UP, .M = -INF, 0.305071196225588, +INF, 0)
        1       nutpet_l(beef,fat)

REMAINING 17 ENTRIES SKIPPED

---- cdeficit  Calorie deficit (kcal/capita)

cdeficit
                (.LO, .L, .UP, .M = -INF, -7262.25403850359, +INF, 0)
        1       caloriebal
       -0.0005  caloriebal_r


---- cshortrate  Calorie shortage rate

cshortrate
                (.LO, .L, .UP, .M = -INF, -3.36560514967446, +INF, 0)
        1       caloriebal_r


---- dpotential_c  Potential netfood intake from crops (grams/capita)

dpotential_c(rice)
                (.LO, .L, .UP, .M = -INF, 213.303324851439, +INF, 0)
        1       dietpet_c(rice)
        1       dietbal(grain)

dpotential_c(wheat)
                (.LO, .L, .UP, .M = -INF, 0, +INF, 0)
        1       dietpet_c(wheat)
        1       dietbal(grain)

dpotential_c(pwheat)
                (.LO, .L, .UP, .M = -INF, 35.7217872503933, +INF, 0)
        1       dietpet_c(pwheat)
        1       dietbal(grain)

REMAINING 28 ENTRIES SKIPPED

---- dpotential_f  Potential netfood intake from processed foods (grams/capita)

dpotential_f(rice)
                (.LO, .L, .UP, .M = -INF, 0, +INF, 0)
        1       dietpet_f(rice)
        1       dietbal(grain)

dpotential_f(wheat)
                (.LO, .L, .UP, .M = -INF, 0, +INF, 0)
        1       dietpet_f(wheat)
        1       dietbal(grain)

dpotential_f(pwheat)
                (.LO, .L, .UP, .M = -INF, 0, +INF, 0)
        1       dietpet_f(pwheat)
        1       dietbal(grain)

REMAINING 28 ENTRIES SKIPPED

---- dpotential_l  Potential netfood intake from animal products (grams/capita)

dpotential_l(beef)
                (.LO, .L, .UP, .M = -INF, 1.67253945299116, +INF, 0)
        1       dietpet_l(beef)
        1       adietbal(meat)

dpotential_l(pork)
                (.LO, .L, .UP, .M = -INF, 0, +INF, 0)
        1       dietpet_l(pork)
        1       adietbal(meat)

dpotential_l(chicken)
                (.LO, .L, .UP, .M = -INF, 0.0680599553225399, +INF, 0)
        1       dietpet_l(chicken)
        1       adietbal(meat)

REMAINING 2 ENTRIES SKIPPED

---- delta  Net food intake change (grams/capita)

delta(starch)
                (.LO, .L, .UP, .M = -INF, 32.9134646163256, +INF, 0)
        1       dietbal(starch)
      (-0.0358) dietbal_r

delta(sugar)
                (.LO, .L, .UP, .M = -INF, 31.2625448202269, +INF, 0)
        1       dietbal(sugar)
      (-0.0288) dietbal_r

delta(grain)
                (.LO, .L, .UP, .M = -INF, 66.9748878981679, +INF, 0)
        1       dietbal(grain)
 (-5.365718E-5) dietbal_r

REMAINING 5 ENTRIES SKIPPED

---- deltasumsq  Sum of squared net food intake change rate (crop group)

deltasumsq
                (.LO, .L, .UP, .M = -INF, 1.44502775521844, +INF, 0)
        1       dietbal_r
       -1       rat


---- adelta  Net food intake change (grams/capita)

adelta(meat)
                (.LO, .L, .UP, .M = -INF, 90.9594005916863, +INF, 0)
        1       adietbal(meat)
      (-0.0024) adietbal_r

adelta(egg_dairy)
                (.LO, .L, .UP, .M = -INF, 123.126208214942, +INF, 0)
        1       adietbal(egg_dairy)
      (-0.0007) adietbal_r


---- adeltasumsq  Sum of squared net food intake change rate (animal product group)

adeltasumsq
                (.LO, .L, .UP, .M = -INF, 0.148069133577376, +INF, 0)
        1       adietbal_r
       -1       rat


---- target  Weighted average of calorie deficit and net food balance

target
                (.LO, .L, .UP, .M = -INF, 1.59309688879582, +INF, 0)
        1       rat

GAMS 32.2.0  rc62c018 Released Aug 26, 2020 WEX-WEI x86 64bit/MS Windows - 02/18/26 01:42:35 Page 29
Food Supply Simulation in Japan applying the SWISSfoodSys Model
Model Statistics    SOLVE sol_rat_unlimited Using NLP From line 1177


LOOPS                              pattern   rice_wheat


MODEL STATISTICS

BLOCKS OF EQUATIONS          26     SINGLE EQUATIONS          665
BLOCKS OF VARIABLES          22     SINGLE VARIABLES          644  2 projected
NON ZERO ELEMENTS         2,294     NON LINEAR N-Z             10
DERIVATIVE POOL              20     CONSTANT POOL              26
CODE LENGTH                  44


GENERATION TIME      =        0.016 SECONDS      5 MB  32.2.0 rc62c018 WEX-WEI
               L O O P S            pattern rice_wheat

GAMS 32.2.0  rc62c018 Released Aug 26, 2020 WEX-WEI x86 64bit/MS Windows - 02/18/26 01:42:35 Page 30
Food Supply Simulation in Japan applying the SWISSfoodSys Model
Solution Report     SOLVE sol_rat_unlimited Using NLP From line 1177


               S O L V E      S U M M A R Y

     MODEL   sol_rat_unlimited   OBJECTIVE  target
     TYPE    NLP                 DIRECTION  MINIMIZE
     SOLVER  CONOPT              FROM LINE  1177

**** SOLVER STATUS     1 Normal Completion         
**** MODEL STATUS      2 Locally Optimal           
**** OBJECTIVE VALUE                1.8877

 RESOURCE USAGE, LIMIT          0.000 10000000000.000
 ITERATION COUNT, LIMIT        28    2147483647
 EVALUATION ERRORS              0             0
CONOPT 3         32.2.0 rc62c018 Released Aug 26, 2020 WEI x86 64bit/MS Window
*** This solver runs with a community license.
 
 
    C O N O P T 3   version 3.17L
    Copyright (C)   ARKI Consulting and Development A/S
                    Bagsvaerdvej 246 A
                    DK-2880 Bagsvaerd, Denmark
 
 
    The model has 644 variables and 665 constraints
    with 2294 Jacobian elements, 10 of which are nonlinear.
    The Hessian of the Lagrangian has 10 elements on the diagonal,
    0 elements below the diagonal, and 10 nonlinear variables.
 
                   Pre-triangular equations:   293
                   Post-triangular equations:  94
                   Definitional equations:     35
 
 
 ** Optimal solution. Reduced gradient less than tolerance.
 
 
 CONOPT time Total                            0.006 seconds
   of which: Function evaluations             0.000 =  0.0%
             1st Derivative evaluations       0.000 =  0.0%
             2nd Derivative evaluations       0.000 =  0.0%
             Directional 2nd Derivative       0.000 =  0.0%
 

---- EQU link  xrlcrop to xcrop link by summation

                  LOWER          LEVEL          UPPER         MARGINAL

rice                .              .              .       2.1131261E-5      
wheat               .              .              .       2.4439417E-5      
pwheat              .              .              .       2.4439417E-5      
barley              .              .              .             EPS         
pbarley             .              .              .             EPS         
naked               .              .              .             EPS         
corn                .              .              .             EPS         
sorghum             .              .              .             EPS         
mis_grains          .              .              .             EPS         
sweetp              .              .              .       6.0191752E-6      
psweetp             .              .              .       6.0191752E-6      
potato              .              .              .       6.0191752E-6      
ppotato             .              .              .       6.0191752E-6      
soy                 .              .              .       8.5782598E-6      
psoy                .              .              .       8.5782598E-6      
mis_beans           .              .              .             EPS         
veges               .              .              .             EPS         
mandarin            .              .              .            -0.0004      
apple               .              .              .            -0.0005      
mis_fruits          .              .              .            -0.0002      
scane               .              .              .            -0.0034      
sbeat               .              .              .            -0.0060      
rapeseed            .              .              .       5.0852908E-6      
fish                .              .              .             EPS         
seaweed             .              .              .             EPS         
starch              .              .              .             EPS         
sugar               .              .              .             EPS         
oil                 .              .              .             EPS         
miso                .              .              .             EPS         
soysource           .              .              .             EPS         
mis_foods           .              .              .             EPS         

---- EQU landbal  Monthly land balance on each land type (1000ha)

                                      LOWER          LEVEL          UPPER         MARGINAL

jan.Hokkaido       .field_rain        -INF          136.2048       191.6048          .          
jan.Hokkaido       .field_irr         -INF             .           227.0952          .          
jan.Hokkaido       .orchard           -INF            3.0500         3.0500         EPS         
jan.Tohoku_Hokuriku.paddy_dry         -INF          424.3040       424.3040          .          
jan.Tohoku_Hokuriku.field_rain        -INF          179.0726       179.0726          .          
jan.Tohoku_Hokuriku.field_irr         -INF           31.6274        31.6274   -2.800556E-5      
jan.Tohoku_Hokuriku.orchard           -INF           49.2500        49.2500         EPS         
jan.Kanto_West     .paddy_dry         -INF          539.5510       539.5510   -2.825519E-5      
jan.Kanto_West     .field_rain        -INF          346.0379       346.0379   -2.800556E-5      
jan.Kanto_West     .field_irr         -INF          209.0291       209.0291   -2.800556E-5      
jan.Kanto_West     .orchard           -INF          111.8680       199.4000          .          
jan.Okinawa        .paddy_dry         -INF            0.3617         0.3617   -2.825519E-5      
jan.Okinawa        .field_rain        -INF           11.2300        11.2300   -2.800553E-5      
jan.Okinawa        .field_irr         -INF           22.4040        22.4040   -2.800556E-5      
jan.Okinawa        .orchard           -INF            1.8800         1.8800         EPS         
feb.Hokkaido       .field_rain        -INF          136.2048       191.6048          .          
feb.Hokkaido       .field_irr         -INF             .           227.0952          .          
feb.Hokkaido       .orchard           -INF            3.0500         3.0500          .          
feb.Tohoku_Hokuriku.paddy_dry         -INF          424.3040       424.3040          .          
feb.Tohoku_Hokuriku.field_rain        -INF          179.0726       179.0726          .          
feb.Tohoku_Hokuriku.field_irr         -INF           31.6274        31.6274          .          
feb.Tohoku_Hokuriku.orchard           -INF           49.2500        49.2500          .          
feb.Kanto_West     .paddy_dry         -INF          539.5510       539.5510          .          
feb.Kanto_West     .field_rain        -INF          346.0379       346.0379          .          
feb.Kanto_West     .field_irr         -INF          209.0291       209.0291          .          
feb.Kanto_West     .orchard           -INF          111.8680       199.4000          .          
feb.Okinawa        .paddy_dry         -INF            0.3617         0.3617          .          
feb.Okinawa        .field_rain        -INF           11.2300        11.2300          .          
feb.Okinawa        .field_irr         -INF           22.4040        22.4040          .          
feb.Okinawa        .orchard           -INF            1.8800         1.8800          .          
mar.Hokkaido       .field_rain        -INF          136.2048       191.6048          .          
mar.Hokkaido       .field_irr         -INF             .           227.0952          .          
mar.Hokkaido       .orchard           -INF            3.0500         3.0500          .          
mar.Tohoku_Hokuriku.paddy_dry         -INF          424.3040       424.3040          .          
mar.Tohoku_Hokuriku.field_rain        -INF          179.0726       179.0726          .          
mar.Tohoku_Hokuriku.field_irr         -INF           31.6274        31.6274          .          
mar.Tohoku_Hokuriku.orchard           -INF           49.2500        49.2500          .          
mar.Kanto_West     .paddy_dry         -INF          539.5510       539.5510          .          
mar.Kanto_West     .field_rain        -INF          346.0379       346.0379          .          
mar.Kanto_West     .field_irr         -INF          209.0291       209.0291          .          
mar.Kanto_West     .orchard           -INF          111.8680       199.4000          .          
mar.Okinawa        .paddy_dry         -INF            0.3617         0.3617          .          
mar.Okinawa        .field_rain        -INF           11.2300        11.2300          .          
mar.Okinawa        .field_irr         -INF           22.4040        22.4040          .          
mar.Okinawa        .orchard           -INF            1.8800         1.8800          .          
apr.Hokkaido       .paddy_dry         -INF             .           151.3442          .          
apr.Hokkaido       .field_rain        -INF          136.2048       191.6048          .          
apr.Hokkaido       .field_irr         -INF             .           227.0952          .          
apr.Hokkaido       .orchard           -INF            3.0500         3.0500          .          
apr.Tohoku_Hokuriku.paddy_dry         -INF          424.3040       424.3040          .          
apr.Tohoku_Hokuriku.field_rain        -INF          179.0726       179.0726          .          
apr.Tohoku_Hokuriku.field_irr         -INF           31.6274        31.6274          .          
apr.Tohoku_Hokuriku.orchard           -INF           49.2500        49.2500          .          
apr.Kanto_West     .paddy_dry         -INF          539.5510       539.5510          .          
apr.Kanto_West     .field_rain        -INF          346.0379       346.0379          .          
apr.Kanto_West     .field_irr         -INF          209.0291       209.0291          .          
apr.Kanto_West     .orchard           -INF          111.8680       199.4000          .          
apr.Okinawa        .paddy_dry         -INF            0.3617         0.3617          .          
apr.Okinawa        .field_rain        -INF           11.2300        11.2300          .          
apr.Okinawa        .field_irr         -INF           22.4040        22.4040          .          
apr.Okinawa        .orchard           -INF            1.8800         1.8800          .          
may.Hokkaido       .paddy_dry         -INF          151.3442       151.3442         EPS         
may.Hokkaido       .field_rain        -INF          191.6048       191.6048   -2.800556E-5      
may.Hokkaido       .field_irr         -INF          227.0952       227.0952   -2.877585E-5      
may.Hokkaido       .orchard           -INF            3.0500         3.0500          .          
may.Hokkaido       .pasture           -INF             .           498.1000          .          
may.Tohoku_Hokuriku.paddy_dry         -INF          424.3040       424.3040          .          
may.Tohoku_Hokuriku.field_rain        -INF          179.0726       179.0726          .          
may.Tohoku_Hokuriku.field_irr         -INF           31.6274        31.6274          .          
may.Tohoku_Hokuriku.orchard           -INF           49.2500        49.2500          .          
may.Kanto_West     .paddy_dry         -INF          539.5510       539.5510          .          
may.Kanto_West     .field_rain        -INF          346.0379       346.0379          .          
may.Kanto_West     .field_irr         -INF          209.0291       209.0291          .          
may.Kanto_West     .orchard           -INF          111.8680       199.4000          .          
may.Okinawa        .paddy_dry         -INF            0.3617         0.3617          .          
may.Okinawa        .field_rain        -INF           11.2300        11.2300          .          
may.Okinawa        .field_irr         -INF           22.4040        22.4040          .          
may.Okinawa        .orchard           -INF            1.8800         1.8800          .          
jun.Hokkaido       .paddy_wet         -INF           70.2518        70.2518   -2.862598E-5      
jun.Hokkaido       .paddy_dry         -INF          151.3442       151.3442   -2.877587E-5      
jun.Hokkaido       .field_rain        -INF          191.6048       191.6048          .          
jun.Hokkaido       .field_irr         -INF          227.0952       227.0952          .          
jun.Hokkaido       .orchard           -INF            3.0500         3.0500          .          
jun.Hokkaido       .pasture           -INF             .           498.1000          .          
jun.Tohoku_Hokuriku.paddy_wet         -INF          436.7330       436.7330   -2.862598E-5      
jun.Tohoku_Hokuriku.paddy_dry         -INF          424.3040       424.3040   -3.164625E-5      
jun.Tohoku_Hokuriku.field_rain        -INF          179.0726       179.0726   -2.727973E-5      
jun.Tohoku_Hokuriku.field_irr         -INF           31.6274        31.6274   -2.877585E-5      
jun.Tohoku_Hokuriku.orchard           -INF           49.2500        49.2500          .          
jun.Kanto_West     .paddy_wet         -INF          718.9330       718.9330          .          
jun.Kanto_West     .paddy_dry         -INF          539.5510       539.5510          .          
jun.Kanto_West     .field_rain        -INF          346.0379       346.0379   -2.727973E-5      
jun.Kanto_West     .field_irr         -INF          209.0291       209.0291   -2.877585E-5      
jun.Kanto_West     .orchard           -INF          111.8680       199.4000          .          
jun.Okinawa        .paddy_wet         -INF            0.3893         0.3893   -2.862598E-5      
jun.Okinawa        .paddy_dry         -INF            0.3617         0.3617   -2.877587E-5      
jun.Okinawa        .field_rain        -INF            9.0113        11.2300          .          
jun.Okinawa        .field_irr         -INF           22.4040        22.4040        -0.0011      
jun.Okinawa        .orchard           -INF            1.8800         1.8800          .          
jul.Hokkaido       .paddy_wet         -INF           70.2518        70.2518          .          
jul.Hokkaido       .paddy_dry         -INF          151.3442       151.3442          .          
jul.Hokkaido       .field_rain        -INF          191.6048       191.6048          .          
jul.Hokkaido       .field_irr         -INF          227.0952       227.0952          .          
jul.Hokkaido       .orchard           -INF            3.0500         3.0500          .          
jul.Hokkaido       .pasture           -INF             .           498.1000          .          
jul.Tohoku_Hokuriku.paddy_wet         -INF          436.7330       436.7330          .          
jul.Tohoku_Hokuriku.paddy_dry         -INF          424.3040       424.3040          .          
jul.Tohoku_Hokuriku.field_rain        -INF          179.0726       179.0726          .          
jul.Tohoku_Hokuriku.field_irr         -INF           31.6274        31.6274          .          
jul.Tohoku_Hokuriku.orchard           -INF           49.2500        49.2500          .          
jul.Kanto_West     .paddy_wet         -INF          718.9330       718.9330          .          
jul.Kanto_West     .paddy_dry         -INF          539.5510       539.5510   -2.877587E-5      
jul.Kanto_West     .field_rain        -INF          346.0379       346.0379          .          
jul.Kanto_West     .field_irr         -INF          209.0291       209.0291          .          
jul.Kanto_West     .orchard           -INF          111.8680       199.4000          .          
jul.Okinawa        .paddy_wet         -INF            0.3893         0.3893          .          
jul.Okinawa        .paddy_dry         -INF            0.3617         0.3617          .          
jul.Okinawa        .field_rain        -INF            9.0113        11.2300          .          
jul.Okinawa        .field_irr         -INF           22.4040        22.4040          .          
jul.Okinawa        .orchard           -INF            1.8800         1.8800          .          
aug.Hokkaido       .paddy_wet         -INF           70.2518        70.2518          .          
aug.Hokkaido       .paddy_dry         -INF          151.3442       151.3442          .          
aug.Hokkaido       .field_rain        -INF           55.4000       191.6048          .          
aug.Hokkaido       .field_irr         -INF          227.0952       227.0952          .          
aug.Hokkaido       .orchard           -INF            3.0500         3.0500          .          
aug.Hokkaido       .pasture           -INF             .           498.1000          .          
aug.Tohoku_Hokuriku.paddy_wet         -INF          436.7330       436.7330          .          
aug.Tohoku_Hokuriku.paddy_dry         -INF          424.3040       424.3040          .          
aug.Tohoku_Hokuriku.field_rain        -INF          179.0726       179.0726          .          
aug.Tohoku_Hokuriku.field_irr         -INF           31.6274        31.6274          .          
aug.Tohoku_Hokuriku.orchard           -INF           49.2500        49.2500          .          
aug.Kanto_West     .paddy_wet         -INF          718.9330       718.9330          .          
aug.Kanto_West     .paddy_dry         -INF          539.5510       539.5510          .          
aug.Kanto_West     .field_rain        -INF          346.0379       346.0379          .          
aug.Kanto_West     .field_irr         -INF          209.0291       209.0291          .          
aug.Kanto_West     .orchard           -INF          111.8680       199.4000          .          
aug.Okinawa        .paddy_wet         -INF            0.3893         0.3893          .          
aug.Okinawa        .paddy_dry         -INF            0.3617         0.3617          .          
aug.Okinawa        .field_rain        -INF            9.0113        11.2300          .          
aug.Okinawa        .field_irr         -INF           22.4040        22.4040          .          
aug.Okinawa        .orchard           -INF            1.8800         1.8800          .          
sep.Hokkaido       .paddy_wet         -INF           70.2518        70.2518          .          
sep.Hokkaido       .paddy_dry         -INF          151.3442       151.3442          .          
sep.Hokkaido       .field_rain        -INF          191.6048       191.6048          .          
sep.Hokkaido       .field_irr         -INF          227.0952       227.0952          .          
sep.Hokkaido       .orchard           -INF            3.0500         3.0500          .          
sep.Hokkaido       .pasture           -INF             .           498.1000          .          
sep.Tohoku_Hokuriku.paddy_wet         -INF          436.7330       436.7330          .          
sep.Tohoku_Hokuriku.paddy_dry         -INF          424.3040       424.3040          .          
sep.Tohoku_Hokuriku.field_rain        -INF          179.0726       179.0726          .          
sep.Tohoku_Hokuriku.field_irr         -INF           31.6274        31.6274          .          
sep.Tohoku_Hokuriku.orchard           -INF           49.2500        49.2500          .          
sep.Kanto_West     .paddy_wet         -INF          718.9330       718.9330          .          
sep.Kanto_West     .paddy_dry         -INF          539.5510       539.5510          .          
sep.Kanto_West     .field_rain        -INF          346.0379       346.0379          .          
sep.Kanto_West     .field_irr         -INF          209.0291       209.0291          .          
sep.Kanto_West     .orchard           -INF          111.8680       199.4000          .          
sep.Okinawa        .paddy_wet         -INF            0.3893         0.3893          .          
sep.Okinawa        .paddy_dry         -INF            0.3617         0.3617          .          
sep.Okinawa        .field_rain        -INF            9.0113        11.2300          .          
sep.Okinawa        .field_irr         -INF           22.4040        22.4040          .          
sep.Okinawa        .orchard           -INF            1.8800         1.8800          .          
oct.Hokkaido       .paddy_dry         -INF          151.3442       151.3442          .          
oct.Hokkaido       .field_rain        -INF          191.6048       191.6048          .          
oct.Hokkaido       .field_irr         -INF          227.0952       227.0952          .          
oct.Hokkaido       .orchard           -INF            3.0500         3.0500          .          
oct.Hokkaido       .pasture           -INF             .           498.1000          .          
oct.Tohoku_Hokuriku.paddy_wet         -INF          436.7330       436.7330          .          
oct.Tohoku_Hokuriku.paddy_dry         -INF          424.3040       424.3040          .          
oct.Tohoku_Hokuriku.field_rain        -INF          179.0726       179.0726          .          
oct.Tohoku_Hokuriku.field_irr         -INF           31.6274        31.6274          .          
oct.Tohoku_Hokuriku.orchard           -INF           49.2500        49.2500          .          
oct.Kanto_West     .paddy_wet         -INF          718.9330       718.9330   -2.862598E-5      
oct.Kanto_West     .paddy_dry         -INF          539.5510       539.5510          .          
oct.Kanto_West     .field_rain        -INF          346.0379       346.0379          .          
oct.Kanto_West     .field_irr         -INF          209.0291       209.0291          .          
oct.Kanto_West     .orchard           -INF          111.8680       199.4000          .          
oct.Okinawa        .paddy_wet         -INF            0.3893         0.3893          .          
oct.Okinawa        .paddy_dry         -INF            0.3617         0.3617          .          
oct.Okinawa        .field_rain        -INF            9.0113        11.2300          .          
oct.Okinawa        .field_irr         -INF           22.4040        22.4040          .          
oct.Okinawa        .orchard           -INF            1.8800         1.8800          .          
nov.Hokkaido       .field_rain        -INF          136.2048       191.6048          .          
nov.Hokkaido       .field_irr         -INF             .           227.0952          .          
nov.Hokkaido       .orchard           -INF            3.0500         3.0500          .          
nov.Tohoku_Hokuriku.paddy_dry         -INF          424.3040       424.3040          .          
nov.Tohoku_Hokuriku.field_rain        -INF          179.0726       179.0726          .          
nov.Tohoku_Hokuriku.field_irr         -INF           31.6274        31.6274          .          
nov.Tohoku_Hokuriku.orchard           -INF           49.2500        49.2500          .          
nov.Kanto_West     .paddy_dry         -INF          539.5510       539.5510          .          
nov.Kanto_West     .field_rain        -INF          346.0379       346.0379          .          
nov.Kanto_West     .field_irr         -INF          209.0291       209.0291          .          
nov.Kanto_West     .orchard           -INF          111.8680       199.4000          .          
nov.Okinawa        .paddy_dry         -INF            0.3617         0.3617          .          
nov.Okinawa        .field_rain        -INF           11.2300        11.2300          .          
nov.Okinawa        .field_irr         -INF           22.4040        22.4040          .          
nov.Okinawa        .orchard           -INF            1.8800         1.8800          .          
dec.Hokkaido       .field_rain        -INF          136.2048       191.6048          .          
dec.Hokkaido       .field_irr         -INF             .           227.0952          .          
dec.Hokkaido       .orchard           -INF            3.0500         3.0500          .          
dec.Tohoku_Hokuriku.paddy_dry         -INF          424.3040       424.3040          .          
dec.Tohoku_Hokuriku.field_rain        -INF          179.0726       179.0726   -2.800556E-5      
dec.Tohoku_Hokuriku.field_irr         -INF           31.6274        31.6274          .          
dec.Tohoku_Hokuriku.orchard           -INF           49.2500        49.2500          .          
dec.Kanto_West     .paddy_dry         -INF          539.5510       539.5510          .          
dec.Kanto_West     .field_rain        -INF          346.0379       346.0379          .          
dec.Kanto_West     .field_irr         -INF          209.0291       209.0291          .          
dec.Kanto_West     .orchard           -INF          111.8680       199.4000          .          
dec.Okinawa        .paddy_dry         -INF            0.3617         0.3617          .          
dec.Okinawa        .field_rain        -INF           11.2300        11.2300          .          
dec.Okinawa        .field_irr         -INF           22.4040        22.4040          .          
dec.Okinawa        .orchard           -INF            1.8800         1.8800          .          

---- EQU areamax_o  Area upper bound on orchard       (1000ha)

                  LOWER          LEVEL          UPPER         MARGINAL

mandarin          -INF           36.2000        36.2000        -0.0004      
apple             -INF           35.1000        35.1000        -0.0005      
mis_fruits        -INF           94.7480        94.7480        -0.0002      

---- EQU areamax_l  Area upper bound on local crops   (1000ha)

             LOWER          LEVEL          UPPER         MARGINAL

scane        -INF           23.2000        23.2000        -0.0035      
sbeat        -INF           55.4000        55.4000        -0.0060      

                           LOWER          LEVEL          UPPER         MARGINAL

---- EQU labdemand~          .              .              .             EPS         
---- EQU labdemand~          .              .              .             EPS         
---- EQU labbal            -INF            1.6057         2.9600          .          

  labdemand_c  Total labor demand by crop      (bil. hour)
  labdemand_l  Total labor demand by livestock (bil. hour)
  labbal  Total labor balance             (bil. hour)

---- EQU tdndemand  TDN demand by animal ls

                  LOWER          LEVEL          UPPER         MARGINAL

dairycow            .              .              .       1.0604898E-8      
dairyox             .              .              .             EPS         
heifer              .              .              .             EPS         
calves              .              .              .             EPS         
swine               .              .              .             EPS         
broiler             .              .              .             EPS         
layinghens          .              .              .       7.9623884E-9      

---- EQU tdnsupply  TDN supply for animal ls by feed fe

                  LOWER          LEVEL          UPPER         MARGINAL

dairycow            .              .              .       -1.060490E-8      
dairyox             .              .              .             EPS         
heifer              .              .              .             EPS         
calves              .              .              .             EPS         
swine               .              .              .             EPS         
broiler             .              .              .             EPS         
layinghens          .              .              .       -7.962388E-9      

---- EQU tdnbal  TDN balance

                  LOWER          LEVEL          UPPER         MARGINAL

dairycow          -INF             .              .       -1.060490E-8      
dairyox           -INF             .              .             EPS         
heifer            -INF             .              .             EPS         
calves            -INF             .              .             EPS         
swine             -INF             .              .             EPS         
broiler           -INF             .              .             EPS         
layinghens        -INF             .              .       -7.962388E-9      

---- EQU dmsupply  Feed supply (constant + import + crop byproducts) (dry matter MT)

                    LOWER          LEVEL          UPPER         MARGINAL

rice                  .              .              .             EPS         
wheat                 .              .              .             EPS         
barley                .              .              .             EPS         
corn                  .              .              .             EPS         
sorghum               .              .              .             EPS         
fodder         4030620.0000   4030620.0000   4030620.0000         EPS         
ricestraw             .              .              .       -3.998047E-9      
ricebran              .              .              .       -5.917533E-9      
wheatstraw            .              .              .       -4.029861E-9      
wheatbran             .              .              .       -6.649271E-9      
potatovines           .              .              .             EPS         
soybeancake           .              .              .       -8.123352E-9      
rapeseedcake          .              .              .             EPS         
beetpulp              .              .              .       -7.137097E-9      
molasses              .              .              .       -5.482732E-9      
bagasse               .              .              .       -3.022396E-9      
meatbonemeal    164387.0000    164387.0000    164387.0000         EPS         
fishmeal         55615.0000     55615.0000     55615.0000         EPS         

---- EQU distbal  Feed distribution balance

                    LOWER          LEVEL          UPPER         MARGINAL

rice                  .              .            +INF            EPS         
wheat                 .              .            +INF            EPS         
barley                .              .            +INF            EPS         
corn                  .              .            +INF            EPS         
sorghum               .              .            +INF            EPS         
fodder                .              .            +INF      6.2780998E-9      
ricestraw             .              .            +INF      3.9980466E-9      
ricebran              .              .            +INF      5.9175332E-9      
wheatstraw            .              .            +INF      4.0298613E-9      
wheatbran             .              .            +INF      6.6492712E-9      
potatovines           .              .            +INF            EPS         
soybeancake           .              .            +INF      8.1233521E-9      
rapeseedcake          .              .            +INF            EPS         
beetpulp              .              .            +INF      7.1370965E-9      
molasses              .              .            +INF      5.4827324E-9      
bagasse               .              .            +INF      3.0223960E-9      
meatbonemeal          .              .            +INF      5.0879662E-9      
fishmeal              .              .            +INF      4.9526056E-9      

---- EQU bredbal  Livestock breeding balance

                  LOWER          LEVEL          UPPER         MARGINAL

dairycow          -INF      2510847.6193   2585100.0000          .          
dairyox           -INF             .        713280.0000          .          
heifer            -INF             .        186900.0000          .          
calves            -INF             .       1341600.0000          .          
swine             -INF             .       2.6847000E+7          .          
broiler           -INF             .       4.1769000E+8          .          
layinghens        -INF      5541104.0873   5.4798300E+8          .          

---- EQU nutpet_c  Potential nutrition supply (grams or kcal/capita)

                                LOWER          LEVEL          UPPER         MARGINAL

rice      .calorie                .              .              .             EPS         
rice      .protein                .              .              .             EPS         
rice      .fat                    .              .              .             EPS         
rice      .carbonhydrate          .              .              .             EPS         
wheat     .calorie                .              .              .             EPS         
wheat     .protein                .              .              .             EPS         
wheat     .fat                    .              .              .             EPS         
wheat     .carbonhydrate          .              .              .             EPS         
pwheat    .calorie                .              .              .             EPS         
pwheat    .protein                .              .              .             EPS         
pwheat    .fat                    .              .              .             EPS         
pwheat    .carbonhydrate          .              .              .             EPS         
barley    .calorie                .              .              .             EPS         
barley    .protein                .              .              .             EPS         
barley    .fat                    .              .              .             EPS         
barley    .carbonhydrate          .              .              .             EPS         
pbarley   .calorie                .              .              .             EPS         
pbarley   .protein                .              .              .             EPS         
pbarley   .fat                    .              .              .             EPS         
pbarley   .carbonhydrate          .              .              .             EPS         
naked     .calorie                .              .              .             EPS         
naked     .protein                .              .              .             EPS         
naked     .fat                    .              .              .             EPS         
naked     .carbonhydrate          .              .              .             EPS         
corn      .calorie                .              .              .             EPS         
corn      .protein                .              .              .             EPS         
corn      .fat                    .              .              .             EPS         
corn      .carbonhydrate          .              .              .             EPS         
sorghum   .calorie                .              .              .             EPS         
sorghum   .protein                .              .              .             EPS         
sorghum   .fat                    .              .              .             EPS         
sorghum   .carbonhydrate          .              .              .             EPS         
mis_grains.calorie                .              .              .             EPS         
mis_grains.protein                .              .              .             EPS         
mis_grains.fat                    .              .              .             EPS         
mis_grains.carbonhydrate          .              .              .             EPS         
sweetp    .calorie                .              .              .             EPS         
sweetp    .protein                .              .              .             EPS         
sweetp    .fat                    .              .              .             EPS         
sweetp    .carbonhydrate          .              .              .             EPS         
psweetp   .calorie                .              .              .             EPS         
psweetp   .protein                .              .              .             EPS         
psweetp   .fat                    .              .              .             EPS         
psweetp   .carbonhydrate          .              .              .             EPS         
potato    .calorie                .              .              .             EPS         
potato    .protein                .              .              .             EPS         
potato    .fat                    .              .              .             EPS         
potato    .carbonhydrate          .              .              .             EPS         
ppotato   .calorie                .              .              .             EPS         
ppotato   .protein                .              .              .             EPS         
ppotato   .fat                    .              .              .             EPS         
ppotato   .carbonhydrate          .              .              .             EPS         
soy       .calorie                .              .              .             EPS         
soy       .protein                .              .              .             EPS         
soy       .fat                    .              .              .             EPS         
soy       .carbonhydrate          .              .              .             EPS         
psoy      .calorie                .              .              .             EPS         
psoy      .protein                .              .              .             EPS         
psoy      .fat                    .              .              .             EPS         
psoy      .carbonhydrate          .              .              .             EPS         
mis_beans .calorie                .              .              .             EPS         
mis_beans .protein                .              .              .             EPS         
mis_beans .fat                    .              .              .             EPS         
mis_beans .carbonhydrate          .              .              .             EPS         
veges     .calorie                .              .              .             EPS         
veges     .protein                .              .              .             EPS         
veges     .fat                    .              .              .             EPS         
veges     .carbonhydrate          .              .              .             EPS         
mandarin  .calorie                .              .              .             EPS         
mandarin  .protein                .              .              .             EPS         
mandarin  .fat                    .              .              .             EPS         
mandarin  .carbonhydrate          .              .              .             EPS         
apple     .calorie                .              .              .             EPS         
apple     .protein                .              .              .             EPS         
apple     .fat                    .              .              .             EPS         
apple     .carbonhydrate          .              .              .             EPS         
mis_fruits.calorie                .              .              .             EPS         
mis_fruits.protein                .              .              .             EPS         
mis_fruits.fat                    .              .              .             EPS         
mis_fruits.carbonhydrate          .              .              .             EPS         
scane     .calorie                .              .              .             EPS         
scane     .protein                .              .              .             EPS         
scane     .fat                    .              .              .             EPS         
scane     .carbonhydrate          .              .              .             EPS         
sbeat     .calorie                .              .              .             EPS         
sbeat     .protein                .              .              .             EPS         
sbeat     .fat                    .              .              .             EPS         
sbeat     .carbonhydrate          .              .              .             EPS         
rapeseed  .calorie                .              .              .             EPS         
rapeseed  .protein                .              .              .             EPS         
rapeseed  .fat                    .              .              .             EPS         
rapeseed  .carbonhydrate          .              .              .             EPS         
fish      .calorie                .              .              .             EPS         
fish      .protein                .              .              .             EPS         
fish      .fat                    .              .              .             EPS         
fish      .carbonhydrate          .              .              .             EPS         
seaweed   .calorie                .              .              .             EPS         
seaweed   .protein                .              .              .             EPS         
seaweed   .fat                    .              .              .             EPS         
seaweed   .carbonhydrate          .              .              .             EPS         
starch    .calorie                .              .              .             EPS         
starch    .protein                .              .              .             EPS         
starch    .fat                    .              .              .             EPS         
starch    .carbonhydrate          .              .              .             EPS         
sugar     .calorie                .              .              .             EPS         
sugar     .protein                .              .              .             EPS         
sugar     .fat                    .              .              .             EPS         
sugar     .carbonhydrate          .              .              .             EPS         
oil       .calorie                .              .              .             EPS         
oil       .protein                .              .              .             EPS         
oil       .fat                    .              .              .             EPS         
oil       .carbonhydrate          .              .              .             EPS         
miso      .calorie                .              .              .             EPS         
miso      .protein                .              .              .             EPS         
miso      .fat                    .              .              .             EPS         
miso      .carbonhydrate          .              .              .             EPS         
soysource .calorie                .              .              .             EPS         
soysource .protein                .              .              .             EPS         
soysource .fat                    .              .              .             EPS         
soysource .carbonhydrate          .              .              .             EPS         
mis_foods .calorie                .              .              .             EPS         
mis_foods .protein                .              .              .             EPS         
mis_foods .fat                    .              .              .             EPS         
mis_foods .carbonhydrate          .              .              .             EPS         

---- EQU nutpet_f  

                                LOWER          LEVEL          UPPER         MARGINAL

rice      .calorie                .              .              .             EPS         
rice      .protein                .              .              .             EPS         
rice      .fat                    .              .              .             EPS         
rice      .carbonhydrate          .              .              .             EPS         
wheat     .calorie                .              .              .             EPS         
wheat     .protein                .              .              .             EPS         
wheat     .fat                    .              .              .             EPS         
wheat     .carbonhydrate          .              .              .             EPS         
pwheat    .calorie                .              .              .             EPS         
pwheat    .protein                .              .              .             EPS         
pwheat    .fat                    .              .              .             EPS         
pwheat    .carbonhydrate          .              .              .             EPS         
barley    .calorie                .              .              .             EPS         
barley    .protein                .              .              .             EPS         
barley    .fat                    .              .              .             EPS         
barley    .carbonhydrate          .              .              .             EPS         
pbarley   .calorie                .              .              .             EPS         
pbarley   .protein                .              .              .             EPS         
pbarley   .fat                    .              .              .             EPS         
pbarley   .carbonhydrate          .              .              .             EPS         
naked     .calorie                .              .              .             EPS         
naked     .protein                .              .              .             EPS         
naked     .fat                    .              .              .             EPS         
naked     .carbonhydrate          .              .              .             EPS         
corn      .calorie                .              .              .             EPS         
corn      .protein                .              .              .             EPS         
corn      .fat                    .              .              .             EPS         
corn      .carbonhydrate          .              .              .             EPS         
sorghum   .calorie                .              .              .             EPS         
sorghum   .protein                .              .              .             EPS         
sorghum   .fat                    .              .              .             EPS         
sorghum   .carbonhydrate          .              .              .             EPS         
mis_grains.calorie                .              .              .             EPS         
mis_grains.protein                .              .              .             EPS         
mis_grains.fat                    .              .              .             EPS         
mis_grains.carbonhydrate          .              .              .             EPS         
sweetp    .calorie                .              .              .             EPS         
sweetp    .protein                .              .              .             EPS         
sweetp    .fat                    .              .              .             EPS         
sweetp    .carbonhydrate          .              .              .             EPS         
psweetp   .calorie                .              .              .             EPS         
psweetp   .protein                .              .              .             EPS         
psweetp   .fat                    .              .              .             EPS         
psweetp   .carbonhydrate          .              .              .             EPS         
potato    .calorie                .              .              .             EPS         
potato    .protein                .              .              .             EPS         
potato    .fat                    .              .              .             EPS         
potato    .carbonhydrate          .              .              .             EPS         
ppotato   .calorie                .              .              .             EPS         
ppotato   .protein                .              .              .             EPS         
ppotato   .fat                    .              .              .             EPS         
ppotato   .carbonhydrate          .              .              .             EPS         
soy       .calorie                .              .              .             EPS         
soy       .protein                .              .              .             EPS         
soy       .fat                    .              .              .             EPS         
soy       .carbonhydrate          .              .              .             EPS         
psoy      .calorie                .              .              .             EPS         
psoy      .protein                .              .              .             EPS         
psoy      .fat                    .              .              .             EPS         
psoy      .carbonhydrate          .              .              .             EPS         
mis_beans .calorie                .              .              .             EPS         
mis_beans .protein                .              .              .             EPS         
mis_beans .fat                    .              .              .             EPS         
mis_beans .carbonhydrate          .              .              .             EPS         
veges     .calorie                .              .              .             EPS         
veges     .protein                .              .              .             EPS         
veges     .fat                    .              .              .             EPS         
veges     .carbonhydrate          .              .              .             EPS         
mandarin  .calorie                .              .              .             EPS         
mandarin  .protein                .              .              .             EPS         
mandarin  .fat                    .              .              .             EPS         
mandarin  .carbonhydrate          .              .              .             EPS         
apple     .calorie                .              .              .             EPS         
apple     .protein                .              .              .             EPS         
apple     .fat                    .              .              .             EPS         
apple     .carbonhydrate          .              .              .             EPS         
mis_fruits.calorie                .              .              .             EPS         
mis_fruits.protein                .              .              .             EPS         
mis_fruits.fat                    .              .              .             EPS         
mis_fruits.carbonhydrate          .              .              .             EPS         
scane     .calorie                .              .              .             EPS         
scane     .protein                .              .              .             EPS         
scane     .fat                    .              .              .             EPS         
scane     .carbonhydrate          .              .              .             EPS         
sbeat     .calorie                .              .              .             EPS         
sbeat     .protein                .              .              .             EPS         
sbeat     .fat                    .              .              .             EPS         
sbeat     .carbonhydrate          .              .              .             EPS         
rapeseed  .calorie                .              .              .             EPS         
rapeseed  .protein                .              .              .             EPS         
rapeseed  .fat                    .              .              .             EPS         
rapeseed  .carbonhydrate          .              .              .             EPS         
fish      .calorie                .              .              .             EPS         
fish      .protein                .              .              .             EPS         
fish      .fat                    .              .              .             EPS         
fish      .carbonhydrate          .              .              .             EPS         
seaweed   .calorie                .              .              .             EPS         
seaweed   .protein                .              .              .             EPS         
seaweed   .fat                    .              .              .             EPS         
seaweed   .carbonhydrate          .              .              .             EPS         
starch    .calorie                .              .              .             EPS         
starch    .protein                .              .              .             EPS         
starch    .fat                    .              .              .             EPS         
starch    .carbonhydrate          .              .              .             EPS         
sugar     .calorie                .              .              .             EPS         
sugar     .protein                .              .              .             EPS         
sugar     .fat                    .              .              .             EPS         
sugar     .carbonhydrate          .              .              .             EPS         
oil       .calorie                .              .              .             EPS         
oil       .protein                .              .              .             EPS         
oil       .fat                    .              .              .             EPS         
oil       .carbonhydrate          .              .              .             EPS         
miso      .calorie                .              .              .             EPS         
miso      .protein                .              .              .             EPS         
miso      .fat                    .              .              .             EPS         
miso      .carbonhydrate          .              .              .             EPS         
soysource .calorie                .              .              .             EPS         
soysource .protein                .              .              .             EPS         
soysource .fat                    .              .              .             EPS         
soysource .carbonhydrate          .              .              .             EPS         
mis_foods .calorie                .              .              .             EPS         
mis_foods .protein                .              .              .             EPS         
mis_foods .fat                    .              .              .             EPS         
mis_foods .carbonhydrate          .              .              .             EPS         

---- EQU nutpet_l  

                             LOWER          LEVEL          UPPER         MARGINAL

beef   .calorie                .              .              .             EPS         
beef   .protein                .              .              .             EPS         
beef   .fat                    .              .              .             EPS         
beef   .carbonhydrate          .              .              .             EPS         
pork   .calorie                .              .              .             EPS         
pork   .protein                .              .              .             EPS         
pork   .fat                    .              .              .             EPS         
pork   .carbonhydrate          .              .              .             EPS         
chicken.calorie                .              .              .             EPS         
chicken.protein                .              .              .             EPS         
chicken.fat                    .              .              .             EPS         
chicken.carbonhydrate          .              .              .             EPS         
egg    .calorie                .              .              .             EPS         
egg    .protein                .              .              .             EPS         
egg    .fat                    .              .              .             EPS         
egg    .carbonhydrate          .              .              .             EPS         
milk   .calorie                .              .              .             EPS         
milk   .protein                .              .              .             EPS         
milk   .fat                    .              .              .             EPS         
milk   .carbonhydrate          .              .              .             EPS         

                           LOWER          LEVEL          UPPER         MARGINAL

---- EQU caloriebal      2157.7855      2157.7855      2157.7855         EPS         
---- EQU calorieba~          .              .              .             EPS         

  caloriebal  Calorie deficit (kcal/capita)
  caloriebal_r  Calorie shortage rate

---- EQU dietpet_c  Potential netfood supply (kcal/capita)

                  LOWER          LEVEL          UPPER         MARGINAL

rice                .              .              .       -5.767300E-5      
wheat               .              .              .       -5.767300E-5      
pwheat              .              .              .       -5.767300E-5      
barley              .              .              .       -5.767300E-5      
pbarley             .              .              .       -5.767300E-5      
naked               .              .              .       -5.767300E-5      
corn                .              .              .             EPS         
sorghum             .              .              .             EPS         
mis_grains          .              .              .       -5.767300E-5      
sweetp              .              .              .            -0.0043      
psweetp             .              .              .            -0.0043      
potato              .              .              .            -0.0043      
ppotato             .              .              .            -0.0043      
soy                 .              .              .       6.7567064E-5      
psoy                .              .              .       6.7567064E-5      
mis_beans           .              .              .       6.7567064E-5      
veges               .              .              .       -5.696880E-5      
mandarin            .              .              .            -0.0016      
apple               .              .              .            -0.0016      
mis_fruits          .              .              .            -0.0016      
scane               .              .              .             EPS         
sbeat               .              .              .             EPS         
rapeseed            .              .              .             EPS         
fish                .              .              .             EPS         
seaweed             .              .              .             EPS         
starch              .              .              .            -0.0466      
sugar               .              .              .            -0.0288      
oil                 .              .              .            -0.0011      
miso                .              .              .            -0.0011      
soysource           .              .              .            -0.0011      
mis_foods           .              .              .            -0.0011      

---- EQU dietpet_f  

                  LOWER          LEVEL          UPPER         MARGINAL

rice                .              .              .       -5.767300E-5      
wheat               .              .              .       -5.767300E-5      
pwheat              .              .              .       -5.767300E-5      
barley              .              .              .       -5.767300E-5      
pbarley             .              .              .       -5.767300E-5      
naked               .              .              .       -5.767300E-5      
corn                .              .              .             EPS         
sorghum             .              .              .             EPS         
mis_grains          .              .              .       -5.767300E-5      
sweetp              .              .              .            -0.0043      
psweetp             .              .              .            -0.0043      
potato              .              .              .            -0.0043      
ppotato             .              .              .            -0.0043      
soy                 .              .              .       6.7567064E-5      
psoy                .              .              .       6.7567064E-5      
mis_beans           .              .              .       6.7567064E-5      
veges               .              .              .       -5.696880E-5      
mandarin            .              .              .            -0.0016      
apple               .              .              .            -0.0016      
mis_fruits          .              .              .            -0.0016      
scane               .              .              .             EPS         
sbeat               .              .              .             EPS         
rapeseed            .              .              .             EPS         
fish                .              .              .             EPS         
seaweed             .              .              .             EPS         
starch              .              .              .            -0.0466      
sugar               .              .              .            -0.0288      
oil                 .              .              .            -0.0011      
miso                .              .              .            -0.0011      
soysource           .              .              .            -0.0011      
mis_foods           .              .              .            -0.0011      

---- EQU dietpet_l  

               LOWER          LEVEL          UPPER         MARGINAL

beef             .              .              .            -0.0023      
pork             .              .              .            -0.0023      
chicken          .              .              .            -0.0023      
egg              .              .              .            -0.0005      
milk             .              .              .            -0.0005      

---- EQU dietbal  Net food balance by fgroup (grams/capita)

              LOWER          LEVEL          UPPER         MARGINAL

starch        42.9000        42.9000        42.9000         0.0466      
sugar         46.6000        46.6000        46.6000         0.0288      
grain        316.0000       316.0000       316.0000   5.7672996E-5      
tuber        115.4000       115.4000       115.4000         0.0043      
pulse         43.0000        43.0000        43.0000   -6.756706E-5      
veget        241.4000       241.4000       241.4000   5.6968797E-5      
fruit         90.8000        90.8000        90.8000         0.0016      
other         49.4000        49.4000        49.4000         0.0011      

                           LOWER          LEVEL          UPPER         MARGINAL

---- EQU dietbal_r           .              .              .             1.0000      

  dietbal_r  Net food shortage rate by fgroup

---- EQU adietbal  

                 LOWER          LEVEL          UPPER         MARGINAL

meat             92.7000        92.7000        92.7000         0.0023      
egg_dairy       303.7000       303.7000       303.7000         0.0005      

                           LOWER          LEVEL          UPPER         MARGINAL

---- EQU adietbal_r          .              .              .             1.0000      
---- EQU rat                 .              .              .             1.0000      

  rat  Objective function evaluated as rate of shortage

---- VAR xrlcrop  Cropping area (1000ha)

                                             LOWER          LEVEL          UPPER         MARGINAL

rice      .Hokkaido       .paddy_wet           .            70.2518        +INF             .          
rice      .Hokkaido       .paddy_dry           .              .            +INF             .          
rice      .Tohoku_Hokuriku.paddy_wet           .           436.7330        +INF             .          
rice      .Tohoku_Hokuriku.paddy_dry           .              .            +INF      2.8703729E-6      
rice      .Kanto_West     .paddy_wet           .           718.9330        +INF             .          
rice      .Kanto_West     .paddy_dry           .           453.2003        +INF             .          
rice      .Okinawa        .paddy_wet           .             0.3893        +INF             .          
rice      .Okinawa        .paddy_dry           .             0.3617        +INF             .          
wheat     .Hokkaido       .field_rain          .           136.2048        +INF             .          
wheat     .Hokkaido       .field_irr           .              .            +INF      7.7029500E-7      
wheat     .Tohoku_Hokuriku.field_rain          .           179.0726        +INF             .          
wheat     .Tohoku_Hokuriku.field_irr           .            31.6274        +INF             .          
wheat     .Kanto_West     .field_rain          .           346.0379        +INF             .          
wheat     .Kanto_West     .field_irr           .           209.0291        +INF             .          
wheat     .Okinawa        .field_rain          .             2.2186        +INF            EPS         
wheat     .Okinawa        .field_irr           .              .            +INF             .          
pwheat    .Kanto_West     .paddy_dry           .           539.5510        +INF             .          
pwheat    .Okinawa        .paddy_dry           .             0.3617        +INF             .          
barley    .Hokkaido       .field_rain          .              .              .       2.7937478E-5      
barley    .Hokkaido       .field_irr           .              .              .       2.8707773E-5      
barley    .Tohoku_Hokuriku.field_rain          .              .              .       2.7937478E-5      
barley    .Tohoku_Hokuriku.field_irr           .              .              .       2.7937478E-5      
barley    .Kanto_West     .field_rain          .              .              .       2.7937478E-5      
barley    .Kanto_West     .field_irr           .              .              .       2.7937478E-5      
barley    .Okinawa        .field_rain          .              .              .       2.7937449E-5      
barley    .Okinawa        .field_irr           .              .              .       2.7937478E-5      
pbarley   .Kanto_West     .paddy_dry           .              .              .       2.8182342E-5      
pbarley   .Okinawa        .paddy_dry           .              .              .       2.8182342E-5      
naked     .Hokkaido       .field_rain          .              .              .       2.6454661E-5      
naked     .Hokkaido       .field_irr           .              .              .       2.7224956E-5      
naked     .Tohoku_Hokuriku.field_rain          .              .              .       2.6454661E-5      
naked     .Tohoku_Hokuriku.field_irr           .              .              .       2.6454661E-5      
naked     .Kanto_West     .field_rain          .              .              .       2.6454661E-5      
naked     .Kanto_West     .field_irr           .              .              .       2.6454661E-5      
naked     .Okinawa        .field_rain          .              .              .       2.6454632E-5      
naked     .Okinawa        .field_irr           .              .              .       2.6454661E-5      
corn      .Hokkaido       .pasture             .              .              .             EPS         
sorghum   .Hokkaido       .pasture             .              .              .             EPS         
mis_grains.Hokkaido       .field_rain          .              .              .       2.7652128E-5      
mis_grains.Hokkaido       .field_irr           .              .              .       2.8422423E-5      
mis_grains.Tohoku_Hokuriku.field_rain          .              .              .       2.6926305E-5      
mis_grains.Tohoku_Hokuriku.field_irr           .              .              .       2.8422423E-5      
sweetp    .Tohoku_Hokuriku.field_rain          .              .              .            -0.0018      
sweetp    .Tohoku_Hokuriku.field_irr           .              .              .            -0.0021      
sweetp    .Kanto_West     .field_rain          .              .              .            -0.0018      
sweetp    .Kanto_West     .field_irr           .              .              .            -0.0021      
sweetp    .Okinawa        .field_rain          .              .              .            -0.0019      
sweetp    .Okinawa        .field_irr           .              .              .            -0.0010      
psweetp   .Tohoku_Hokuriku.paddy_dry           .              .              .            -0.0021      
psweetp   .Kanto_West     .paddy_dry           .              .              .            -0.0021      
psweetp   .Okinawa        .paddy_dry           .              .              .            -0.0021      
potato    .Hokkaido       .field_rain          .              .              .            -0.0041      
potato    .Hokkaido       .field_irr           .              .              .            -0.0050      
potato    .Tohoku_Hokuriku.field_rain          .              .              .            -0.0041      
potato    .Tohoku_Hokuriku.field_irr           .              .              .            -0.0050      
ppotato   .Hokkaido       .paddy_dry           .              .              .            -0.0050      
ppotato   .Tohoku_Hokuriku.paddy_dry           .              .              .            -0.0050      
soy       .Hokkaido       .field_rain          .              .            +INF      7.2582290E-7      
soy       .Hokkaido       .field_irr           .           227.0952        +INF             .          
soy       .Tohoku_Hokuriku.field_rain          .           179.0726        +INF             .          
soy       .Tohoku_Hokuriku.field_irr           .            31.6274        +INF             .          
soy       .Kanto_West     .field_rain          .           346.0379        +INF             .          
soy       .Kanto_West     .field_irr           .           209.0291        +INF             .          
psoy      .Hokkaido       .paddy_dry           .           151.3442        +INF             .          
psoy      .Tohoku_Hokuriku.paddy_dry           .              .            +INF      2.8703942E-6      
psoy      .Kanto_West     .paddy_dry           .            86.3507        +INF      2.130706E-11      
mis_beans .Hokkaido       .field_rain          .              .              .       3.0098840E-5      
mis_beans .Hokkaido       .field_irr           .              .              .       3.0869135E-5      
mis_beans .Tohoku_Hokuriku.field_rain          .              .              .       2.9373017E-5      
mis_beans .Tohoku_Hokuriku.field_irr           .              .              .       3.0869135E-5      
mis_beans .Kanto_West     .field_rain          .              .              .       2.9373017E-5      
mis_beans .Kanto_West     .field_irr           .              .              .       3.0869135E-5      
mis_beans .Okinawa        .field_rain          .              .              .       2.0932834E-6      
mis_beans .Okinawa        .field_irr           .              .              .             0.0011      
veges     .Tohoku_Hokuriku.paddy_dry           .           424.3040        +INF             .          
veges     .Tohoku_Hokuriku.field_rain          .              .            +INF      2.7279763E-5      
veges     .Tohoku_Hokuriku.field_irr           .              .            +INF      2.5135162E-5      
veges     .Kanto_West     .paddy_dry           .              .            +INF      2.5384813E-5      
veges     .Kanto_West     .field_rain          .              .            +INF      2.7279763E-5      
veges     .Kanto_West     .field_irr           .              .            +INF      2.5135162E-5      
veges     .Okinawa        .paddy_dry           .              .            +INF      2.5384813E-5      
veges     .Okinawa        .field_rain          .             8.2154        +INF             .          
veges     .Okinawa        .field_irr           .              .            +INF            0.0011      
mandarin  .Kanto_West     .orchard             .            36.2000        +INF             .          
apple     .Hokkaido       .orchard             .             3.0500        +INF             .          
apple     .Tohoku_Hokuriku.orchard             .              .            +INF            EPS         
apple     .Kanto_West     .orchard             .            32.0500        +INF             .          
mis_fruits.Tohoku_Hokuriku.orchard             .            49.2500        +INF             .          
mis_fruits.Kanto_West     .orchard             .            43.6180        +INF             .          
mis_fruits.Okinawa        .orchard             .             1.8800        +INF             .          
scane     .Okinawa        .field_rain          .             0.7959        +INF             .          
scane     .Okinawa        .field_irr           .            22.4040        +INF             .          
sbeat     .Hokkaido       .field_rain          .            55.4000        +INF             .          
sbeat     .Hokkaido       .field_irr           .              .            +INF      7.7029500E-7      
rapeseed  .Hokkaido       .field_rain          .              .              .       3.6798155E-6      
rapeseed  .Hokkaido       .field_irr           .              .              .       4.4501105E-6      

---- VAR xcrop  Cropping area (1000ha)

                  LOWER          LEVEL          UPPER         MARGINAL

rice                .          1679.8692        +INF             .          
wheat               .           904.1904        +INF             .          
pwheat              .           539.9127        +INF             .          
barley              .              .            +INF             .          
pbarley             .              .            +INF             .          
naked               .              .            +INF             .          
corn                .              .            +INF             .          
sorghum             .              .            +INF             .          
mis_grains          .              .            +INF             .          
sweetp              .              .            +INF             .          
psweetp             .              .            +INF             .          
potato              .              .            +INF             .          
ppotato             .              .            +INF             .          
soy                 .           992.8622        +INF             .          
psoy                .           237.6948        +INF             .          
mis_beans           .              .            +INF             .          
veges               .           432.5194        +INF             .          
mandarin            .            36.2000        +INF             .          
apple               .            35.1000        +INF             .          
mis_fruits          .            94.7480        +INF             .          
scane               .            23.2000        +INF             .          
sbeat               .            55.4000        +INF             .          
rapeseed            .              .            +INF             .          
fish                .              .            +INF             .          
seaweed             .              .            +INF             .          
starch              .              .            +INF             .          
sugar               .              .            +INF             .          
oil                 .              .            +INF             .          
miso                .              .            +INF             .          
soysource           .              .            +INF             .          
mis_foods           .              .            +INF             .          

---- VAR xlive  Head of animal ls

                  LOWER          LEVEL          UPPER         MARGINAL

dairycow            .       2510847.6193        +INF             .          
dairyox             .              .            +INF            EPS         
heifer              .              .            +INF            EPS         
calves              .              .            +INF            EPS         
swine               .              .            +INF            EPS         
broiler             .              .            +INF            EPS         
layinghens          .       5541104.0873        +INF             .          

---- VAR yfeed  Distribution of feed j to animal ls (MT)

                               LOWER          LEVEL          UPPER         MARGINAL

dairycow  .rice                  .              .            +INF             .          
dairycow  .wheat                 .              .            +INF             .          
dairycow  .barley                .              .            +INF             .          
dairycow  .corn                  .              .            +INF             .          
dairycow  .sorghum               .              .            +INF             .          
dairycow  .fodder                .       4030620.0000        +INF             .          
dairycow  .ricestraw             .       8028430.6873        +INF             .          
dairycow  .ricebran              .        574515.2526        +INF             .          
dairycow  .wheatstraw            .       6767789.3015        +INF             .          
dairycow  .wheatbran             .       1206114.9311        +INF             .          
dairycow  .potatovines           .              .            +INF             .          
dairycow  .soybeancake           .       1299468.1999        +INF             .          
dairycow  .rapeseedcake          .              .            +INF            EPS         
dairycow  .beetpulp              .         39309.6240        +INF             .          
dairycow  .molasses              .         90644.3720        +INF             .          
dairycow  .bagasse               .        174914.0800        +INF             .          
dairycow  .meatbonemeal          .              .            +INF            EPS         
dairycow  .fishmeal              .              .            +INF            EPS         
dairyox   .rice                  .              .            +INF            EPS         
dairyox   .wheat                 .              .            +INF            EPS         
dairyox   .barley                .              .            +INF            EPS         
dairyox   .corn                  .              .            +INF            EPS         
dairyox   .sorghum               .              .            +INF            EPS         
dairyox   .fodder                .              .            +INF            EPS         
dairyox   .ricestraw             .              .            +INF            EPS         
dairyox   .ricebran              .              .            +INF            EPS         
dairyox   .wheatstraw            .              .            +INF            EPS         
dairyox   .wheatbran             .              .            +INF            EPS         
dairyox   .potatovines           .              .            +INF             .          
dairyox   .soybeancake           .              .            +INF            EPS         
dairyox   .rapeseedcake          .              .            +INF            EPS         
dairyox   .beetpulp              .              .            +INF            EPS         
dairyox   .molasses              .              .            +INF            EPS         
dairyox   .bagasse               .              .            +INF            EPS         
dairyox   .meatbonemeal          .              .            +INF            EPS         
dairyox   .fishmeal              .              .            +INF            EPS         
heifer    .rice                  .              .            +INF            EPS         
heifer    .wheat                 .              .            +INF            EPS         
heifer    .barley                .              .            +INF            EPS         
heifer    .corn                  .              .            +INF            EPS         
heifer    .sorghum               .              .            +INF            EPS         
heifer    .fodder                .              .            +INF            EPS         
heifer    .ricestraw             .              .            +INF            EPS         
heifer    .ricebran              .              .            +INF            EPS         
heifer    .wheatstraw            .              .            +INF            EPS         
heifer    .wheatbran             .              .            +INF            EPS         
heifer    .potatovines           .              .            +INF            EPS         
heifer    .soybeancake           .              .            +INF            EPS         
heifer    .rapeseedcake          .              .            +INF            EPS         
heifer    .beetpulp              .              .            +INF            EPS         
heifer    .molasses              .              .            +INF            EPS         
heifer    .bagasse               .              .            +INF             .          
heifer    .meatbonemeal          .              .            +INF            EPS         
heifer    .fishmeal              .              .            +INF            EPS         
calves    .rice                  .              .            +INF            EPS         
calves    .wheat                 .              .            +INF            EPS         
calves    .barley                .              .            +INF            EPS         
calves    .corn                  .              .            +INF            EPS         
calves    .sorghum               .              .            +INF            EPS         
calves    .fodder                .              .            +INF            EPS         
calves    .ricestraw             .              .            +INF            EPS         
calves    .ricebran              .              .            +INF            EPS         
calves    .wheatstraw            .              .            +INF            EPS         
calves    .wheatbran             .              .            +INF            EPS         
calves    .potatovines           .              .            +INF            EPS         
calves    .soybeancake           .              .            +INF            EPS         
calves    .rapeseedcake          .              .            +INF            EPS         
calves    .beetpulp              .              .            +INF            EPS         
calves    .molasses              .              .            +INF            EPS         
calves    .bagasse               .              .            +INF             .          
calves    .meatbonemeal          .              .            +INF            EPS         
calves    .fishmeal              .              .            +INF            EPS         
swine     .rice                  .              .            +INF            EPS         
swine     .wheat                 .              .            +INF            EPS         
swine     .barley                .              .            +INF            EPS         
swine     .corn                  .              .            +INF            EPS         
swine     .sorghum               .              .            +INF            EPS         
swine     .fodder                .              .            +INF            EPS         
swine     .ricestraw             .              .            +INF            EPS         
swine     .ricebran              .              .            +INF            EPS         
swine     .wheatstraw            .              .            +INF            EPS         
swine     .wheatbran             .              .            +INF            EPS         
swine     .potatovines           .              .            +INF            EPS         
swine     .soybeancake           .              .            +INF            EPS         
swine     .rapeseedcake          .              .            +INF            EPS         
swine     .beetpulp              .              .            +INF            EPS         
swine     .molasses              .              .            +INF            EPS         
swine     .bagasse               .              .            +INF            EPS         
swine     .meatbonemeal          .              .            +INF            EPS         
swine     .fishmeal              .              .            +INF             .          
broiler   .rice                  .              .            +INF            EPS         
broiler   .wheat                 .              .            +INF            EPS         
broiler   .barley                .              .            +INF            EPS         
broiler   .corn                  .              .            +INF            EPS         
broiler   .sorghum               .              .            +INF            EPS         
broiler   .fodder                .              .            +INF            EPS         
broiler   .ricestraw             .              .            +INF            EPS         
broiler   .ricebran              .              .            +INF            EPS         
broiler   .wheatstraw            .              .            +INF            EPS         
broiler   .wheatbran             .              .            +INF            EPS         
broiler   .potatovines           .              .            +INF            EPS         
broiler   .soybeancake           .              .            +INF            EPS         
broiler   .rapeseedcake          .              .            +INF            EPS         
broiler   .beetpulp              .              .            +INF            EPS         
broiler   .molasses              .              .            +INF            EPS         
broiler   .bagasse               .              .            +INF            EPS         
broiler   .meatbonemeal          .              .            +INF            EPS         
broiler   .fishmeal              .              .            +INF             .          
layinghens.rice                  .              .            +INF            EPS         
layinghens.wheat                 .              .            +INF            EPS         
layinghens.barley                .              .            +INF            EPS         
layinghens.corn                  .              .            +INF            EPS         
layinghens.sorghum               .              .            +INF            EPS         
layinghens.fodder                .              .            +INF            EPS         
layinghens.ricestraw             .              .            +INF            EPS         
layinghens.ricebran              .              .            +INF            EPS         
layinghens.wheatstraw            .              .            +INF            EPS         
layinghens.wheatbran             .              .            +INF            EPS         
layinghens.potatovines           .              .            +INF            EPS         
layinghens.soybeancake           .              .            +INF            EPS         
layinghens.rapeseedcake          .              .            +INF             .          
layinghens.beetpulp              .              .            +INF            EPS         
layinghens.molasses              .              .            +INF            EPS         
layinghens.bagasse               .              .            +INF            EPS         
layinghens.meatbonemeal          .        164387.0000        +INF             .          
layinghens.fishmeal              .         55615.0000        +INF             .          

                           LOWER          LEVEL          UPPER         MARGINAL

---- VAR labd_c            -INF            1.2957        +INF             .          
---- VAR labd_ls           -INF            0.3099        +INF             .          

  labd_c  Labor demand by crop      (bil. h)
  labd_ls  Labor demand by livestock (bil. h)

---- VAR tdnd  TDN demand by livestock (MT)

                  LOWER          LEVEL          UPPER         MARGINAL

dairycow          -INF      1.0179981E+7        +INF             .          
dairyox           -INF             .            +INF             .          
heifer            -INF             .            +INF             .          
calves            -INF             .            +INF             .          
swine             -INF             .            +INF             .          
broiler           -INF             .            +INF             .          
layinghens        -INF       139635.8230        +INF             .          

---- VAR tdns  TDN supply to livestock (MT)

                  LOWER          LEVEL          UPPER         MARGINAL

dairycow          -INF      1.0179981E+7        +INF             .          
dairyox           -INF             .            +INF             .          
heifer            -INF             .            +INF             .          
calves            -INF             .            +INF             .          
swine             -INF             .            +INF             .          
broiler           -INF             .            +INF             .          
layinghens        -INF       139635.8230        +INF             .          

---- VAR dms  DM supply               (MT)

                    LOWER          LEVEL          UPPER         MARGINAL

rice                -INF             .            +INF             .          
wheat               -INF             .            +INF             .          
barley              -INF             .            +INF             .          
corn                -INF             .            +INF             .          
sorghum             -INF             .            +INF             .          
fodder              -INF      4030620.0000        +INF             .          
ricestraw           -INF      8028430.6873        +INF             .          
ricebran            -INF       574515.2526        +INF             .          
wheatstraw          -INF      6767789.3015        +INF             .          
wheatbran           -INF      1206114.9311        +INF             .          
potatovines         -INF             .            +INF             .          
soybeancake         -INF      1299468.1999        +INF             .          
rapeseedcake        -INF             .            +INF             .          
beetpulp            -INF        39309.6240        +INF             .          
molasses            -INF        90644.3720        +INF             .          
bagasse             -INF       174914.0800        +INF             .          
meatbonemeal        -INF       164387.0000        +INF             .          
fishmeal            -INF        55615.0000        +INF             .          

---- VAR nnpotential_c  Potential nutrition intake from crops (kcal or grams/capita)

                                LOWER          LEVEL          UPPER         MARGINAL

rice      .calorie              -INF          545.5249        +INF             .          
rice      .protein              -INF            9.2953        +INF             .          
rice      .fat                  -INF            1.3714        +INF             .          
rice      .carbonhydrate        -INF          124.0002        +INF             .          
wheat     .calorie              -INF          205.7470        +INF             .          
wheat     .protein              -INF            5.4232        +INF             .          
wheat     .fat                  -INF            1.0064        +INF             .          
wheat     .carbonhydrate        -INF           43.7492        +INF             .          
pwheat    .calorie              -INF          131.4562        +INF             .          
pwheat    .protein              -INF            3.4650        +INF             .          
pwheat    .fat                  -INF            0.6430        +INF             .          
pwheat    .carbonhydrate        -INF           27.9523        +INF             .          
barley    .calorie              -INF             .            +INF             .          
barley    .protein              -INF             .            +INF             .          
barley    .fat                  -INF             .            +INF             .          
barley    .carbonhydrate        -INF             .            +INF             .          
pbarley   .calorie              -INF             .            +INF             .          
pbarley   .protein              -INF             .            +INF             .          
pbarley   .fat                  -INF             .            +INF             .          
pbarley   .carbonhydrate        -INF             .            +INF             .          
naked     .calorie              -INF             .            +INF             .          
naked     .protein              -INF             .            +INF             .          
naked     .fat                  -INF             .            +INF             .          
naked     .carbonhydrate        -INF             .            +INF             .          
corn      .calorie              -INF             .            +INF             .          
corn      .protein              -INF             .            +INF             .          
corn      .fat                  -INF             .            +INF             .          
corn      .carbonhydrate        -INF             .            +INF             .          
sorghum   .calorie              -INF             .            +INF             .          
sorghum   .protein              -INF             .            +INF             .          
sorghum   .fat                  -INF             .            +INF             .          
sorghum   .carbonhydrate        -INF             .            +INF             .          
mis_grains.calorie              -INF             .            +INF             .          
mis_grains.protein              -INF             .            +INF             .          
mis_grains.fat                  -INF             .            +INF             .          
mis_grains.carbonhydrate        -INF             .            +INF             .          
sweetp    .calorie              -INF             .            +INF             .          
sweetp    .protein              -INF             .            +INF             .          
sweetp    .fat                  -INF             .            +INF             .          
sweetp    .carbonhydrate        -INF             .            +INF             .          
psweetp   .calorie              -INF             .            +INF             .          
psweetp   .protein              -INF             .            +INF             .          
psweetp   .fat                  -INF             .            +INF             .          
psweetp   .carbonhydrate        -INF             .            +INF             .          
potato    .calorie              -INF             .            +INF             .          
potato    .protein              -INF             .            +INF             .          
potato    .fat                  -INF             .            +INF             .          
potato    .carbonhydrate        -INF             .            +INF             .          
ppotato   .calorie              -INF             .            +INF             .          
ppotato   .protein              -INF             .            +INF             .          
ppotato   .fat                  -INF             .            +INF             .          
ppotato   .carbonhydrate        -INF             .            +INF             .          
soy       .calorie              -INF          146.1091        +INF             .          
soy       .protein              -INF           11.7026        +INF             .          
soy       .fat                  -INF            6.8207        +INF             .          
soy       .carbonhydrate        -INF            9.4781        +INF             .          
psoy      .calorie              -INF           36.4053        +INF             .          
psoy      .protein              -INF            2.9159        +INF             .          
psoy      .fat                  -INF            1.6995        +INF             .          
psoy      .carbonhydrate        -INF            2.3616        +INF             .          
mis_beans .calorie              -INF             .            +INF             .          
mis_beans .protein              -INF             .            +INF             .          
mis_beans .fat                  -INF             .            +INF             .          
mis_beans .carbonhydrate        -INF             .            +INF             .          
veges     .calorie              -INF           65.9285        +INF             .          
veges     .protein              -INF            2.8769        +INF             .          
veges     .fat                  -INF            0.4795        +INF             .          
veges     .carbonhydrate        -INF           12.5264        +INF             .          
mandarin  .calorie              -INF            4.5542        +INF             .          
mandarin  .protein              -INF            0.0569        +INF             .          
mandarin  .fat                  -INF            0.0095        +INF             .          
mandarin  .carbonhydrate        -INF            1.0603        +INF             .          
apple     .calorie              -INF            6.5383        +INF             .          
apple     .protein              -INF            0.0123        +INF             .          
apple     .fat                  -INF            0.0247        +INF             .          
apple     .carbonhydrate        -INF            1.5667        +INF             .          
mis_fruits.calorie              -INF            9.3612        +INF             .          
mis_fruits.protein              -INF            0.1570        +INF             .          
mis_fruits.fat                  -INF            0.2915        +INF             .          
mis_fruits.carbonhydrate        -INF            1.5275        +INF             .          
scane     .calorie              -INF             .            +INF             .          
scane     .protein              -INF             .            +INF             .          
scane     .fat                  -INF             .            +INF             .          
scane     .carbonhydrate        -INF             .            +INF             .          
sbeat     .calorie              -INF             .            +INF             .          
sbeat     .protein              -INF             .            +INF             .          
sbeat     .fat                  -INF             .            +INF             .          
sbeat     .carbonhydrate        -INF             .            +INF             .          
rapeseed  .calorie              -INF             .            +INF             .          
rapeseed  .protein              -INF             .            +INF             .          
rapeseed  .fat                  -INF             .            +INF             .          
rapeseed  .carbonhydrate        -INF             .            +INF             .          
fish      .calorie              -INF             .            +INF             .          
fish      .protein              -INF             .            +INF             .          
fish      .fat                  -INF             .            +INF             .          
fish      .carbonhydrate        -INF             .            +INF             .          
seaweed   .calorie              -INF             .            +INF             .          
seaweed   .protein              -INF             .            +INF             .          
seaweed   .fat                  -INF             .            +INF             .          
seaweed   .carbonhydrate        -INF             .            +INF             .          
starch    .calorie              -INF             .            +INF             .          
starch    .protein              -INF             .            +INF             .          
starch    .fat                  -INF             .            +INF             .          
starch    .carbonhydrate        -INF             .            +INF             .          
sugar     .calorie              -INF             .            +INF             .          
sugar     .protein              -INF             .            +INF             .          
sugar     .fat                  -INF             .            +INF             .          
sugar     .carbonhydrate        -INF             .            +INF             .          
oil       .calorie              -INF             .            +INF             .          
oil       .protein              -INF             .            +INF             .          
oil       .fat                  -INF             .            +INF             .          
oil       .carbonhydrate        -INF             .            +INF             .          
miso      .calorie              -INF             .            +INF             .          
miso      .protein              -INF             .            +INF             .          
miso      .fat                  -INF             .            +INF             .          
miso      .carbonhydrate        -INF             .            +INF             .          
soysource .calorie              -INF             .            +INF             .          
soysource .protein              -INF             .            +INF             .          
soysource .fat                  -INF             .            +INF             .          
soysource .carbonhydrate        -INF             .            +INF             .          
mis_foods .calorie              -INF             .            +INF             .          
mis_foods .protein              -INF             .            +INF             .          
mis_foods .fat                  -INF             .            +INF             .          
mis_foods .carbonhydrate        -INF             .            +INF             .          

---- VAR nnpotential_f  Potential nutrition intake from processed foods (kcal or grams/capita)

                                LOWER          LEVEL          UPPER         MARGINAL

rice      .calorie              -INF             .            +INF             .          
rice      .protein              -INF             .            +INF             .          
rice      .fat                  -INF             .            +INF             .          
rice      .carbonhydrate        -INF             .            +INF             .          
wheat     .calorie              -INF             .            +INF             .          
wheat     .protein              -INF             .            +INF             .          
wheat     .fat                  -INF             .            +INF             .          
wheat     .carbonhydrate        -INF             .            +INF             .          
pwheat    .calorie              -INF             .            +INF             .          
pwheat    .protein              -INF             .            +INF             .          
pwheat    .fat                  -INF             .            +INF             .          
pwheat    .carbonhydrate        -INF             .            +INF             .          
barley    .calorie              -INF             .            +INF             .          
barley    .protein              -INF             .            +INF             .          
barley    .fat                  -INF             .            +INF             .          
barley    .carbonhydrate        -INF             .            +INF             .          
pbarley   .calorie              -INF             .            +INF             .          
pbarley   .protein              -INF             .            +INF             .          
pbarley   .fat                  -INF             .            +INF             .          
pbarley   .carbonhydrate        -INF             .            +INF             .          
naked     .calorie              -INF             .            +INF             .          
naked     .protein              -INF             .            +INF             .          
naked     .fat                  -INF             .            +INF             .          
naked     .carbonhydrate        -INF             .            +INF             .          
corn      .calorie              -INF             .            +INF             .          
corn      .protein              -INF             .            +INF             .          
corn      .fat                  -INF             .            +INF             .          
corn      .carbonhydrate        -INF             .            +INF             .          
sorghum   .calorie              -INF             .            +INF             .          
sorghum   .protein              -INF             .            +INF             .          
sorghum   .fat                  -INF             .            +INF             .          
sorghum   .carbonhydrate        -INF             .            +INF             .          
mis_grains.calorie              -INF             .            +INF             .          
mis_grains.protein              -INF             .            +INF             .          
mis_grains.fat                  -INF             .            +INF             .          
mis_grains.carbonhydrate        -INF             .            +INF             .          
sweetp    .calorie              -INF             .            +INF             .          
sweetp    .protein              -INF             .            +INF             .          
sweetp    .fat                  -INF             .            +INF             .          
sweetp    .carbonhydrate        -INF             .            +INF             .          
psweetp   .calorie              -INF             .            +INF             .          
psweetp   .protein              -INF             .            +INF             .          
psweetp   .fat                  -INF             .            +INF             .          
psweetp   .carbonhydrate        -INF             .            +INF             .          
potato    .calorie              -INF             .            +INF             .          
potato    .protein              -INF             .            +INF             .          
potato    .fat                  -INF             .            +INF             .          
potato    .carbonhydrate        -INF             .            +INF             .          
ppotato   .calorie              -INF             .            +INF             .          
ppotato   .protein              -INF             .            +INF             .          
ppotato   .fat                  -INF             .            +INF             .          
ppotato   .carbonhydrate        -INF             .            +INF             .          
soy       .calorie              -INF             .            +INF             .          
soy       .protein              -INF             .            +INF             .          
soy       .fat                  -INF             .            +INF             .          
soy       .carbonhydrate        -INF             .            +INF             .          
psoy      .calorie              -INF             .            +INF             .          
psoy      .protein              -INF             .            +INF             .          
psoy      .fat                  -INF             .            +INF             .          
psoy      .carbonhydrate        -INF             .            +INF             .          
mis_beans .calorie              -INF             .            +INF             .          
mis_beans .protein              -INF             .            +INF             .          
mis_beans .fat                  -INF             .            +INF             .          
mis_beans .carbonhydrate        -INF             .            +INF             .          
veges     .calorie              -INF             .            +INF             .          
veges     .protein              -INF             .            +INF             .          
veges     .fat                  -INF             .            +INF             .          
veges     .carbonhydrate        -INF             .            +INF             .          
mandarin  .calorie              -INF             .            +INF             .          
mandarin  .protein              -INF             .            +INF             .          
mandarin  .fat                  -INF             .            +INF             .          
mandarin  .carbonhydrate        -INF             .            +INF             .          
apple     .calorie              -INF             .            +INF             .          
apple     .protein              -INF             .            +INF             .          
apple     .fat                  -INF             .            +INF             .          
apple     .carbonhydrate        -INF             .            +INF             .          
mis_fruits.calorie              -INF             .            +INF             .          
mis_fruits.protein              -INF             .            +INF             .          
mis_fruits.fat                  -INF             .            +INF             .          
mis_fruits.carbonhydrate        -INF             .            +INF             .          
scane     .calorie              -INF             .            +INF             .          
scane     .protein              -INF             .            +INF             .          
scane     .fat                  -INF             .            +INF             .          
scane     .carbonhydrate        -INF             .            +INF             .          
sbeat     .calorie              -INF             .            +INF             .          
sbeat     .protein              -INF             .            +INF             .          
sbeat     .fat                  -INF             .            +INF             .          
sbeat     .carbonhydrate        -INF             .            +INF             .          
rapeseed  .calorie              -INF             .            +INF             .          
rapeseed  .protein              -INF             .            +INF             .          
rapeseed  .fat                  -INF             .            +INF             .          
rapeseed  .carbonhydrate        -INF             .            +INF             .          
fish      .calorie              -INF             .            +INF             .          
fish      .protein              -INF             .            +INF             .          
fish      .fat                  -INF             .            +INF             .          
fish      .carbonhydrate        -INF             .            +INF             .          
seaweed   .calorie              -INF             .            +INF             .          
seaweed   .protein              -INF             .            +INF             .          
seaweed   .fat                  -INF             .            +INF             .          
seaweed   .carbonhydrate        -INF             .            +INF             .          
starch    .calorie              -INF             .            +INF             .          
starch    .protein              -INF             .            +INF             .          
starch    .fat                  -INF             .            +INF             .          
starch    .carbonhydrate        -INF             .            +INF             .          
sugar     .calorie              -INF           58.8958        +INF             .          
sugar     .protein              -INF             .            +INF             .          
sugar     .fat                  -INF             .            +INF             .          
sugar     .carbonhydrate        -INF             .            +INF             .          
oil       .calorie              -INF           37.2543        +INF             .          
oil       .protein              -INF             .            +INF             .          
oil       .fat                  -INF            4.0450        +INF             .          
oil       .carbonhydrate        -INF             .            +INF             .          
miso      .calorie              -INF           24.3481        +INF             .          
miso      .protein              -INF            1.6723        +INF             .          
miso      .fat                  -INF            0.8027        +INF             .          
miso      .carbonhydrate        -INF             .            +INF             .          
soysource .calorie              -INF            7.6255        +INF             .          
soysource .protein              -INF            0.7726        +INF             .          
soysource .fat                  -INF             .            +INF             .          
soysource .carbonhydrate        -INF             .            +INF             .          
mis_foods .calorie              -INF             .            +INF             .          
mis_foods .protein              -INF             .            +INF             .          
mis_foods .fat                  -INF             .            +INF             .          
mis_foods .carbonhydrate        -INF             .            +INF             .          

---- VAR nnpotential_l  Potential nutrition intake from animal products (kcal or grams/capita)

                             LOWER          LEVEL          UPPER         MARGINAL

beef   .calorie              -INF            4.5666        +INF             .          
beef   .protein              -INF            0.2697        +INF             .          
beef   .fat                  -INF            0.3616        +INF             .          
beef   .carbonhydrate        -INF            0.0032        +INF             .          
pork   .calorie              -INF             .            +INF             .          
pork   .protein              -INF             .            +INF             .          
pork   .fat                  -INF             .            +INF             .          
pork   .carbonhydrate        -INF             .            +INF             .          
chicken.calorie              -INF            0.0870        +INF             .          
chicken.protein              -INF            0.0108        +INF             .          
chicken.fat                  -INF            0.0044        +INF             .          
chicken.carbonhydrate        -INF             .            +INF             .          
egg    .calorie              -INF            2.3578        +INF             .          
egg    .protein              -INF            0.1921        +INF             .          
egg    .fat                  -INF            0.1608        +INF             .          
egg    .carbonhydrate        -INF            0.0047        +INF             .          
milk   .calorie              -INF          113.4972        +INF             .          
milk   .protein              -INF            5.5902        +INF             .          
milk   .fat                  -INF            6.4372        +INF             .          
milk   .carbonhydrate        -INF            7.4535        +INF             .          

                           LOWER          LEVEL          UPPER         MARGINAL

---- VAR cdeficit          -INF        -7976.7255        +INF             .          
---- VAR cshortrate        -INF           -3.6967        +INF             .          

  cdeficit  Calorie deficit (kcal/capita)
  cshortrate  Calorie shortage rate

---- VAR dpotential_c  Potential netfood intake from crops (grams/capita)

                  LOWER          LEVEL          UPPER         MARGINAL

rice              -INF          152.3813        +INF             .          
wheat             -INF           55.9095        +INF             .          
pwheat            -INF           35.7218        +INF             .          
barley            -INF             .            +INF             .          
pbarley           -INF             .            +INF             .          
naked             -INF             .            +INF             .          
corn              -INF             .            +INF             .          
sorghum           -INF             .            +INF             .          
mis_grains        -INF             .            +INF             .          
sweetp            -INF             .            +INF             .          
psweetp           -INF             .            +INF             .          
potato            -INF             .            +INF             .          
ppotato           -INF             .            +INF             .          
soy               -INF           34.6230        +INF             .          
psoy              -INF            8.6268        +INF             .          
mis_beans         -INF             .            +INF             .          
veges             -INF          239.7401        +INF             .          
mandarin          -INF            9.4879        +INF             .          
apple             -INF           12.3364        +INF             .          
mis_fruits        -INF           11.2110        +INF             .          
scane             -INF             .            +INF             .          
sbeat             -INF             .            +INF             .          
rapeseed          -INF             .            +INF             .          
fish              -INF             .            +INF             .          
seaweed           -INF             .            +INF             .          
starch            -INF             .            +INF             .          
sugar             -INF             .            +INF             .          
oil               -INF             .            +INF             .          
miso              -INF             .            +INF             .          
soysource         -INF             .            +INF             .          
mis_foods         -INF             .            +INF             .          

---- VAR dpotential_f  Potential netfood intake from processed foods (grams/capita)

                  LOWER          LEVEL          UPPER         MARGINAL

rice              -INF             .            +INF             .          
wheat             -INF             .            +INF             .          
pwheat            -INF             .            +INF             .          
barley            -INF             .            +INF             .          
pbarley           -INF             .            +INF             .          
naked             -INF             .            +INF             .          
corn              -INF             .            +INF             .          
sorghum           -INF             .            +INF             .          
mis_grains        -INF             .            +INF             .          
sweetp            -INF             .            +INF             .          
psweetp           -INF             .            +INF             .          
potato            -INF             .            +INF             .          
ppotato           -INF             .            +INF             .          
soy               -INF             .            +INF             .          
psoy              -INF             .            +INF             .          
mis_beans         -INF             .            +INF             .          
veges             -INF             .            +INF             .          
mandarin          -INF             .            +INF             .          
apple             -INF             .            +INF             .          
mis_fruits        -INF             .            +INF             .          
scane             -INF             .            +INF             .          
sbeat             -INF             .            +INF             .          
rapeseed          -INF             .            +INF             .          
fish              -INF             .            +INF             .          
seaweed           -INF             .            +INF             .          
starch            -INF             .            +INF             .          
sugar             -INF           15.3375        +INF             .          
oil               -INF            4.0450        +INF             .          
miso              -INF           13.3781        +INF             .          
soysource         -INF           10.0335        +INF             .          
mis_foods         -INF             .            +INF             .          

---- VAR dpotential_l  Potential netfood intake from animal products (grams/capita)

               LOWER          LEVEL          UPPER         MARGINAL

beef           -INF            1.9827        +INF             .          
pork           -INF             .            +INF             .          
chicken        -INF            0.0681        +INF             .          
egg            -INF            1.9519        +INF             .          
milk           -INF          211.7485        +INF             .          

---- VAR delta  Net food intake change (grams/capita)

              LOWER          LEVEL          UPPER         MARGINAL

starch        -INF           42.9000        +INF             .          
sugar         -INF           31.2625        +INF             .          
grain         -INF           71.9874        +INF             .          
tuber         -INF          115.4000        +INF             .          
pulse         -INF           -0.2499        +INF             .          
veget         -INF            1.6599        +INF             .          
fruit         -INF           57.7647        +INF             .          
other         -INF           21.9434        +INF             .          

                           LOWER          LEVEL          UPPER         MARGINAL

---- VAR deltasumsq        -INF            1.7595        +INF             .          

  deltasumsq  Sum of squared net food intake change rate (crop group)

---- VAR adelta  Net food intake change (grams/capita)

                 LOWER          LEVEL          UPPER         MARGINAL

meat             -INF           90.6492        +INF             .          
egg_dairy        -INF           89.9996        +INF             .          

                           LOWER          LEVEL          UPPER         MARGINAL

---- VAR adeltasum~        -INF            0.1282        +INF             .          
---- VAR target            -INF            1.8877        +INF             .          

  adeltasumsq  Sum of squared net food intake change rate (animal product group)
  target  Weighted average of calorie deficit and net food balance


**** REPORT SUMMARY :        0     NONOPT
                             0 INFEASIBLE
                             0  UNBOUNDED
                             0     ERRORS
                           107  PROJECTED
GAMS 32.2.0  rc62c018 Released Aug 26, 2020 WEX-WEI x86 64bit/MS Windows - 02/18/26 01:42:35 Page 31
Food Supply Simulation in Japan applying the SWISSfoodSys Model
E x e c u t i o n


----   1181 VARIABLE xrlcrop.L  Cropping area (1000ha)

                             paddy_wet   paddy_dry  field_rain   field_irr     orchard

rice      .Hokkaido             70.252
rice      .Tohoku_Hokuriku     436.733
rice      .Kanto_West          718.933     453.200
rice      .Okinawa               0.389       0.362
wheat     .Hokkaido                                    136.205
wheat     .Tohoku_Hokuriku                             179.073      31.627
wheat     .Kanto_West                                  346.038     209.029
wheat     .Okinawa                                       2.219
pwheat    .Kanto_West                      539.551
pwheat    .Okinawa                           0.362
soy       .Hokkaido                                                227.095
soy       .Tohoku_Hokuriku                             179.073      31.627
soy       .Kanto_West                                  346.038     209.029
psoy      .Hokkaido                        151.344
psoy      .Kanto_West                       86.351
veges     .Tohoku_Hokuriku                 424.304
veges     .Okinawa                                       8.215
mandarin  .Kanto_West                                                           36.200
apple     .Hokkaido                                                              3.050
apple     .Kanto_West                                                           32.050
mis_fruits.Tohoku_Hokuriku                                                      49.250
mis_fruits.Kanto_West                                                           43.618
mis_fruits.Okinawa                                                               1.880
scane     .Okinawa                                       0.796      22.404
sbeat     .Hokkaido                                     55.400


----   1181 VARIABLE xcrop.L  Cropping area (1000ha)

rice       1679.869,    wheat       904.190,    pwheat      539.913,    soy         992.862,    psoy        237.695,    veges       432.519,    mandarin     36.200,    apple        35.100,    mis_fruits   94.748,    scane        23.200,    sbeat        55.400


----   1181 VARIABLE xlive.L  Head of animal ls

dairycow   2510847.619,    layinghens 5541104.087


----   1181 VARIABLE yfeed.L  Distribution of feed j to animal ls (MT)

                fodder   ricestraw    ricebran  wheatstraw   wheatbran  soybeanca~    beetpulp    molasses     bagasse  meatbonem~    fishmeal

dairycow   4030620.000 8028430.687  574515.253 6767789.302 1206114.931 1299468.200   39309.624   90644.372  174914.080
layinghens                                                                                                              164387.000   55615.000


----   1181 VARIABLE dms.L  DM supply               (MT)

fodder       4030620.000,    ricestraw    8028430.687,    ricebran      574515.253,    wheatstraw   6767789.302,    wheatbran    1206114.931,    soybeancake  1299468.200,    beetpulp       39309.624,    molasses       90644.372,    bagasse       174914.080,    meatbonemeal  164387.000,    fishmeal       55615.000

GAMS 32.2.0  rc62c018 Released Aug 26, 2020 WEX-WEI x86 64bit/MS Windows - 02/18/26 01:42:35 Page 32
Food Supply Simulation in Japan applying the SWISSfoodSys Model
Equation Listing    SOLVE sol_rat_unlimited Using NLP From line 1177


---- link  =E=  xrlcrop to xcrop link by summation

link(rice)..  xrlcrop(rice,Hokkaido,paddy_wet) + xrlcrop(rice,Hokkaido,paddy_dry) + xrlcrop(rice,Tohoku_Hokuriku,paddy_wet) + xrlcrop(rice,Tohoku_Hokuriku,paddy_dry) + xrlcrop(rice,Kanto_West,paddy_wet) + xrlcrop(rice,Kanto_West,paddy_dry) + xrlcrop(rice,Okinawa,paddy_wet) + xrlcrop(rice,Okinawa,paddy_dry) - xcrop(rice) =E= 0 ; (LHS = 0)
     
link(wheat)..  xrlcrop(wheat,Hokkaido,field_rain) + xrlcrop(wheat,Hokkaido,field_irr) + xrlcrop(wheat,Tohoku_Hokuriku,field_rain) + xrlcrop(wheat,Tohoku_Hokuriku,field_irr) + xrlcrop(wheat,Kanto_West,field_rain) + xrlcrop(wheat,Kanto_West,field_irr) + xrlcrop(wheat,Okinawa,field_rain) + xrlcrop(wheat,Okinawa,field_irr) - xcrop(wheat) =E= 0 ; (LHS = 0)
     
link(pwheat)..  xrlcrop(pwheat,Kanto_West,paddy_dry) + xrlcrop(pwheat,Okinawa,paddy_dry) - xcrop(pwheat) =E= 0 ; (LHS = 5.6843418860808E-13, INFES = 5.6843418860808E-13 ****)
     
REMAINING 28 ENTRIES SKIPPED


---- landbal  =L=  Monthly land balance on each land type (1000ha)

landbal(jan,Hokkaido,field_rain)..  xrlcrop(wheat,Hokkaido,field_rain) + xrlcrop(rapeseed,Hokkaido,field_rain) =L= 191.60482 ; (LHS = 136.20482)
     
landbal(jan,Hokkaido,field_irr)..  xrlcrop(wheat,Hokkaido,field_irr) + xrlcrop(rapeseed,Hokkaido,field_irr) =L= 227.09518 ; (LHS = 0)
     
landbal(jan,Hokkaido,orchard)..  xrlcrop(apple,Hokkaido,orchard) =L= 3.05 ; (LHS = 3.05)
     
REMAINING 209 ENTRIES SKIPPED


---- areamax_o  =L=  Area upper bound on orchard       (1000ha)

areamax_o(mandarin)..  xcrop(mandarin) =L= 36.2 ; (LHS = 36.1999999999971)
     
areamax_o(apple)..  xcrop(apple) =L= 35.1 ; (LHS = 35.0999999999956)
     
areamax_o(mis_fruits)..  xcrop(mis_fruits) =L= 94.748 ; (LHS = 94.74799999999)
     

---- areamax_l  =L=  Area upper bound on local crops   (1000ha)

areamax_l(scane)..  xcrop(scane) =L= 23.2 ; (LHS = 23.1999999999999)
     
areamax_l(sbeat)..  xcrop(sbeat) =L= 55.4 ; (LHS = 55.4)
     

---- labdemand_c  =E=  Total labor demand by crop      (bil. hour)

labdemand_c..  - 0.00022*xcrop(rice) - 3.29999999999999E-5*xcrop(wheat) - 3.29999999999999E-5*xcrop(pwheat) - 3.29999999999999E-5*xcrop(barley) - 3.29999999999999E-5*xcrop(pbarley) - 3.29999999999999E-5*xcrop(naked) - 3.29999999999999E-5*xcrop(corn) - 3.29999999999999E-5*xcrop(sorghum) - 3.29999999999999E-5*xcrop(mis_grains) - 0.000859999999999998*xcrop(sweetp) - 0.000859999999999998*xcrop(psweetp) - 0.00011*xcrop(potato) - 0.00011*xcrop(ppotato) - 5.59999999999999E-5*xcrop(soy) - 5.59999999999999E-5*xcrop(psoy) - 5.59999999999999E-5*xcrop(mis_beans) - 0.000814999999999998*xcrop(veges) - 0.00266999999999999*xcrop(mandarin) - 0.00266999999999999*xcrop(apple) - 0.00266999999999999*xcrop(mis_fruits) - 0.000329999999999999*xcrop(scane) - 0.00011*xcrop(sbeat) - 3.29999999999999E-5*xcrop(rapeseed) + labd_c =E= 0 ; (LHS = 0)
     

---- labdemand_l  =E=  Total labor demand by livestock (bil. hour)

labdemand_l..  - 1.23E-7*xlive(dairycow) - 4.39999999999999E-8*xlive(dairyox) - 4.39999999999999E-8*xlive(heifer) - 4.39999999999999E-8*xlive(calves) - 3.09999999999999E-9*xlive(swine) - 1.99999999999999E-11*xlive(broiler) - 1.99999999999999E-10*xlive(layinghens) + labd_ls =E= 0 ; (LHS = 0)
     

---- labbal  =L=  Total labor balance             (bil. hour)

labbal..  labd_c + labd_ls =L= 2.96 ; (LHS = 1.60568175533309)
     

---- tdndemand  =E=  TDN demand by animal ls

tdndemand(dairycow)..  - 4.0544*xlive(dairycow) + tdnd(dairycow) =E= 0 ; (LHS = -1.86264514923096E-9, INFES = 1.86264514923096E-9 ****)
     
tdndemand(dairyox)..  - 3.2435*xlive(dairyox) + tdnd(dairyox) =E= 0 ; (LHS = 0)
     
tdndemand(heifer)..  - 2.6354*xlive(heifer) + tdnd(heifer) =E= 0 ; (LHS = 0)
     
REMAINING 4 ENTRIES SKIPPED


---- tdnsupply  =E=  TDN supply for animal ls by feed fe

tdnsupply(dairycow)..  - 0.813*yfeed(dairycow,rice) - 0.813*yfeed(dairycow,wheat) - 0.741*yfeed(dairycow,barley) - 0.799*yfeed(dairycow,corn) - 0.784*yfeed(dairycow,sorghum) - 0.592*yfeed(dairycow,fodder) - 0.377*yfeed(dairycow,ricestraw) - 0.558*yfeed(dairycow,ricebran) - 0.38*yfeed(dairycow,wheatstraw) - 0.627*yfeed(dairycow,wheatbran) - 0.074*yfeed(dairycow,potatovines) - 0.766*yfeed(dairycow,soybeancake) - 0.645*yfeed(dairycow,rapeseedcake) - 0.673*yfeed(dairycow,beetpulp) - 0.517*yfeed(dairycow,molasses) - 0.285*yfeed(dairycow,bagasse) + tdns(dairycow) =E= 0 ; (LHS = 7.45058059692383E-9, INFES = 7.45058059692383E-9 ****)
     
tdnsupply(dairyox)..  - 0.813*yfeed(dairyox,rice) - 0.813*yfeed(dairyox,wheat) - 0.741*yfeed(dairyox,barley) - 0.799*yfeed(dairyox,corn) - 0.784*yfeed(dairyox,sorghum) - 0.592*yfeed(dairyox,fodder) - 0.377*yfeed(dairyox,ricestraw) - 0.558*yfeed(dairyox,ricebran) - 0.38*yfeed(dairyox,wheatstraw) - 0.627*yfeed(dairyox,wheatbran) - 0.074*yfeed(dairyox,potatovines) - 0.766*yfeed(dairyox,soybeancake) - 0.645*yfeed(dairyox,rapeseedcake) - 0.673*yfeed(dairyox,beetpulp) - 0.517*yfeed(dairyox,molasses) - 0.285*yfeed(dairyox,bagasse) + tdns(dairyox) =E= 0 ; (LHS = 0)
     
tdnsupply(heifer)..  - 0.813*yfeed(heifer,rice) - 0.813*yfeed(heifer,wheat) - 0.741*yfeed(heifer,barley) - 0.799*yfeed(heifer,corn) - 0.784*yfeed(heifer,sorghum) - 0.592*yfeed(heifer,fodder) - 0.377*yfeed(heifer,ricestraw) - 0.558*yfeed(heifer,ricebran) - 0.38*yfeed(heifer,wheatstraw) - 0.627*yfeed(heifer,wheatbran) - 0.074*yfeed(heifer,potatovines) - 0.766*yfeed(heifer,soybeancake) - 0.645*yfeed(heifer,rapeseedcake) - 0.673*yfeed(heifer,beetpulp) - 0.517*yfeed(heifer,molasses) - 0.285*yfeed(heifer,bagasse) + tdns(heifer) =E= 0 ; (LHS = 0)
     
REMAINING 4 ENTRIES SKIPPED


---- tdnbal  =L=  TDN balance

tdnbal(dairycow)..  tdnd(dairycow) - tdns(dairycow) =L= 0 ; (LHS = 0)
     
tdnbal(dairyox)..  tdnd(dairyox) - tdns(dairyox) =L= 0 ; (LHS = 0)
     
tdnbal(heifer)..  tdnd(heifer) - tdns(heifer) =L= 0 ; (LHS = 0)
     
REMAINING 4 ENTRIES SKIPPED


---- dmsupply  =E=  Feed supply (constant + import + crop byproducts) (dry matter MT)

dmsupply(rice)..  dms(rice) =E= 0 ; (LHS = 0)
     
dmsupply(wheat)..  dms(wheat) =E= 0 ; (LHS = 0)
     
dmsupply(barley)..  dms(barley) =E= 0 ; (LHS = 0)
     
REMAINING 15 ENTRIES SKIPPED


---- distbal  =G=  Feed distribution balance

distbal(rice)..  - yfeed(dairycow,rice) - yfeed(dairyox,rice) - yfeed(heifer,rice) - yfeed(calves,rice) - yfeed(swine,rice) - yfeed(broiler,rice) - yfeed(layinghens,rice) + dms(rice) =G= 0 ; (LHS = 0)
     
distbal(wheat)..  - yfeed(dairycow,wheat) - yfeed(dairyox,wheat) - yfeed(heifer,wheat) - yfeed(calves,wheat) - yfeed(swine,wheat) - yfeed(broiler,wheat) - yfeed(layinghens,wheat) + dms(wheat) =G= 0 ; (LHS = 0)
     
distbal(barley)..  - yfeed(dairycow,barley) - yfeed(dairyox,barley) - yfeed(heifer,barley) - yfeed(calves,barley) - yfeed(swine,barley) - yfeed(broiler,barley) - yfeed(layinghens,barley) + dms(barley) =G= 0 ; (LHS = 0)
     
REMAINING 15 ENTRIES SKIPPED


---- bredbal  =L=  Livestock breeding balance

bredbal(dairycow)..  xlive(dairycow) =L= 2585100 ; (LHS = 2510847.6192838)
     
bredbal(dairyox)..  xlive(dairyox) =L= 713280 ; (LHS = 0)
     
bredbal(heifer)..  xlive(heifer) =L= 186900 ; (LHS = 0)
     
REMAINING 4 ENTRIES SKIPPED


---- nutpet_c  =E=  Potential nutrition supply (grams or kcal/capita)

nutpet_c(rice,calorie)..  - 0.322998314752886*xrlcrop(rice,Hokkaido,paddy_wet) - 0.329458281047943*xrlcrop(rice,Hokkaido,paddy_dry) - 0.322998314752886*xrlcrop(rice,Tohoku_Hokuriku,paddy_wet) - 0.329458281047943*xrlcrop(rice,Tohoku_Hokuriku,paddy_dry) - 0.322998314752886*xrlcrop(rice,Kanto_West,paddy_wet) - 0.329458281047943*xrlcrop(rice,Kanto_West,paddy_dry) - 0.322998314752886*xrlcrop(rice,Okinawa,paddy_wet) - 0.329458281047943*xrlcrop(rice,Okinawa,paddy_dry) + nnpotential_c(rice,calorie) =E= 0 ; (LHS = 0)
     
nutpet_c(rice,protein)..  - 0.00550360256981174*xrlcrop(rice,Hokkaido,paddy_wet) - 0.00561367462120797*xrlcrop(rice,Hokkaido,paddy_dry) - 0.00550360256981174*xrlcrop(rice,Tohoku_Hokuriku,paddy_wet) - 0.00561367462120797*xrlcrop(rice,Tohoku_Hokuriku,paddy_dry) - 0.00550360256981174*xrlcrop(rice,Kanto_West,paddy_wet) - 0.00561367462120797*xrlcrop(rice,Kanto_West,paddy_dry) - 0.00550360256981174*xrlcrop(rice,Okinawa,paddy_wet) - 0.00561367462120797*xrlcrop(rice,Okinawa,paddy_dry) + nnpotential_c(rice,protein) =E= 0 ; (LHS = 0)
     
nutpet_c(rice,fat)..  - 0.000812006936529601*xrlcrop(rice,Hokkaido,paddy_wet) - 0.000828247075260193*xrlcrop(rice,Hokkaido,paddy_dry) - 0.000812006936529601*xrlcrop(rice,Tohoku_Hokuriku,paddy_wet) - 0.000828247075260193*xrlcrop(rice,Tohoku_Hokuriku,paddy_dry) - 0.000812006936529601*xrlcrop(rice,Kanto_West,paddy_wet) - 0.000828247075260193*xrlcrop(rice,Kanto_West,paddy_dry) - 0.000812006936529601*xrlcrop(rice,Okinawa,paddy_wet) - 0.000828247075260193*xrlcrop(rice,Okinawa,paddy_dry) + nnpotential_c(rice,fat) =E= 0 ; (LHS = 0)
     
REMAINING 121 ENTRIES SKIPPED


---- nutpet_f  =E=  

nutpet_f(rice,calorie)..  nnpotential_f(rice,calorie) =E= 0 ; (LHS = 0)
     
nutpet_f(rice,protein)..  nnpotential_f(rice,protein) =E= 0 ; (LHS = 0)
     
nutpet_f(rice,fat)..  nnpotential_f(rice,fat) =E= 0 ; (LHS = 0)
     
REMAINING 121 ENTRIES SKIPPED


---- nutpet_l  =E=  

nutpet_l(beef,calorie)..  - 1.81875114534691E-6*xlive(dairycow) - 1.08460119258662E-5*xlive(dairyox) + nnpotential_l(beef,calorie) =E= 0 ; (LHS = 0)
     
nutpet_l(beef,protein)..  - 1.07394128068418E-7*xlive(dairycow) - 6.40438356164383E-7*xlive(dairyox) + nnpotential_l(beef,protein) =E= 0 ; (LHS = 0)
     
nutpet_l(beef,fat)..  - 1.44034477644702E-7*xlive(dairycow) - 8.58940854149878E-7*xlive(dairyox) + nnpotential_l(beef,fat) =E= 0 ; (LHS = 0)
     
REMAINING 17 ENTRIES SKIPPED


---- caloriebal  =E=  Calorie deficit (kcal/capita)

caloriebal..  5*nnpotential_c(rice,calorie) + 5*nnpotential_c(wheat,calorie) + 5*nnpotential_c(pwheat,calorie) + 5*nnpotential_c(barley,calorie) + 5*nnpotential_c(pbarley,calorie) + 5*nnpotential_c(naked,calorie) + 5*nnpotential_c(corn,calorie) + 5*nnpotential_c(sorghum,calorie) + 5*nnpotential_c(mis_grains,calorie) + 5*nnpotential_c(sweetp,calorie) + 5*nnpotential_c(psweetp,calorie) + 5*nnpotential_c(potato,calorie) + 5*nnpotential_c(ppotato,calorie) + 5*nnpotential_c(soy,calorie) + 5*nnpotential_c(psoy,calorie) + 5*nnpotential_c(mis_beans,calorie) + 5*nnpotential_c(veges,calorie) + 5*nnpotential_c(mandarin,calorie) + 5*nnpotential_c(apple,calorie) + 5*nnpotential_c(mis_fruits,calorie) + 5*nnpotential_c(scane,calorie) + 5*nnpotential_c(sbeat,calorie) + 5*nnpotential_c(rapeseed,calorie) + 5*nnpotential_c(fish,calorie) + 5*nnpotential_c(seaweed,calorie) + 5*nnpotential_c(starch,calorie) + 5*nnpotential_c(sugar,calorie) + 5*nnpotential_c(oil,calorie) + 5*nnpotential_c(miso,calorie) + 5*nnpotential_c(soysource,calorie) + 5*nnpotential_c(mis_foods,calorie) + 5*nnpotential_f(rice,calorie) + 5*nnpotential_f(wheat,calorie) + 5*nnpotential_f(pwheat,calorie) + 5*nnpotential_f(barley,calorie) + 5*nnpotential_f(pbarley,calorie) + 5*nnpotential_f(naked,calorie) + 5*nnpotential_f(corn,calorie) + 5*nnpotential_f(sorghum,calorie) + 5*nnpotential_f(mis_grains,calorie) + 5*nnpotential_f(sweetp,calorie) + 5*nnpotential_f(psweetp,calorie) + 5*nnpotential_f(potato,calorie) + 5*nnpotential_f(ppotato,calorie) + 5*nnpotential_f(soy,calorie) + 5*nnpotential_f(psoy,calorie) + 5*nnpotential_f(mis_beans,calorie) + 5*nnpotential_f(veges,calorie) + 5*nnpotential_f(mandarin,calorie) + 5*nnpotential_f(apple,calorie) + 5*nnpotential_f(mis_fruits,calorie) + 5*nnpotential_f(scane,calorie) + 5*nnpotential_f(sbeat,calorie) + 5*nnpotential_f(rapeseed,calorie) + 5*nnpotential_f(fish,calorie) + 5*nnpotential_f(seaweed,calorie) + 5*nnpotential_f(starch,calorie) + 5*nnpotential_f(sugar,calorie) + 5*nnpotential_f(oil,calorie) + 5*nnpotential_f(miso,calorie) + 5*nnpotential_f(soysource,calorie) + 5*nnpotential_f(mis_foods,calorie) + 31*nnpotential_l(beef,calorie) + 31*nnpotential_l(pork,calorie) + 31*nnpotential_l(chicken,calorie) + 31*nnpotential_l(egg,calorie) + 31*nnpotential_l(milk,calorie) + cdeficit =E= 2157.78551420568 ; (LHS = 2157.78551420569)
     

---- caloriebal_r  =E=  Calorie shortage rate

caloriebal_r..  - 0.00046343809123592*cdeficit + cshortrate =E= 0 ; (LHS = 0)
     

---- dietpet_c  =E=  Potential netfood supply (kcal/capita)

dietpet_c(rice)..  - 0.0902229929477334*xrlcrop(rice,Hokkaido,paddy_wet) - 0.0920274528066881*xrlcrop(rice,Hokkaido,paddy_dry) - 0.0902229929477334*xrlcrop(rice,Tohoku_Hokuriku,paddy_wet) - 0.0920274528066881*xrlcrop(rice,Tohoku_Hokuriku,paddy_dry) - 0.0902229929477334*xrlcrop(rice,Kanto_West,paddy_wet) - 0.0920274528066881*xrlcrop(rice,Kanto_West,paddy_dry) - 0.0902229929477334*xrlcrop(rice,Okinawa,paddy_wet) - 0.0920274528066881*xrlcrop(rice,Okinawa,paddy_dry) + dpotential_c(rice) =E= 0 ; (LHS = 0)
     
dietpet_c(wheat)..  - 0.0618337902397327*xrlcrop(wheat,Hokkaido,field_rain) - 0.0618337902397327*xrlcrop(wheat,Hokkaido,field_irr) - 0.0618337902397327*xrlcrop(wheat,Tohoku_Hokuriku,field_rain) - 0.0618337902397327*xrlcrop(wheat,Tohoku_Hokuriku,field_irr) - 0.0618337902397327*xrlcrop(wheat,Kanto_West,field_rain) - 0.0618337902397327*xrlcrop(wheat,Kanto_West,field_irr) - 0.0618337902397327*xrlcrop(wheat,Okinawa,field_rain) - 0.0618337902397327*xrlcrop(wheat,Okinawa,field_irr) + dpotential_c(wheat) =E= 0 ; (LHS = 0)
     
dietpet_c(pwheat)..  - 0.0661621555565139*xrlcrop(pwheat,Kanto_West,paddy_dry) - 0.0661621555565139*xrlcrop(pwheat,Okinawa,paddy_dry) + dpotential_c(pwheat) =E= 0 ; (LHS = 0)
     
REMAINING 28 ENTRIES SKIPPED


---- dietpet_f  =E=  

dietpet_f(rice)..  dpotential_f(rice) =E= 0 ; (LHS = 0)
     
dietpet_f(wheat)..  dpotential_f(wheat) =E= 0 ; (LHS = 0)
     
dietpet_f(pwheat)..  dpotential_f(pwheat) =E= 0 ; (LHS = 0)
     
REMAINING 28 ENTRIES SKIPPED


---- dietpet_l  =E=  

dietpet_l(beef)..  - 7.89662706385426E-7*xlive(dairycow) - 4.70910556003223E-6*xlive(dairyox) + dpotential_l(beef) =E= 0 ; (LHS = 0)
     
dietpet_l(pork)..  - 1.0774720847243E-6*xlive(swine) + dpotential_l(pork) =E= 0 ; (LHS = 0)
     
dietpet_l(chicken)..  - 2.88005613204185E-8*xlive(broiler) - 1.22827426177559E-8*xlive(layinghens) + dpotential_l(chicken) =E= 0 ; (LHS = 0)
     
REMAINING 2 ENTRIES SKIPPED


---- dietbal  =E=  Net food balance by fgroup (grams/capita)

dietbal(starch)..  dpotential_c(starch) + dpotential_f(starch) + delta(starch) =E= 42.9 ; (LHS = 42.9)
     
dietbal(sugar)..  dpotential_c(sugar) + dpotential_f(sugar) + delta(sugar) =E= 46.6 ; (LHS = 46.6)
     
dietbal(grain)..  dpotential_c(rice) + dpotential_c(wheat) + dpotential_c(pwheat) + dpotential_c(barley) + dpotential_c(pbarley) + dpotential_c(naked) + dpotential_c(mis_grains) + dpotential_f(rice) + dpotential_f(wheat) + dpotential_f(pwheat) + dpotential_f(barley) + dpotential_f(pbarley) + dpotential_f(naked) + dpotential_f(mis_grains) + delta(grain) =E= 316 ; (LHS = 316)
     
REMAINING 5 ENTRIES SKIPPED


---- dietbal_r  =E=  Net food shortage rate by fgroup

dietbal_r..  - (0.0466200466200466)*delta(starch) - (0.0287927064600835)*delta(sugar) - (5.76729955495436E-5)*delta(grain) - (0.00433275563258232)*delta(tuber) + (6.75670641106512E-5)*delta(pulse) - (5.69687967458415E-5)*delta(veget) - (0.00155696243892937)*delta(fruit) - (0.00112398411554094)*delta(other) + deltasumsq =E= 0 ; (LHS = 0)
     

---- adietbal  =E=  

adietbal(meat)..  dpotential_l(beef) + dpotential_l(pork) + dpotential_l(chicken) + adelta(meat) =E= 92.7 ; (LHS = 92.7)
     
adietbal(egg_dairy)..  dpotential_l(egg) + dpotential_l(milk) + adelta(egg_dairy) =E= 303.7 ; (LHS = 303.7)
     

---- adietbal_r  =E=  

adietbal_r..  - (0.00234418604692505)*adelta(meat) - (0.000487889043232452)*adelta(egg_dairy) + adeltasumsq =E= 0 ; (LHS = 0)
     

---- rat  =E=  Objective function evaluated as rate of shortage

rat..  - deltasumsq - adeltasumsq + target =E= 0 ; (LHS = 0)
     
GAMS 32.2.0  rc62c018 Released Aug 26, 2020 WEX-WEI x86 64bit/MS Windows - 02/18/26 01:42:35 Page 33
Food Supply Simulation in Japan applying the SWISSfoodSys Model
Column Listing      SOLVE sol_rat_unlimited Using NLP From line 1177


---- xrlcrop  Cropping area (1000ha)

xrlcrop(rice,Hokkaido,paddy_wet)
                (.LO, .L, .UP, .M = 0, 70.251835, +INF, 0)
        1       link(rice)
        1       landbal(jun,Hokkaido,paddy_wet)
        1       landbal(jul,Hokkaido,paddy_wet)
        1       landbal(aug,Hokkaido,paddy_wet)
        1       landbal(sep,Hokkaido,paddy_wet)
       -0.323   nutpet_c(rice,calorie)
       -0.0055  nutpet_c(rice,protein)
       -0.0008  nutpet_c(rice,fat)
       -0.0734  nutpet_c(rice,carbonhydrate)
       -0.0188  nutpet_f(oil,calorie)
       -0.002   nutpet_f(oil,fat)
       -0.0902  dietpet_c(rice)
       -0.002   dietpet_f(oil)

xrlcrop(rice,Hokkaido,paddy_dry)
                (.LO, .L, .UP, .M = 0, 0, +INF, 0)
        1       link(rice)
        1       landbal(jun,Hokkaido,paddy_dry)
        1       landbal(jul,Hokkaido,paddy_dry)
        1       landbal(aug,Hokkaido,paddy_dry)
        1       landbal(sep,Hokkaido,paddy_dry)
       -0.3295  nutpet_c(rice,calorie)
       -0.0056  nutpet_c(rice,protein)
       -0.0008  nutpet_c(rice,fat)
       -0.0749  nutpet_c(rice,carbonhydrate)
       -0.0192  nutpet_f(oil,calorie)
       -0.0021  nutpet_f(oil,fat)
       -0.092   dietpet_c(rice)
       -0.0021  dietpet_f(oil)

xrlcrop(rice,Tohoku_Hokuriku,paddy_wet)
                (.LO, .L, .UP, .M = 0, 436.732986999908, +INF, 0)
        1       link(rice)
        1       landbal(jun,Tohoku_Hokuriku,paddy_wet)
        1       landbal(jul,Tohoku_Hokuriku,paddy_wet)
        1       landbal(aug,Tohoku_Hokuriku,paddy_wet)
        1       landbal(sep,Tohoku_Hokuriku,paddy_wet)
        1       landbal(oct,Tohoku_Hokuriku,paddy_wet)
       -0.323   nutpet_c(rice,calorie)
       -0.0055  nutpet_c(rice,protein)
       -0.0008  nutpet_c(rice,fat)
       -0.0734  nutpet_c(rice,carbonhydrate)
       -0.0188  nutpet_f(oil,calorie)
       -0.002   nutpet_f(oil,fat)
       -0.0902  dietpet_c(rice)
       -0.002   dietpet_f(oil)

REMAINING 93 ENTRIES SKIPPED

---- xcrop  Cropping area (1000ha)

xcrop(rice)
                (.LO, .L, .UP, .M = 0, 1679.86915955385, +INF, 0)
       -1       link(rice)
       -0.0002  labdemand_c
    -4779.2     dmsupply(ricestraw)
     -342       dmsupply(ricebran)

xcrop(wheat)
                (.LO, .L, .UP, .M = 0, 904.190438329987, +INF, 0)
       -1       link(wheat)
  -3.300000E-5  labdemand_c
    -4686.5     dmsupply(wheatstraw)
     -835.2     dmsupply(wheatbran)

xcrop(pwheat)
                (.LO, .L, .UP, .M = 0, 539.912688, +INF, 0)
       -1       link(pwheat)
  -3.300000E-5  labdemand_c
    -4686.5     dmsupply(wheatstraw)
     -835.2     dmsupply(wheatbran)

REMAINING 28 ENTRIES SKIPPED

---- xlive  Head of animal ls

xlive(dairycow)
                (.LO, .L, .UP, .M = 0, 2510847.6192838, +INF, 0)
  -1.230000E-7  labdemand_l
       -4.0544  tdndemand(dairycow)
        1       bredbal(dairycow)
  -1.818751E-6  nutpet_l(beef,calorie)
  -1.073941E-7  nutpet_l(beef,protein)
  -1.440345E-7  nutpet_l(beef,fat)
  -1.263460E-9  nutpet_l(beef,carbonhydrate)
  -4.520275E-5  nutpet_l(milk,calorie)
  -2.226404E-6  nutpet_l(milk,protein)
  -2.563738E-6  nutpet_l(milk,fat)
  -2.968539E-6  nutpet_l(milk,carbonhydrate)
  -7.896627E-7  dietpet_l(beef)
  -8.433348E-5  dietpet_l(milk)

xlive(dairyox)
                (.LO, .L, .UP, .M = 0, 0, +INF, EPS)
  -4.400000E-8  labdemand_l
       -3.2435  tdndemand(dairyox)
        1       bredbal(dairyox)
  -1.084601E-5  nutpet_l(beef,calorie)
  -6.404384E-7  nutpet_l(beef,protein)
  -8.589409E-7  nutpet_l(beef,fat)
  -7.534569E-9  nutpet_l(beef,carbonhydrate)
  -4.709106E-6  dietpet_l(beef)

xlive(heifer)
                (.LO, .L, .UP, .M = 0, 0, +INF, EPS)
  -4.400000E-8  labdemand_l
       -2.6354  tdndemand(heifer)
        1       bredbal(heifer)

REMAINING 4 ENTRIES SKIPPED

---- yfeed  Distribution of feed j to animal ls (MT)

yfeed(dairycow,rice)
                (.LO, .L, .UP, .M = 0, 0, +INF, 0)
       -0.813   tdnsupply(dairycow)
       -1       distbal(rice)

yfeed(dairycow,wheat)
                (.LO, .L, .UP, .M = 0, 0, +INF, 0)
       -0.813   tdnsupply(dairycow)
       -1       distbal(wheat)

yfeed(dairycow,barley)
                (.LO, .L, .UP, .M = 0, 0, +INF, 0)
       -0.741   tdnsupply(dairycow)
       -1       distbal(barley)

REMAINING 123 ENTRIES SKIPPED

---- labd_c  Labor demand by crop      (bil. h)

labd_c
                (.LO, .L, .UP, .M = -INF, 1.29573927734373, +INF, 0)
        1       labdemand_c
        1       labbal


---- labd_ls  Labor demand by livestock (bil. h)

labd_ls
                (.LO, .L, .UP, .M = -INF, 0.309942477989367, +INF, 0)
        1       labdemand_l
        1       labbal


---- tdnd  TDN demand by livestock (MT)

tdnd(dairycow)
                (.LO, .L, .UP, .M = -INF, 10179980.5876242, +INF, 0)
        1       tdndemand(dairycow)
        1       tdnbal(dairycow)

tdnd(dairyox)
                (.LO, .L, .UP, .M = -INF, 0, +INF, 0)
        1       tdndemand(dairyox)
        1       tdnbal(dairyox)

tdnd(heifer)
                (.LO, .L, .UP, .M = -INF, 0, +INF, 0)
        1       tdndemand(heifer)
        1       tdnbal(heifer)

REMAINING 4 ENTRIES SKIPPED

---- tdns  TDN supply to livestock (MT)

tdns(dairycow)
                (.LO, .L, .UP, .M = -INF, 10179980.5876242, +INF, 0)
        1       tdnsupply(dairycow)
       -1       tdnbal(dairycow)

tdns(dairyox)
                (.LO, .L, .UP, .M = -INF, 0, +INF, 0)
        1       tdnsupply(dairyox)
       -1       tdnbal(dairyox)

tdns(heifer)
                (.LO, .L, .UP, .M = -INF, 0, +INF, 0)
        1       tdnsupply(heifer)
       -1       tdnbal(heifer)

REMAINING 4 ENTRIES SKIPPED

---- dms  DM supply               (MT)

dms(rice)
                (.LO, .L, .UP, .M = -INF, 0, +INF, 0)
        1       dmsupply(rice)
        1       distbal(rice)

dms(wheat)
                (.LO, .L, .UP, .M = -INF, 0, +INF, 0)
        1       dmsupply(wheat)
        1       distbal(wheat)

dms(barley)
                (.LO, .L, .UP, .M = -INF, 0, +INF, 0)
        1       dmsupply(barley)
        1       distbal(barley)

REMAINING 15 ENTRIES SKIPPED

---- nnpotential_c  Potential nutrition intake from crops (kcal or grams/capita)

nnpotential_c(rice,calorie)
                (.LO, .L, .UP, .M = -INF, 545.524902939035, +INF, 0)
        1       nutpet_c(rice,calorie)
        5       caloriebal

nnpotential_c(rice,protein)
                (.LO, .L, .UP, .M = -INF, 9.29525672605619, +INF, 0)
        1       nutpet_c(rice,protein)

nnpotential_c(rice,fat)
                (.LO, .L, .UP, .M = -INF, 1.3714313202378, +INF, 0)
        1       nutpet_c(rice,fat)

REMAINING 121 ENTRIES SKIPPED

---- nnpotential_f  Potential nutrition intake from processed foods (kcal or grams/capita)

nnpotential_f(rice,calorie)
                (.LO, .L, .UP, .M = -INF, 0, +INF, 0)
        1       nutpet_f(rice,calorie)
        5       caloriebal

nnpotential_f(rice,protein)
                (.LO, .L, .UP, .M = -INF, 0, +INF, 0)
        1       nutpet_f(rice,protein)

nnpotential_f(rice,fat)
                (.LO, .L, .UP, .M = -INF, 0, +INF, 0)
        1       nutpet_f(rice,fat)

REMAINING 121 ENTRIES SKIPPED

---- nnpotential_l  Potential nutrition intake from animal products (kcal or grams/capita)

nnpotential_l(beef,calorie)
                (.LO, .L, .UP, .M = -INF, 4.56660698336398, +INF, 0)
        1       nutpet_l(beef,calorie)
       31       caloriebal

nnpotential_l(beef,protein)
                (.LO, .L, .UP, .M = -INF, 0.269650290785646, +INF, 0)
        1       nutpet_l(beef,protein)

nnpotential_l(beef,fat)
                (.LO, .L, .UP, .M = -INF, 0.361648625288985, +INF, 0)
        1       nutpet_l(beef,fat)

REMAINING 17 ENTRIES SKIPPED

---- cdeficit  Calorie deficit (kcal/capita)

cdeficit
                (.LO, .L, .UP, .M = -INF, -7976.72553639123, +INF, 0)
        1       caloriebal
       -0.0005  caloriebal_r


---- cshortrate  Calorie shortage rate

cshortrate
                (.LO, .L, .UP, .M = -INF, -3.69671845689797, +INF, 0)
        1       caloriebal_r


---- dpotential_c  Potential netfood intake from crops (grams/capita)

dpotential_c(rice)
                (.LO, .L, .UP, .M = -INF, 152.3812578042, +INF, 0)
        1       dietpet_c(rice)
        1       dietbal(grain)

dpotential_c(wheat)
                (.LO, .L, .UP, .M = -INF, 55.9095219004683, +INF, 0)
        1       dietpet_c(wheat)
        1       dietbal(grain)

dpotential_c(pwheat)
                (.LO, .L, .UP, .M = -INF, 35.7217872503916, +INF, 0)
        1       dietpet_c(pwheat)
        1       dietbal(grain)

REMAINING 28 ENTRIES SKIPPED

---- dpotential_f  Potential netfood intake from processed foods (grams/capita)

dpotential_f(rice)
                (.LO, .L, .UP, .M = -INF, 0, +INF, 0)
        1       dietpet_f(rice)
        1       dietbal(grain)

dpotential_f(wheat)
                (.LO, .L, .UP, .M = -INF, 0, +INF, 0)
        1       dietpet_f(wheat)
        1       dietbal(grain)

dpotential_f(pwheat)
                (.LO, .L, .UP, .M = -INF, 0, +INF, 0)
        1       dietpet_f(pwheat)
        1       dietbal(grain)

REMAINING 28 ENTRIES SKIPPED

---- dpotential_l  Potential netfood intake from animal products (grams/capita)

dpotential_l(beef)
                (.LO, .L, .UP, .M = -INF, 1.98272272636505, +INF, 0)
        1       dietpet_l(beef)
        1       adietbal(meat)

dpotential_l(pork)
                (.LO, .L, .UP, .M = -INF, 0, +INF, 0)
        1       dietpet_l(pork)
        1       adietbal(meat)

dpotential_l(chicken)
                (.LO, .L, .UP, .M = -INF, 0.0680599553225206, +INF, 0)
        1       dietpet_l(chicken)
        1       adietbal(meat)

REMAINING 2 ENTRIES SKIPPED

---- delta  Net food intake change (grams/capita)

delta(starch)
                (.LO, .L, .UP, .M = -INF, 42.9, +INF, 0)
        1       dietbal(starch)
      (-0.0466) dietbal_r

delta(sugar)
                (.LO, .L, .UP, .M = -INF, 31.2625448202294, +INF, 0)
        1       dietbal(sugar)
      (-0.0288) dietbal_r

delta(grain)
                (.LO, .L, .UP, .M = -INF, 71.9874330449403, +INF, 0)
        1       dietbal(grain)
 (-5.767300E-5) dietbal_r

REMAINING 5 ENTRIES SKIPPED

---- deltasumsq  Sum of squared net food intake change rate (crop group)

deltasumsq
                (.LO, .L, .UP, .M = -INF, 1.75949896237532, +INF, 0)
        1       dietbal_r
       -1       rat


---- adelta  Net food intake change (grams/capita)

adelta(meat)
                (.LO, .L, .UP, .M = -INF, 90.6492173183124, +INF, 0)
        1       adietbal(meat)
      (-0.0023) adietbal_r

adelta(egg_dairy)
                (.LO, .L, .UP, .M = -INF, 89.9996135357971, +INF, 0)
        1       adietbal(egg_dairy)
      (-0.0005) adietbal_r


---- adeltasumsq  Sum of squared net food intake change rate (animal product group)

adeltasumsq
                (.LO, .L, .UP, .M = -INF, 0.128204227870767, +INF, 0)
        1       adietbal_r
       -1       rat


---- target  Weighted average of calorie deficit and net food balance

target
                (.LO, .L, .UP, .M = -INF, 1.88770319024609, +INF, 0)
        1       rat

GAMS 32.2.0  rc62c018 Released Aug 26, 2020 WEX-WEI x86 64bit/MS Windows - 02/18/26 01:42:35 Page 34
Food Supply Simulation in Japan applying the SWISSfoodSys Model
Model Statistics    SOLVE sol_rat_unlimited Using NLP From line 1177


LOOPS                              pattern   combination


MODEL STATISTICS

BLOCKS OF EQUATIONS          26     SINGLE EQUATIONS          665
BLOCKS OF VARIABLES          22     SINGLE VARIABLES          644
NON ZERO ELEMENTS         2,294     NON LINEAR N-Z             10
DERIVATIVE POOL              20     CONSTANT POOL              26
CODE LENGTH                  44


GENERATION TIME      =        0.000 SECONDS      5 MB  32.2.0 rc62c018 WEX-WEI
               L O O P S            pattern combination

GAMS 32.2.0  rc62c018 Released Aug 26, 2020 WEX-WEI x86 64bit/MS Windows - 02/18/26 01:42:35 Page 35
Food Supply Simulation in Japan applying the SWISSfoodSys Model
Solution Report     SOLVE sol_rat_unlimited Using NLP From line 1177


               S O L V E      S U M M A R Y

     MODEL   sol_rat_unlimited   OBJECTIVE  target
     TYPE    NLP                 DIRECTION  MINIMIZE
     SOLVER  CONOPT              FROM LINE  1177

**** SOLVER STATUS     1 Normal Completion         
**** MODEL STATUS      2 Locally Optimal           
**** OBJECTIVE VALUE                1.2908

 RESOURCE USAGE, LIMIT          0.000 10000000000.000
 ITERATION COUNT, LIMIT        26    2147483647
 EVALUATION ERRORS              0             0
CONOPT 3         32.2.0 rc62c018 Released Aug 26, 2020 WEI x86 64bit/MS Window
*** This solver runs with a community license.
 
 
    C O N O P T 3   version 3.17L
    Copyright (C)   ARKI Consulting and Development A/S
                    Bagsvaerdvej 246 A
                    DK-2880 Bagsvaerd, Denmark
 
 
    The model has 644 variables and 665 constraints
    with 2294 Jacobian elements, 10 of which are nonlinear.
    The Hessian of the Lagrangian has 10 elements on the diagonal,
    0 elements below the diagonal, and 10 nonlinear variables.
 
                   Pre-triangular equations:   249
                   Post-triangular equations:  130
                   Definitional equations:     42
 
 
 ** Optimal solution. Reduced gradient less than tolerance.
 
 
 CONOPT time Total                            0.003 seconds
   of which: Function evaluations             0.000 =  0.0%
             1st Derivative evaluations       0.000 =  0.0%
             2nd Derivative evaluations       0.000 =  0.0%
             Directional 2nd Derivative       0.000 =  0.0%
 

---- EQU link  xrlcrop to xcrop link by summation

                  LOWER          LEVEL          UPPER         MARGINAL

rice                .              .              .       2.2684105E-5      
wheat               .              .              .       2.6235363E-5      
pwheat              .              .              .       2.6235363E-5      
barley              .              .              .             EPS         
pbarley             .              .              .             EPS         
naked               .              .              .             EPS         
corn                .              .              .             EPS         
sorghum             .              .              .             EPS         
mis_grains          .              .              .             EPS         
sweetp              .              .              .       6.4614983E-6      
psweetp             .              .              .             0.0010      
potato              .              .              .       6.4614983E-6      
ppotato             .              .              .       6.4614983E-6      
soy                 .              .              .       9.2086388E-6      
psoy                .              .              .       9.2086388E-6      
mis_beans           .              .              .             EPS         
veges               .              .              .             EPS         
mandarin            .              .              .            -0.0004      
apple               .              .              .            -0.0005      
mis_fruits          .              .              .            -0.0002      
scane               .              .              .            -0.0034      
sbeat               .              .              .            -0.0060      
rapeseed            .              .              .       5.4201432E-6      
fish                .              .              .             EPS         
seaweed             .              .              .             EPS         
starch              .              .              .             EPS         
sugar               .              .              .             EPS         
oil                 .              .              .             EPS         
miso                .              .              .             EPS         
soysource           .              .              .             EPS         
mis_foods           .              .              .             EPS         

---- EQU landbal  Monthly land balance on each land type (1000ha)

                                      LOWER          LEVEL          UPPER         MARGINAL

jan.Hokkaido       .field_rain        -INF          136.2048       191.6048          .          
jan.Hokkaido       .field_irr         -INF             .           227.0952          .          
jan.Hokkaido       .orchard           -INF            3.0500         3.0500         EPS         
jan.Tohoku_Hokuriku.paddy_dry         -INF          424.3040       424.3040          .          
jan.Tohoku_Hokuriku.field_rain        -INF          179.0726       179.0726          .          
jan.Tohoku_Hokuriku.field_irr         -INF           31.6274        31.6274          .          
jan.Tohoku_Hokuriku.orchard           -INF           49.2500        49.2500         EPS         
jan.Kanto_West     .paddy_dry         -INF          539.5510       539.5510   -3.118511E-5      
jan.Kanto_West     .field_rain        -INF          346.0379       346.0379   -3.086129E-5      
jan.Kanto_West     .field_irr         -INF          209.0291       209.0291   -3.086129E-5      
jan.Kanto_West     .orchard           -INF          111.8680       199.4000          .          
jan.Okinawa        .paddy_dry         -INF            0.3617         0.3617   -3.118511E-5      
jan.Okinawa        .field_rain        -INF           11.2300        11.2300   -3.086129E-5      
jan.Okinawa        .field_irr         -INF           22.4040        22.4040   -3.086129E-5      
jan.Okinawa        .orchard           -INF            1.8800         1.8800         EPS         
feb.Hokkaido       .field_rain        -INF          136.2048       191.6048          .          
feb.Hokkaido       .field_irr         -INF             .           227.0952          .          
feb.Hokkaido       .orchard           -INF            3.0500         3.0500          .          
feb.Tohoku_Hokuriku.paddy_dry         -INF          424.3040       424.3040          .          
feb.Tohoku_Hokuriku.field_rain        -INF          179.0726       179.0726   -3.086129E-5      
feb.Tohoku_Hokuriku.field_irr         -INF           31.6274        31.6274   -3.086129E-5      
feb.Tohoku_Hokuriku.orchard           -INF           49.2500        49.2500          .          
feb.Kanto_West     .paddy_dry         -INF          539.5510       539.5510          .          
feb.Kanto_West     .field_rain        -INF          346.0379       346.0379          .          
feb.Kanto_West     .field_irr         -INF          209.0291       209.0291          .          
feb.Kanto_West     .orchard           -INF          111.8680       199.4000          .          
feb.Okinawa        .paddy_dry         -INF            0.3617         0.3617          .          
feb.Okinawa        .field_rain        -INF           11.2300        11.2300          .          
feb.Okinawa        .field_irr         -INF           22.4040        22.4040          .          
feb.Okinawa        .orchard           -INF            1.8800         1.8800          .          
mar.Hokkaido       .field_rain        -INF          136.2048       191.6048          .          
mar.Hokkaido       .field_irr         -INF             .           227.0952          .          
mar.Hokkaido       .orchard           -INF            3.0500         3.0500          .          
mar.Tohoku_Hokuriku.paddy_dry         -INF          424.3040       424.3040          .          
mar.Tohoku_Hokuriku.field_rain        -INF          179.0726       179.0726          .          
mar.Tohoku_Hokuriku.field_irr         -INF           31.6274        31.6274          .          
mar.Tohoku_Hokuriku.orchard           -INF           49.2500        49.2500          .          
mar.Kanto_West     .paddy_dry         -INF          539.5510       539.5510          .          
mar.Kanto_West     .field_rain        -INF          346.0379       346.0379          .          
mar.Kanto_West     .field_irr         -INF          209.0291       209.0291          .          
mar.Kanto_West     .orchard           -INF          111.8680       199.4000          .          
mar.Okinawa        .paddy_dry         -INF            0.3617         0.3617          .          
mar.Okinawa        .field_rain        -INF           11.2300        11.2300          .          
mar.Okinawa        .field_irr         -INF           22.4040        22.4040          .          
mar.Okinawa        .orchard           -INF            1.8800         1.8800          .          
apr.Hokkaido       .paddy_dry         -INF          118.5535       151.3442          .          
apr.Hokkaido       .field_rain        -INF          136.2048       191.6048          .          
apr.Hokkaido       .field_irr         -INF          119.6179       227.0952          .          
apr.Hokkaido       .orchard           -INF            3.0500         3.0500          .          
apr.Tohoku_Hokuriku.paddy_dry         -INF          424.3040       424.3040          .          
apr.Tohoku_Hokuriku.field_rain        -INF          179.0726       179.0726          .          
apr.Tohoku_Hokuriku.field_irr         -INF           31.6274        31.6274          .          
apr.Tohoku_Hokuriku.orchard           -INF           49.2500        49.2500          .          
apr.Kanto_West     .paddy_dry         -INF          539.5510       539.5510          .          
apr.Kanto_West     .field_rain        -INF          346.0379       346.0379          .          
apr.Kanto_West     .field_irr         -INF          209.0291       209.0291          .          
apr.Kanto_West     .orchard           -INF          111.8680       199.4000          .          
apr.Okinawa        .paddy_dry         -INF            0.3617         0.3617          .          
apr.Okinawa        .field_rain        -INF           11.2300        11.2300          .          
apr.Okinawa        .field_irr         -INF           22.4040        22.4040          .          
apr.Okinawa        .orchard           -INF            1.8800         1.8800          .          
may.Hokkaido       .paddy_dry         -INF          151.3442       151.3442         EPS         
may.Hokkaido       .field_rain        -INF          191.6048       191.6048   -3.086129E-5      
may.Hokkaido       .field_irr         -INF          227.0952       227.0952   -3.196929E-5      
may.Hokkaido       .orchard           -INF            3.0500         3.0500          .          
may.Hokkaido       .pasture           -INF             .           498.1000          .          
may.Tohoku_Hokuriku.paddy_dry         -INF          424.3040       424.3040          .          
may.Tohoku_Hokuriku.field_rain        -INF          179.0726       179.0726          .          
may.Tohoku_Hokuriku.field_irr         -INF           31.6274        31.6274          .          
may.Tohoku_Hokuriku.orchard           -INF           49.2500        49.2500          .          
may.Kanto_West     .paddy_dry         -INF          539.5510       539.5510          .          
may.Kanto_West     .field_rain        -INF          346.0379       346.0379          .          
may.Kanto_West     .field_irr         -INF          209.0291       209.0291          .          
may.Kanto_West     .orchard           -INF          111.8680       199.4000          .          
may.Okinawa        .paddy_dry         -INF            0.3617         0.3617          .          
may.Okinawa        .field_rain        -INF           11.2300        11.2300          .          
may.Okinawa        .field_irr         -INF           22.4040        22.4040          .          
may.Okinawa        .orchard           -INF            1.8800         1.8800          .          
jun.Hokkaido       .paddy_wet         -INF           70.2518        70.2518   -3.178722E-5      
jun.Hokkaido       .paddy_dry         -INF          151.3442       151.3442   -3.196929E-5      
jun.Hokkaido       .field_rain        -INF          191.6048       191.6048          .          
jun.Hokkaido       .field_irr         -INF          227.0952       227.0952          .          
jun.Hokkaido       .orchard           -INF            3.0500         3.0500          .          
jun.Hokkaido       .pasture           -INF             .           498.1000          .          
jun.Tohoku_Hokuriku.paddy_wet         -INF          436.7330       436.7330   -3.178722E-5      
jun.Tohoku_Hokuriku.paddy_dry         -INF          424.3040       424.3040   -3.487326E-5      
jun.Tohoku_Hokuriku.field_rain        -INF          179.0726       179.0726   -3.028331E-5      
jun.Tohoku_Hokuriku.field_irr         -INF           31.6274        31.6274   -3.196929E-5      
jun.Tohoku_Hokuriku.orchard           -INF           49.2500        49.2500          .          
jun.Kanto_West     .paddy_wet         -INF          718.9330       718.9330          .          
jun.Kanto_West     .paddy_dry         -INF          539.5510       539.5510          .          
jun.Kanto_West     .field_rain        -INF          346.0379       346.0379   -3.028331E-5      
jun.Kanto_West     .field_irr         -INF          209.0291       209.0291   -3.196929E-5      
jun.Kanto_West     .orchard           -INF          111.8680       199.4000          .          
jun.Okinawa        .paddy_wet         -INF            0.3893         0.3893   -3.178722E-5      
jun.Okinawa        .paddy_dry         -INF            0.3617         0.3617   -3.196929E-5      
jun.Okinawa        .field_rain        -INF            8.6670        11.2300         EPS         
jun.Okinawa        .field_irr         -INF           22.4040        22.4040        -0.0011      
jun.Okinawa        .orchard           -INF            1.8800         1.8800          .          
jul.Hokkaido       .paddy_wet         -INF           70.2518        70.2518          .          
jul.Hokkaido       .paddy_dry         -INF          151.3442       151.3442          .          
jul.Hokkaido       .field_rain        -INF          191.6048       191.6048          .          
jul.Hokkaido       .field_irr         -INF          227.0952       227.0952          .          
jul.Hokkaido       .orchard           -INF            3.0500         3.0500          .          
jul.Hokkaido       .pasture           -INF             .           498.1000          .          
jul.Tohoku_Hokuriku.paddy_wet         -INF          436.7330       436.7330          .          
jul.Tohoku_Hokuriku.paddy_dry         -INF          424.3040       424.3040          .          
jul.Tohoku_Hokuriku.field_rain        -INF          179.0726       179.0726          .          
jul.Tohoku_Hokuriku.field_irr         -INF           31.6274        31.6274          .          
jul.Tohoku_Hokuriku.orchard           -INF           49.2500        49.2500          .          
jul.Kanto_West     .paddy_wet         -INF          718.9330       718.9330          .          
jul.Kanto_West     .paddy_dry         -INF          539.5510       539.5510   -3.196929E-5      
jul.Kanto_West     .field_rain        -INF          346.0379       346.0379          .          
jul.Kanto_West     .field_irr         -INF          209.0291       209.0291          .          
jul.Kanto_West     .orchard           -INF          111.8680       199.4000          .          
jul.Okinawa        .paddy_wet         -INF            0.3893         0.3893          .          
jul.Okinawa        .paddy_dry         -INF            0.3617         0.3617          .          
jul.Okinawa        .field_rain        -INF            8.6670        11.2300          .          
jul.Okinawa        .field_irr         -INF           22.4040        22.4040          .          
jul.Okinawa        .orchard           -INF            1.8800         1.8800          .          
aug.Hokkaido       .paddy_wet         -INF           70.2518        70.2518          .          
aug.Hokkaido       .paddy_dry         -INF          151.3442       151.3442          .          
aug.Hokkaido       .field_rain        -INF           55.4000       191.6048          .          
aug.Hokkaido       .field_irr         -INF          227.0952       227.0952          .          
aug.Hokkaido       .orchard           -INF            3.0500         3.0500          .          
aug.Hokkaido       .pasture           -INF             .           498.1000          .          
aug.Tohoku_Hokuriku.paddy_wet         -INF          436.7330       436.7330          .          
aug.Tohoku_Hokuriku.paddy_dry         -INF          424.3040       424.3040          .          
aug.Tohoku_Hokuriku.field_rain        -INF          179.0726       179.0726          .          
aug.Tohoku_Hokuriku.field_irr         -INF           31.6274        31.6274          .          
aug.Tohoku_Hokuriku.orchard           -INF           49.2500        49.2500          .          
aug.Kanto_West     .paddy_wet         -INF          718.9330       718.9330          .          
aug.Kanto_West     .paddy_dry         -INF          539.5510       539.5510          .          
aug.Kanto_West     .field_rain        -INF          346.0379       346.0379          .          
aug.Kanto_West     .field_irr         -INF          209.0291       209.0291          .          
aug.Kanto_West     .orchard           -INF          111.8680       199.4000          .          
aug.Okinawa        .paddy_wet         -INF            0.3893         0.3893          .          
aug.Okinawa        .paddy_dry         -INF            0.3617         0.3617          .          
aug.Okinawa        .field_rain        -INF            8.6670        11.2300          .          
aug.Okinawa        .field_irr         -INF           22.4040        22.4040          .          
aug.Okinawa        .orchard           -INF            1.8800         1.8800          .          
sep.Hokkaido       .paddy_wet         -INF           70.2518        70.2518          .          
sep.Hokkaido       .paddy_dry         -INF          151.3442       151.3442          .          
sep.Hokkaido       .field_rain        -INF          191.6048       191.6048          .          
sep.Hokkaido       .field_irr         -INF          227.0952       227.0952          .          
sep.Hokkaido       .orchard           -INF            3.0500         3.0500          .          
sep.Hokkaido       .pasture           -INF             .           498.1000          .          
sep.Tohoku_Hokuriku.paddy_wet         -INF          436.7330       436.7330          .          
sep.Tohoku_Hokuriku.paddy_dry         -INF          424.3040       424.3040          .          
sep.Tohoku_Hokuriku.field_rain        -INF          179.0726       179.0726          .          
sep.Tohoku_Hokuriku.field_irr         -INF           31.6274        31.6274          .          
sep.Tohoku_Hokuriku.orchard           -INF           49.2500        49.2500          .          
sep.Kanto_West     .paddy_wet         -INF          718.9330       718.9330          .          
sep.Kanto_West     .paddy_dry         -INF          539.5510       539.5510          .          
sep.Kanto_West     .field_rain        -INF          346.0379       346.0379          .          
sep.Kanto_West     .field_irr         -INF          209.0291       209.0291          .          
sep.Kanto_West     .orchard           -INF          111.8680       199.4000          .          
sep.Okinawa        .paddy_wet         -INF            0.3893         0.3893          .          
sep.Okinawa        .paddy_dry         -INF            0.3617         0.3617          .          
sep.Okinawa        .field_rain        -INF            8.6670        11.2300          .          
sep.Okinawa        .field_irr         -INF           22.4040        22.4040          .          
sep.Okinawa        .orchard           -INF            1.8800         1.8800          .          
oct.Hokkaido       .paddy_dry         -INF          151.3442       151.3442          .          
oct.Hokkaido       .field_rain        -INF          191.6048       191.6048          .          
oct.Hokkaido       .field_irr         -INF          227.0952       227.0952          .          
oct.Hokkaido       .orchard           -INF            3.0500         3.0500          .          
oct.Hokkaido       .pasture           -INF             .           498.1000          .          
oct.Tohoku_Hokuriku.paddy_wet         -INF          436.7330       436.7330          .          
oct.Tohoku_Hokuriku.paddy_dry         -INF          424.3040       424.3040          .          
oct.Tohoku_Hokuriku.field_rain        -INF          179.0726       179.0726          .          
oct.Tohoku_Hokuriku.field_irr         -INF           31.6274        31.6274          .          
oct.Tohoku_Hokuriku.orchard           -INF           49.2500        49.2500          .          
oct.Kanto_West     .paddy_wet         -INF          718.9330       718.9330   -3.178722E-5      
oct.Kanto_West     .paddy_dry         -INF          539.5510       539.5510          .          
oct.Kanto_West     .field_rain        -INF          346.0379       346.0379          .          
oct.Kanto_West     .field_irr         -INF          209.0291       209.0291          .          
oct.Kanto_West     .orchard           -INF          111.8680       199.4000          .          
oct.Okinawa        .paddy_wet         -INF            0.3893         0.3893          .          
oct.Okinawa        .paddy_dry         -INF            0.3617         0.3617          .          
oct.Okinawa        .field_rain        -INF            8.6670        11.2300          .          
oct.Okinawa        .field_irr         -INF           22.4040        22.4040          .          
oct.Okinawa        .orchard           -INF            1.8800         1.8800          .          
nov.Hokkaido       .field_rain        -INF          136.2048       191.6048          .          
nov.Hokkaido       .field_irr         -INF             .           227.0952          .          
nov.Hokkaido       .orchard           -INF            3.0500         3.0500          .          
nov.Tohoku_Hokuriku.paddy_dry         -INF          424.3040       424.3040          .          
nov.Tohoku_Hokuriku.field_rain        -INF          179.0726       179.0726          .          
nov.Tohoku_Hokuriku.field_irr         -INF           31.6274        31.6274          .          
nov.Tohoku_Hokuriku.orchard           -INF           49.2500        49.2500          .          
nov.Kanto_West     .paddy_dry         -INF          539.5510       539.5510          .          
nov.Kanto_West     .field_rain        -INF          346.0379       346.0379          .          
nov.Kanto_West     .field_irr         -INF          209.0291       209.0291          .          
nov.Kanto_West     .orchard           -INF          111.8680       199.4000          .          
nov.Okinawa        .paddy_dry         -INF            0.3617         0.3617          .          
nov.Okinawa        .field_rain        -INF           11.2300        11.2300          .          
nov.Okinawa        .field_irr         -INF           22.4040        22.4040          .          
nov.Okinawa        .orchard           -INF            1.8800         1.8800          .          
dec.Hokkaido       .field_rain        -INF          136.2048       191.6048          .          
dec.Hokkaido       .field_irr         -INF             .           227.0952          .          
dec.Hokkaido       .orchard           -INF            3.0500         3.0500          .          
dec.Tohoku_Hokuriku.paddy_dry         -INF          424.3040       424.3040          .          
dec.Tohoku_Hokuriku.field_rain        -INF          179.0726       179.0726          .          
dec.Tohoku_Hokuriku.field_irr         -INF           31.6274        31.6274          .          
dec.Tohoku_Hokuriku.orchard           -INF           49.2500        49.2500          .          
dec.Kanto_West     .paddy_dry         -INF          539.5510       539.5510          .          
dec.Kanto_West     .field_rain        -INF          346.0379       346.0379          .          
dec.Kanto_West     .field_irr         -INF          209.0291       209.0291          .          
dec.Kanto_West     .orchard           -INF          111.8680       199.4000          .          
dec.Okinawa        .paddy_dry         -INF            0.3617         0.3617          .          
dec.Okinawa        .field_rain        -INF           11.2300        11.2300          .          
dec.Okinawa        .field_irr         -INF           22.4040        22.4040          .          
dec.Okinawa        .orchard           -INF            1.8800         1.8800          .          

---- EQU areamax_o  Area upper bound on orchard       (1000ha)

                  LOWER          LEVEL          UPPER         MARGINAL

mandarin          -INF           36.2000        36.2000        -0.0004      
apple             -INF           35.1000        35.1000        -0.0005      
mis_fruits        -INF           94.7480        94.7480        -0.0002      

---- EQU areamax_l  Area upper bound on local crops   (1000ha)

             LOWER          LEVEL          UPPER         MARGINAL

scane        -INF           23.2000        23.2000        -0.0035      
sbeat        -INF           55.4000        55.4000        -0.0060      

                           LOWER          LEVEL          UPPER         MARGINAL

---- EQU labdemand~          .              .              .             EPS         
---- EQU labdemand~          .              .              .             EPS         
---- EQU labbal            -INF            1.5700         2.9600          .          

  labdemand_c  Total labor demand by crop      (bil. hour)
  labdemand_l  Total labor demand by livestock (bil. hour)
  labbal  Total labor balance             (bil. hour)

---- EQU tdndemand  TDN demand by animal ls

                  LOWER          LEVEL          UPPER         MARGINAL

dairycow            .              .              .       1.1384206E-8      
dairyox             .              .              .             EPS         
heifer              .              .              .             EPS         
calves              .              .              .             EPS         
swine               .              .              .             EPS         
broiler             .              .              .             EPS         
layinghens          .              .              .       8.4866897E-9      

---- EQU tdnsupply  TDN supply for animal ls by feed fe

                  LOWER          LEVEL          UPPER         MARGINAL

dairycow            .              .              .       -1.138421E-8      
dairyox             .              .              .             EPS         
heifer              .              .              .             EPS         
calves              .              .              .             EPS         
swine               .              .              .             EPS         
broiler             .              .              .             EPS         
layinghens          .              .              .       -8.486690E-9      

---- EQU tdnbal  TDN balance

                  LOWER          LEVEL          UPPER         MARGINAL

dairycow          -INF             .              .       -1.138421E-8      
dairyox           -INF             .              .             EPS         
heifer            -INF             .              .             EPS         
calves            -INF             .              .             EPS         
swine             -INF             .              .             EPS         
broiler           -INF             .              .             EPS         
layinghens        -INF             .              .       -8.486690E-9      

---- EQU dmsupply  Feed supply (constant + import + crop byproducts) (dry matter MT)

                    LOWER          LEVEL          UPPER         MARGINAL

rice                  .              .              .             EPS         
wheat                 .              .              .             EPS         
barley                .              .              .             EPS         
corn                  .              .              .             EPS         
sorghum               .              .              .             EPS         
fodder         4030620.0000   4030620.0000   4030620.0000         EPS         
ricestraw             .              .              .       -4.291846E-9      
ricebran              .              .              .       -6.352387E-9      
wheatstraw            .              .              .       -4.325998E-9      
wheatbran             .              .              .       -7.137897E-9      
potatovines           .              .              .       -8.42431E-10      
soybeancake           .              .              .       -8.720302E-9      
rapeseedcake          .              .              .             EPS         
beetpulp              .              .              .       -7.661571E-9      
molasses              .              .              .       -5.885635E-9      
bagasse               .              .              .       -3.244499E-9      
meatbonemeal    164387.0000    164387.0000    164387.0000         EPS         
fishmeal         55615.0000     55615.0000     55615.0000         EPS         

---- EQU distbal  Feed distribution balance

                    LOWER          LEVEL          UPPER         MARGINAL

rice                  .              .            +INF            EPS         
wheat                 .              .            +INF            EPS         
barley                .              .            +INF            EPS         
corn                  .              .            +INF            EPS         
sorghum               .              .            +INF            EPS         
fodder                .              .            +INF      6.7394500E-9      
ricestraw             .              .            +INF      4.2918457E-9      
ricebran              .              .            +INF      6.3523870E-9      
wheatstraw            .              .            +INF      4.3259983E-9      
wheatbran             .              .            +INF      7.1378972E-9      
potatovines           .              .            +INF      8.424313E-10      
soybeancake           .              .            +INF      8.7203019E-9      
rapeseedcake          .              .            +INF            EPS         
beetpulp              .              .            +INF      7.6615707E-9      
molasses              .              .            +INF      5.8856346E-9      
bagasse               .              .            +INF      3.2444987E-9      
meatbonemeal          .              .            +INF      5.4229947E-9      
fishmeal              .              .            +INF      5.2787210E-9      

---- EQU bredbal  Livestock breeding balance

                  LOWER          LEVEL          UPPER         MARGINAL

dairycow          -INF      2428930.7167   2585100.0000          .          
dairyox           -INF             .        713280.0000          .          
heifer            -INF             .        186900.0000          .          
calves            -INF             .       1341600.0000          .          
swine             -INF             .       2.6847000E+7          .          
broiler           -INF             .       4.1769000E+8          .          
layinghens        -INF      5541104.0873   5.4798300E+8          .          

---- EQU nutpet_c  Potential nutrition supply (grams or kcal/capita)

                                LOWER          LEVEL          UPPER         MARGINAL

rice      .calorie                .              .              .             EPS         
rice      .protein                .              .              .             EPS         
rice      .fat                    .              .              .             EPS         
rice      .carbonhydrate          .              .              .             EPS         
wheat     .calorie                .              .              .             EPS         
wheat     .protein                .              .              .             EPS         
wheat     .fat                    .              .              .             EPS         
wheat     .carbonhydrate          .              .              .             EPS         
pwheat    .calorie                .              .              .             EPS         
pwheat    .protein                .              .              .             EPS         
pwheat    .fat                    .              .              .             EPS         
pwheat    .carbonhydrate          .              .              .             EPS         
barley    .calorie                .              .              .             EPS         
barley    .protein                .              .              .             EPS         
barley    .fat                    .              .              .             EPS         
barley    .carbonhydrate          .              .              .             EPS         
pbarley   .calorie                .              .              .             EPS         
pbarley   .protein                .              .              .             EPS         
pbarley   .fat                    .              .              .             EPS         
pbarley   .carbonhydrate          .              .              .             EPS         
naked     .calorie                .              .              .             EPS         
naked     .protein                .              .              .             EPS         
naked     .fat                    .              .              .             EPS         
naked     .carbonhydrate          .              .              .             EPS         
corn      .calorie                .              .              .             EPS         
corn      .protein                .              .              .             EPS         
corn      .fat                    .              .              .             EPS         
corn      .carbonhydrate          .              .              .             EPS         
sorghum   .calorie                .              .              .             EPS         
sorghum   .protein                .              .              .             EPS         
sorghum   .fat                    .              .              .             EPS         
sorghum   .carbonhydrate          .              .              .             EPS         
mis_grains.calorie                .              .              .             EPS         
mis_grains.protein                .              .              .             EPS         
mis_grains.fat                    .              .              .             EPS         
mis_grains.carbonhydrate          .              .              .             EPS         
sweetp    .calorie                .              .              .             EPS         
sweetp    .protein                .              .              .             EPS         
sweetp    .fat                    .              .              .             EPS         
sweetp    .carbonhydrate          .              .              .             EPS         
psweetp   .calorie                .              .              .             EPS         
psweetp   .protein                .              .              .             EPS         
psweetp   .fat                    .              .              .             EPS         
psweetp   .carbonhydrate          .              .              .             EPS         
potato    .calorie                .              .              .             EPS         
potato    .protein                .              .              .             EPS         
potato    .fat                    .              .              .             EPS         
potato    .carbonhydrate          .              .              .             EPS         
ppotato   .calorie                .              .              .             EPS         
ppotato   .protein                .              .              .             EPS         
ppotato   .fat                    .              .              .             EPS         
ppotato   .carbonhydrate          .              .              .             EPS         
soy       .calorie                .              .              .             EPS         
soy       .protein                .              .              .             EPS         
soy       .fat                    .              .              .             EPS         
soy       .carbonhydrate          .              .              .             EPS         
psoy      .calorie                .              .              .             EPS         
psoy      .protein                .              .              .             EPS         
psoy      .fat                    .              .              .             EPS         
psoy      .carbonhydrate          .              .              .             EPS         
mis_beans .calorie                .              .              .             EPS         
mis_beans .protein                .              .              .             EPS         
mis_beans .fat                    .              .              .             EPS         
mis_beans .carbonhydrate          .              .              .             EPS         
veges     .calorie                .              .              .             EPS         
veges     .protein                .              .              .             EPS         
veges     .fat                    .              .              .             EPS         
veges     .carbonhydrate          .              .              .             EPS         
mandarin  .calorie                .              .              .             EPS         
mandarin  .protein                .              .              .             EPS         
mandarin  .fat                    .              .              .             EPS         
mandarin  .carbonhydrate          .              .              .             EPS         
apple     .calorie                .              .              .             EPS         
apple     .protein                .              .              .             EPS         
apple     .fat                    .              .              .             EPS         
apple     .carbonhydrate          .              .              .             EPS         
mis_fruits.calorie                .              .              .             EPS         
mis_fruits.protein                .              .              .             EPS         
mis_fruits.fat                    .              .              .             EPS         
mis_fruits.carbonhydrate          .              .              .             EPS         
scane     .calorie                .              .              .             EPS         
scane     .protein                .              .              .             EPS         
scane     .fat                    .              .              .             EPS         
scane     .carbonhydrate          .              .              .             EPS         
sbeat     .calorie                .              .              .             EPS         
sbeat     .protein                .              .              .             EPS         
sbeat     .fat                    .              .              .             EPS         
sbeat     .carbonhydrate          .              .              .             EPS         
rapeseed  .calorie                .              .              .             EPS         
rapeseed  .protein                .              .              .             EPS         
rapeseed  .fat                    .              .              .             EPS         
rapeseed  .carbonhydrate          .              .              .             EPS         
fish      .calorie                .              .              .             EPS         
fish      .protein                .              .              .             EPS         
fish      .fat                    .              .              .             EPS         
fish      .carbonhydrate          .              .              .             EPS         
seaweed   .calorie                .              .              .             EPS         
seaweed   .protein                .              .              .             EPS         
seaweed   .fat                    .              .              .             EPS         
seaweed   .carbonhydrate          .              .              .             EPS         
starch    .calorie                .              .              .             EPS         
starch    .protein                .              .              .             EPS         
starch    .fat                    .              .              .             EPS         
starch    .carbonhydrate          .              .              .             EPS         
sugar     .calorie                .              .              .             EPS         
sugar     .protein                .              .              .             EPS         
sugar     .fat                    .              .              .             EPS         
sugar     .carbonhydrate          .              .              .             EPS         
oil       .calorie                .              .              .             EPS         
oil       .protein                .              .              .             EPS         
oil       .fat                    .              .              .             EPS         
oil       .carbonhydrate          .              .              .             EPS         
miso      .calorie                .              .              .             EPS         
miso      .protein                .              .              .             EPS         
miso      .fat                    .              .              .             EPS         
miso      .carbonhydrate          .              .              .             EPS         
soysource .calorie                .              .              .             EPS         
soysource .protein                .              .              .             EPS         
soysource .fat                    .              .              .             EPS         
soysource .carbonhydrate          .              .              .             EPS         
mis_foods .calorie                .              .              .             EPS         
mis_foods .protein                .              .              .             EPS         
mis_foods .fat                    .              .              .             EPS         
mis_foods .carbonhydrate          .              .              .             EPS         

---- EQU nutpet_f  

                                LOWER          LEVEL          UPPER         MARGINAL

rice      .calorie                .              .              .             EPS         
rice      .protein                .              .              .             EPS         
rice      .fat                    .              .              .             EPS         
rice      .carbonhydrate          .              .              .             EPS         
wheat     .calorie                .              .              .             EPS         
wheat     .protein                .              .              .             EPS         
wheat     .fat                    .              .              .             EPS         
wheat     .carbonhydrate          .              .              .             EPS         
pwheat    .calorie                .              .              .             EPS         
pwheat    .protein                .              .              .             EPS         
pwheat    .fat                    .              .              .             EPS         
pwheat    .carbonhydrate          .              .              .             EPS         
barley    .calorie                .              .              .             EPS         
barley    .protein                .              .              .             EPS         
barley    .fat                    .              .              .             EPS         
barley    .carbonhydrate          .              .              .             EPS         
pbarley   .calorie                .              .              .             EPS         
pbarley   .protein                .              .              .             EPS         
pbarley   .fat                    .              .              .             EPS         
pbarley   .carbonhydrate          .              .              .             EPS         
naked     .calorie                .              .              .             EPS         
naked     .protein                .              .              .             EPS         
naked     .fat                    .              .              .             EPS         
naked     .carbonhydrate          .              .              .             EPS         
corn      .calorie                .              .              .             EPS         
corn      .protein                .              .              .             EPS         
corn      .fat                    .              .              .             EPS         
corn      .carbonhydrate          .              .              .             EPS         
sorghum   .calorie                .              .              .             EPS         
sorghum   .protein                .              .              .             EPS         
sorghum   .fat                    .              .              .             EPS         
sorghum   .carbonhydrate          .              .              .             EPS         
mis_grains.calorie                .              .              .             EPS         
mis_grains.protein                .              .              .             EPS         
mis_grains.fat                    .              .              .             EPS         
mis_grains.carbonhydrate          .              .              .             EPS         
sweetp    .calorie                .              .              .             EPS         
sweetp    .protein                .              .              .             EPS         
sweetp    .fat                    .              .              .             EPS         
sweetp    .carbonhydrate          .              .              .             EPS         
psweetp   .calorie                .              .              .             EPS         
psweetp   .protein                .              .              .             EPS         
psweetp   .fat                    .              .              .             EPS         
psweetp   .carbonhydrate          .              .              .             EPS         
potato    .calorie                .              .              .             EPS         
potato    .protein                .              .              .             EPS         
potato    .fat                    .              .              .             EPS         
potato    .carbonhydrate          .              .              .             EPS         
ppotato   .calorie                .              .              .             EPS         
ppotato   .protein                .              .              .             EPS         
ppotato   .fat                    .              .              .             EPS         
ppotato   .carbonhydrate          .              .              .             EPS         
soy       .calorie                .              .              .             EPS         
soy       .protein                .              .              .             EPS         
soy       .fat                    .              .              .             EPS         
soy       .carbonhydrate          .              .              .             EPS         
psoy      .calorie                .              .              .             EPS         
psoy      .protein                .              .              .             EPS         
psoy      .fat                    .              .              .             EPS         
psoy      .carbonhydrate          .              .              .             EPS         
mis_beans .calorie                .              .              .             EPS         
mis_beans .protein                .              .              .             EPS         
mis_beans .fat                    .              .              .             EPS         
mis_beans .carbonhydrate          .              .              .             EPS         
veges     .calorie                .              .              .             EPS         
veges     .protein                .              .              .             EPS         
veges     .fat                    .              .              .             EPS         
veges     .carbonhydrate          .              .              .             EPS         
mandarin  .calorie                .              .              .             EPS         
mandarin  .protein                .              .              .             EPS         
mandarin  .fat                    .              .              .             EPS         
mandarin  .carbonhydrate          .              .              .             EPS         
apple     .calorie                .              .              .             EPS         
apple     .protein                .              .              .             EPS         
apple     .fat                    .              .              .             EPS         
apple     .carbonhydrate          .              .              .             EPS         
mis_fruits.calorie                .              .              .             EPS         
mis_fruits.protein                .              .              .             EPS         
mis_fruits.fat                    .              .              .             EPS         
mis_fruits.carbonhydrate          .              .              .             EPS         
scane     .calorie                .              .              .             EPS         
scane     .protein                .              .              .             EPS         
scane     .fat                    .              .              .             EPS         
scane     .carbonhydrate          .              .              .             EPS         
sbeat     .calorie                .              .              .             EPS         
sbeat     .protein                .              .              .             EPS         
sbeat     .fat                    .              .              .             EPS         
sbeat     .carbonhydrate          .              .              .             EPS         
rapeseed  .calorie                .              .              .             EPS         
rapeseed  .protein                .              .              .             EPS         
rapeseed  .fat                    .              .              .             EPS         
rapeseed  .carbonhydrate          .              .              .             EPS         
fish      .calorie                .              .              .             EPS         
fish      .protein                .              .              .             EPS         
fish      .fat                    .              .              .             EPS         
fish      .carbonhydrate          .              .              .             EPS         
seaweed   .calorie                .              .              .             EPS         
seaweed   .protein                .              .              .             EPS         
seaweed   .fat                    .              .              .             EPS         
seaweed   .carbonhydrate          .              .              .             EPS         
starch    .calorie                .              .              .             EPS         
starch    .protein                .              .              .             EPS         
starch    .fat                    .              .              .             EPS         
starch    .carbonhydrate          .              .              .             EPS         
sugar     .calorie                .              .              .             EPS         
sugar     .protein                .              .              .             EPS         
sugar     .fat                    .              .              .             EPS         
sugar     .carbonhydrate          .              .              .             EPS         
oil       .calorie                .              .              .             EPS         
oil       .protein                .              .              .             EPS         
oil       .fat                    .              .              .             EPS         
oil       .carbonhydrate          .              .              .             EPS         
miso      .calorie                .              .              .             EPS         
miso      .protein                .              .              .             EPS         
miso      .fat                    .              .              .             EPS         
miso      .carbonhydrate          .              .              .             EPS         
soysource .calorie                .              .              .             EPS         
soysource .protein                .              .              .             EPS         
soysource .fat                    .              .              .             EPS         
soysource .carbonhydrate          .              .              .             EPS         
mis_foods .calorie                .              .              .             EPS         
mis_foods .protein                .              .              .             EPS         
mis_foods .fat                    .              .              .             EPS         
mis_foods .carbonhydrate          .              .              .             EPS         

---- EQU nutpet_l  

                             LOWER          LEVEL          UPPER         MARGINAL

beef   .calorie                .              .              .             EPS         
beef   .protein                .              .              .             EPS         
beef   .fat                    .              .              .             EPS         
beef   .carbonhydrate          .              .              .             EPS         
pork   .calorie                .              .              .             EPS         
pork   .protein                .              .              .             EPS         
pork   .fat                    .              .              .             EPS         
pork   .carbonhydrate          .              .              .             EPS         
chicken.calorie                .              .              .             EPS         
chicken.protein                .              .              .             EPS         
chicken.fat                    .              .              .             EPS         
chicken.carbonhydrate          .              .              .             EPS         
egg    .calorie                .              .              .             EPS         
egg    .protein                .              .              .             EPS         
egg    .fat                    .              .              .             EPS         
egg    .carbonhydrate          .              .              .             EPS         
milk   .calorie                .              .              .             EPS         
milk   .protein                .              .              .             EPS         
milk   .fat                    .              .              .             EPS         
milk   .carbonhydrate          .              .              .             EPS         

                           LOWER          LEVEL          UPPER         MARGINAL

---- EQU caloriebal      2157.7855      2157.7855      2157.7855         EPS         
---- EQU calorieba~          .              .              .             EPS         

  caloriebal  Calorie deficit (kcal/capita)
  caloriebal_r  Calorie shortage rate

---- EQU dietpet_c  Potential netfood supply (kcal/capita)

                  LOWER          LEVEL          UPPER         MARGINAL

rice                .              .              .       -7.481230E-5      
wheat               .              .              .       -7.481230E-5      
pwheat              .              .              .       -7.481230E-5      
barley              .              .              .       -7.481230E-5      
pbarley             .              .              .       -7.481230E-5      
naked               .              .              .       -7.481230E-5      
corn                .              .              .             EPS         
sorghum             .              .              .             EPS         
mis_grains          .              .              .       -7.481230E-5      
sweetp              .              .              .             0.0021      
psweetp             .              .              .             0.0021      
potato              .              .              .             0.0021      
ppotato             .              .              .             0.0021      
soy                 .              .              .       1.3845166E-5      
psoy                .              .              .       1.3845166E-5      
mis_beans           .              .              .       1.3845166E-5      
veges               .              .              .       -6.277799E-5      
mandarin            .              .              .            -0.0016      
apple               .              .              .            -0.0016      
mis_fruits          .              .              .            -0.0016      
scane               .              .              .             EPS         
sbeat               .              .              .             EPS         
rapeseed            .              .              .             EPS         
fish                .              .              .             EPS         
seaweed             .              .              .             EPS         
starch              .              .              .            -0.0358      
sugar               .              .              .            -0.0288      
oil                 .              .              .            -0.0012      
miso                .              .              .            -0.0012      
soysource           .              .              .            -0.0012      
mis_foods           .              .              .            -0.0012      

---- EQU dietpet_f  

                  LOWER          LEVEL          UPPER         MARGINAL

rice                .              .              .       -7.481230E-5      
wheat               .              .              .       -7.481230E-5      
pwheat              .              .              .       -7.481230E-5      
barley              .              .              .       -7.481230E-5      
pbarley             .              .              .       -7.481230E-5      
naked               .              .              .       -7.481230E-5      
corn                .              .              .             EPS         
sorghum             .              .              .             EPS         
mis_grains          .              .              .       -7.481230E-5      
sweetp              .              .              .             0.0021      
psweetp             .              .              .             0.0021      
potato              .              .              .             0.0021      
ppotato             .              .              .             0.0021      
soy                 .              .              .       1.3845166E-5      
psoy                .              .              .       1.3845166E-5      
mis_beans           .              .              .       1.3845166E-5      
veges               .              .              .       -6.277799E-5      
mandarin            .              .              .            -0.0016      
apple               .              .              .            -0.0016      
mis_fruits          .              .              .            -0.0016      
scane               .              .              .             EPS         
sbeat               .              .              .             EPS         
rapeseed            .              .              .             EPS         
fish                .              .              .             EPS         
seaweed             .              .              .             EPS         
starch              .              .              .            -0.0358      
sugar               .              .              .            -0.0288      
oil                 .              .              .            -0.0012      
miso                .              .              .            -0.0012      
soysource           .              .              .            -0.0012      
mis_foods           .              .              .            -0.0012      

---- EQU dietpet_l  

               LOWER          LEVEL          UPPER         MARGINAL

beef             .              .              .            -0.0023      
pork             .              .              .            -0.0023      
chicken          .              .              .            -0.0023      
egg              .              .              .            -0.0005      
milk             .              .              .            -0.0005      

---- EQU dietbal  Net food balance by fgroup (grams/capita)

              LOWER          LEVEL          UPPER         MARGINAL

starch        42.9000        42.9000        42.9000         0.0358      
sugar         46.6000        46.6000        46.6000         0.0288      
grain        316.0000       316.0000       316.0000   7.4812303E-5      
tuber        115.4000       115.4000       115.4000        -0.0021      
pulse         43.0000        43.0000        43.0000   -1.384517E-5      
veget        241.4000       241.4000       241.4000   6.2777987E-5      
fruit         90.8000        90.8000        90.8000         0.0016      
other         49.4000        49.4000        49.4000         0.0012      

                           LOWER          LEVEL          UPPER         MARGINAL

---- EQU dietbal_r           .              .              .             1.0000      

  dietbal_r  Net food shortage rate by fgroup

---- EQU adietbal  

                 LOWER          LEVEL          UPPER         MARGINAL

meat             92.7000        92.7000        92.7000         0.0023      
egg_dairy       303.7000       303.7000       303.7000         0.0005      

                           LOWER          LEVEL          UPPER         MARGINAL

---- EQU adietbal_r          .              .              .             1.0000      
---- EQU rat                 .              .              .             1.0000      

  rat  Objective function evaluated as rate of shortage

---- VAR xrlcrop  Cropping area (1000ha)

                                             LOWER          LEVEL          UPPER         MARGINAL

rice      .Hokkaido       .paddy_wet           .            70.2518        +INF             .          
rice      .Hokkaido       .paddy_dry           .              .            +INF             .          
rice      .Tohoku_Hokuriku.paddy_wet           .           436.7330        +INF             .          
rice      .Tohoku_Hokuriku.paddy_dry           .              .            +INF      2.9039738E-6      
rice      .Kanto_West     .paddy_wet           .           718.9330        +INF             .          
rice      .Kanto_West     .paddy_dry           .           220.5027        +INF            EPS         
rice      .Okinawa        .paddy_wet           .             0.3893        +INF             .          
rice      .Okinawa        .paddy_dry           .             0.3617        +INF             .          
wheat     .Hokkaido       .field_rain          .           136.2048        +INF             .          
wheat     .Hokkaido       .field_irr           .              .            +INF      1.1079941E-6      
wheat     .Tohoku_Hokuriku.field_rain          .           179.0726        +INF             .          
wheat     .Tohoku_Hokuriku.field_irr           .            31.6274        +INF             .          
wheat     .Kanto_West     .field_rain          .           346.0379        +INF             .          
wheat     .Kanto_West     .field_irr           .           209.0291        +INF             .          
wheat     .Okinawa        .field_rain          .             2.5629        +INF             .          
wheat     .Okinawa        .field_irr           .              .            +INF             .          
pwheat    .Kanto_West     .paddy_dry           .           539.5510        +INF             .          
pwheat    .Okinawa        .paddy_dry           .             0.3617        +INF             .          
barley    .Hokkaido       .field_rain          .              .            +INF      3.0772981E-5      
barley    .Hokkaido       .field_irr           .              .            +INF      3.1880975E-5      
barley    .Tohoku_Hokuriku.field_rain          .              .            +INF      3.0772981E-5      
barley    .Tohoku_Hokuriku.field_irr           .              .            +INF      3.0772981E-5      
barley    .Kanto_West     .field_rain          .              .            +INF      3.0772981E-5      
barley    .Kanto_West     .field_irr           .              .            +INF      3.0772981E-5      
barley    .Okinawa        .field_rain          .              .            +INF      3.0772981E-5      
barley    .Okinawa        .field_irr           .              .            +INF      3.0772981E-5      
pbarley   .Kanto_West     .paddy_dry           .              .            +INF      3.1090614E-5      
pbarley   .Okinawa        .paddy_dry           .              .            +INF      3.1090614E-5      
naked     .Hokkaido       .field_rain          .              .              .       2.8849500E-5      
naked     .Hokkaido       .field_irr           .              .              .       2.9957494E-5      
naked     .Tohoku_Hokuriku.field_rain          .              .              .       2.8849500E-5      
naked     .Tohoku_Hokuriku.field_irr           .              .              .       2.8849500E-5      
naked     .Kanto_West     .field_rain          .              .              .       2.8849500E-5      
naked     .Kanto_West     .field_irr           .              .              .       2.8849500E-5      
naked     .Okinawa        .field_rain          .              .              .       2.8849500E-5      
naked     .Okinawa        .field_irr           .              .              .       2.8849500E-5      
corn      .Hokkaido       .pasture             .              .              .             EPS         
sorghum   .Hokkaido       .pasture             .              .              .             EPS         
mis_grains.Hokkaido       .field_rain          .              .              .       3.0402831E-5      
mis_grains.Hokkaido       .field_irr           .              .              .       3.1510825E-5      
mis_grains.Tohoku_Hokuriku.field_rain          .              .              .       2.9824851E-5      
mis_grains.Tohoku_Hokuriku.field_irr           .              .              .       3.1510825E-5      
sweetp    .Tohoku_Hokuriku.field_rain          .              .            +INF            0.0009      
sweetp    .Tohoku_Hokuriku.field_irr           .              .            +INF            0.0010      
sweetp    .Kanto_West     .field_rain          .              .            +INF            0.0009      
sweetp    .Kanto_West     .field_irr           .              .            +INF            0.0010      
sweetp    .Okinawa        .field_rain          .              .            +INF            0.0009      
sweetp    .Okinawa        .field_irr           .              .            +INF            0.0021      
psweetp   .Tohoku_Hokuriku.paddy_dry           .              .            +INF      2.9039738E-6      
psweetp   .Kanto_West     .paddy_dry           .              .            +INF            EPS         
psweetp   .Okinawa        .paddy_dry           .              .            +INF             .          
potato    .Hokkaido       .field_rain          .              .            +INF      3.6617547E-6      
potato    .Hokkaido       .field_irr           .           119.6179        +INF            EPS         
potato    .Tohoku_Hokuriku.field_rain          .              .            +INF      3.3945066E-5      
potato    .Tohoku_Hokuriku.field_irr           .              .            +INF      3.0861291E-5      
ppotato   .Hokkaido       .paddy_dry           .           118.5535        +INF            EPS         
ppotato   .Tohoku_Hokuriku.paddy_dry           .              .            +INF      2.9039738E-6      
soy       .Hokkaido       .field_rain          .              .            +INF      5.7797972E-7      
soy       .Hokkaido       .field_irr           .           107.4773        +INF             .          
soy       .Tohoku_Hokuriku.field_rain          .           179.0726        +INF             .          
soy       .Tohoku_Hokuriku.field_irr           .            31.6274        +INF             .          
soy       .Kanto_West     .field_rain          .           346.0379        +INF             .          
soy       .Kanto_West     .field_irr           .           209.0291        +INF             .          
psoy      .Hokkaido       .paddy_dry           .            32.7906        +INF             .          
psoy      .Tohoku_Hokuriku.paddy_dry           .              .            +INF      2.9039738E-6      
psoy      .Kanto_West     .paddy_dry           .           319.0483        +INF             .          
mis_beans .Hokkaido       .field_rain          .              .              .       3.1290226E-5      
mis_beans .Hokkaido       .field_irr           .              .              .       3.2398220E-5      
mis_beans .Tohoku_Hokuriku.field_rain          .              .              .       3.0712246E-5      
mis_beans .Tohoku_Hokuriku.field_irr           .              .              .       3.2398220E-5      
mis_beans .Kanto_West     .field_rain          .              .              .       3.0712246E-5      
mis_beans .Kanto_West     .field_irr           .              .              .       3.2398220E-5      
mis_beans .Okinawa        .field_rain          .              .              .       4.2893467E-7      
mis_beans .Okinawa        .field_irr           .              .              .             0.0011      
veges     .Tohoku_Hokuriku.paddy_dry           .           424.3040        +INF             .          
veges     .Tohoku_Hokuriku.field_rain          .              .            +INF      3.0283311E-5      
veges     .Tohoku_Hokuriku.field_irr           .              .            +INF      2.7957317E-5      
veges     .Kanto_West     .paddy_dry           .              .            +INF      2.8281132E-5      
veges     .Kanto_West     .field_rain          .              .            +INF      3.0283311E-5      
veges     .Kanto_West     .field_irr           .              .            +INF      2.7957317E-5      
veges     .Okinawa        .paddy_dry           .              .            +INF      2.8281132E-5      
veges     .Okinawa        .field_rain          .             7.8711        +INF             .          
veges     .Okinawa        .field_irr           .              .            +INF            0.0011      
mandarin  .Kanto_West     .orchard             .            36.2000        +INF             .          
apple     .Hokkaido       .orchard             .             3.0500        +INF             .          
apple     .Tohoku_Hokuriku.orchard             .              .            +INF            EPS         
apple     .Kanto_West     .orchard             .            32.0500        +INF             .          
mis_fruits.Tohoku_Hokuriku.orchard             .            49.2500        +INF             .          
mis_fruits.Kanto_West     .orchard             .            43.6180        +INF             .          
mis_fruits.Okinawa        .orchard             .             1.8800        +INF             .          
scane     .Okinawa        .field_rain          .             0.7959        +INF             .          
scane     .Okinawa        .field_irr           .            22.4041        +INF             .          
sbeat     .Hokkaido       .field_rain          .            55.4000        +INF             .          
sbeat     .Hokkaido       .field_irr           .              .            +INF      1.1079941E-6      
rapeseed  .Hokkaido       .field_rain          .              .              .       5.6797301E-6      
rapeseed  .Hokkaido       .field_irr           .              .              .       6.7877242E-6      

---- VAR xcrop  Cropping area (1000ha)

                  LOWER          LEVEL          UPPER         MARGINAL

rice                .          1447.1715        +INF             .          
wheat               .           904.5348        +INF             .          
pwheat              .           539.9127        +INF             .          
barley              .              .            +INF             .          
pbarley             .              .            +INF             .          
naked               .              .            +INF             .          
corn                .              .            +INF             .          
sorghum             .              .            +INF             .          
mis_grains          .              .            +INF             .          
sweetp              .              .            +INF             .          
psweetp             .              .            +INF            0.0010      
potato              .           119.6179        +INF             .          
ppotato             .           118.5535        +INF             .          
soy                 .           873.2443        +INF             .          
psoy                .           351.8390        +INF             .          
mis_beans           .              .            +INF             .          
veges               .           432.1751        +INF             .          
mandarin            .            36.2000        +INF             .          
apple               .            35.1000        +INF             .          
mis_fruits          .            94.7480        +INF             .          
scane               .            23.2000        +INF             .          
sbeat               .            55.4000        +INF             .          
rapeseed            .              .            +INF             .          
fish                .              .            +INF             .          
seaweed             .              .            +INF             .          
starch              .              .            +INF             .          
sugar               .              .            +INF             .          
oil                 .              .            +INF             .          
miso                .              .            +INF             .          
soysource           .              .            +INF             .          
mis_foods           .              .            +INF             .          

---- VAR xlive  Head of animal ls

                  LOWER          LEVEL          UPPER         MARGINAL

dairycow            .       2428930.7167        +INF             .          
dairyox             .              .            +INF            EPS         
heifer              .              .            +INF            EPS         
calves              .              .            +INF            EPS         
swine               .              .            +INF            EPS         
broiler             .              .            +INF            EPS         
layinghens          .       5541104.0873        +INF             .          

---- VAR yfeed  Distribution of feed j to animal ls (MT)

                               LOWER          LEVEL          UPPER         MARGINAL

dairycow  .rice                  .              .            +INF             .          
dairycow  .wheat                 .              .            +INF             .          
dairycow  .barley                .              .            +INF             .          
dairycow  .corn                  .              .            +INF             .          
dairycow  .sorghum               .              .            +INF             .          
dairycow  .fodder                .       4030620.0000        +INF             .          
dairycow  .ricestraw             .       6916322.0036        +INF             .          
dairycow  .ricebran              .        494932.6509        +INF             .          
dairycow  .wheatstraw            .       6769402.9245        +INF             .          
dairycow  .wheatbran             .       1206402.5013        +INF             .          
dairycow  .potatovines           .       1826789.1350        +INF             .          
dairycow  .soybeancake           .       1293687.9079        +INF             .          
dairycow  .rapeseedcake          .              .            +INF            EPS         
dairycow  .beetpulp              .         39309.6240        +INF             .          
dairycow  .molasses              .         90644.3720        +INF             .          
dairycow  .bagasse               .        174914.0800        +INF             .          
dairycow  .meatbonemeal          .              .            +INF            EPS         
dairycow  .fishmeal              .              .            +INF            EPS         
dairyox   .rice                  .              .            +INF            EPS         
dairyox   .wheat                 .              .            +INF            EPS         
dairyox   .barley                .              .            +INF            EPS         
dairyox   .corn                  .              .            +INF            EPS         
dairyox   .sorghum               .              .            +INF            EPS         
dairyox   .fodder                .              .            +INF            EPS         
dairyox   .ricestraw             .              .            +INF            EPS         
dairyox   .ricebran              .              .            +INF            EPS         
dairyox   .wheatstraw            .              .            +INF            EPS         
dairyox   .wheatbran             .              .            +INF            EPS         
dairyox   .potatovines           .              .            +INF             .          
dairyox   .soybeancake           .              .            +INF            EPS         
dairyox   .rapeseedcake          .              .            +INF            EPS         
dairyox   .beetpulp              .              .            +INF            EPS         
dairyox   .molasses              .              .            +INF            EPS         
dairyox   .bagasse               .              .            +INF            EPS         
dairyox   .meatbonemeal          .              .            +INF            EPS         
dairyox   .fishmeal              .              .            +INF            EPS         
heifer    .rice                  .              .            +INF            EPS         
heifer    .wheat                 .              .            +INF            EPS         
heifer    .barley                .              .            +INF            EPS         
heifer    .corn                  .              .            +INF            EPS         
heifer    .sorghum               .              .            +INF            EPS         
heifer    .fodder                .              .            +INF            EPS         
heifer    .ricestraw             .              .            +INF            EPS         
heifer    .ricebran              .              .            +INF            EPS         
heifer    .wheatstraw            .              .            +INF            EPS         
heifer    .wheatbran             .              .            +INF            EPS         
heifer    .potatovines           .              .            +INF            EPS         
heifer    .soybeancake           .              .            +INF            EPS         
heifer    .rapeseedcake          .              .            +INF            EPS         
heifer    .beetpulp              .              .            +INF            EPS         
heifer    .molasses              .              .            +INF            EPS         
heifer    .bagasse               .              .            +INF             .          
heifer    .meatbonemeal          .              .            +INF            EPS         
heifer    .fishmeal              .              .            +INF            EPS         
calves    .rice                  .              .            +INF            EPS         
calves    .wheat                 .              .            +INF            EPS         
calves    .barley                .              .            +INF            EPS         
calves    .corn                  .              .            +INF            EPS         
calves    .sorghum               .              .            +INF            EPS         
calves    .fodder                .              .            +INF            EPS         
calves    .ricestraw             .              .            +INF            EPS         
calves    .ricebran              .              .            +INF            EPS         
calves    .wheatstraw            .              .            +INF            EPS         
calves    .wheatbran             .              .            +INF            EPS         
calves    .potatovines           .              .            +INF            EPS         
calves    .soybeancake           .              .            +INF            EPS         
calves    .rapeseedcake          .              .            +INF            EPS         
calves    .beetpulp              .              .            +INF            EPS         
calves    .molasses              .              .            +INF            EPS         
calves    .bagasse               .              .            +INF             .          
calves    .meatbonemeal          .              .            +INF            EPS         
calves    .fishmeal              .              .            +INF            EPS         
swine     .rice                  .              .            +INF            EPS         
swine     .wheat                 .              .            +INF            EPS         
swine     .barley                .              .            +INF            EPS         
swine     .corn                  .              .            +INF            EPS         
swine     .sorghum               .              .            +INF            EPS         
swine     .fodder                .              .            +INF            EPS         
swine     .ricestraw             .              .            +INF            EPS         
swine     .ricebran              .              .            +INF            EPS         
swine     .wheatstraw            .              .            +INF            EPS         
swine     .wheatbran             .              .            +INF            EPS         
swine     .potatovines           .              .            +INF            EPS         
swine     .soybeancake           .              .            +INF            EPS         
swine     .rapeseedcake          .              .            +INF            EPS         
swine     .beetpulp              .              .            +INF            EPS         
swine     .molasses              .              .            +INF            EPS         
swine     .bagasse               .              .            +INF            EPS         
swine     .meatbonemeal          .              .            +INF            EPS         
swine     .fishmeal              .              .            +INF             .          
broiler   .rice                  .              .            +INF            EPS         
broiler   .wheat                 .              .            +INF            EPS         
broiler   .barley                .              .            +INF            EPS         
broiler   .corn                  .              .            +INF            EPS         
broiler   .sorghum               .              .            +INF            EPS         
broiler   .fodder                .              .            +INF            EPS         
broiler   .ricestraw             .              .            +INF            EPS         
broiler   .ricebran              .              .            +INF            EPS         
broiler   .wheatstraw            .              .            +INF            EPS         
broiler   .wheatbran             .              .            +INF            EPS         
broiler   .potatovines           .              .            +INF            EPS         
broiler   .soybeancake           .              .            +INF            EPS         
broiler   .rapeseedcake          .              .            +INF            EPS         
broiler   .beetpulp              .              .            +INF            EPS         
broiler   .molasses              .              .            +INF            EPS         
broiler   .bagasse               .              .            +INF            EPS         
broiler   .meatbonemeal          .              .            +INF            EPS         
broiler   .fishmeal              .              .            +INF             .          
layinghens.rice                  .              .            +INF            EPS         
layinghens.wheat                 .              .            +INF            EPS         
layinghens.barley                .              .            +INF            EPS         
layinghens.corn                  .              .            +INF            EPS         
layinghens.sorghum               .              .            +INF            EPS         
layinghens.fodder                .              .            +INF            EPS         
layinghens.ricestraw             .              .            +INF            EPS         
layinghens.ricebran              .              .            +INF            EPS         
layinghens.wheatstraw            .              .            +INF            EPS         
layinghens.wheatbran             .              .            +INF            EPS         
layinghens.potatovines           .              .            +INF            EPS         
layinghens.soybeancake           .              .            +INF            EPS         
layinghens.rapeseedcake          .              .            +INF             .          
layinghens.beetpulp              .              .            +INF            EPS         
layinghens.molasses              .              .            +INF            EPS         
layinghens.bagasse               .              .            +INF            EPS         
layinghens.meatbonemeal          .        164387.0000        +INF             .          
layinghens.fishmeal              .         55615.0000        +INF             .          

                           LOWER          LEVEL          UPPER         MARGINAL

---- VAR labd_c            -INF            1.2702        +INF             .          
---- VAR labd_ls           -INF            0.2999        +INF             .          

  labd_c  Labor demand by crop      (bil. h)
  labd_ls  Labor demand by livestock (bil. h)

---- VAR tdnd  TDN demand by livestock (MT)

                  LOWER          LEVEL          UPPER         MARGINAL

dairycow          -INF      9847856.6978        +INF             .          
dairyox           -INF             .            +INF             .          
heifer            -INF             .            +INF             .          
calves            -INF             .            +INF             .          
swine             -INF             .            +INF             .          
broiler           -INF             .            +INF             .          
layinghens        -INF       139635.8230        +INF             .          

---- VAR tdns  TDN supply to livestock (MT)

                  LOWER          LEVEL          UPPER         MARGINAL

dairycow          -INF      9847856.6978        +INF             .          
dairyox           -INF             .            +INF             .          
heifer            -INF             .            +INF             .          
calves            -INF             .            +INF             .          
swine             -INF             .            +INF             .          
broiler           -INF             .            +INF             .          
layinghens        -INF       139635.8230        +INF             .          

---- VAR dms  DM supply               (MT)

                    LOWER          LEVEL          UPPER         MARGINAL

rice                -INF             .            +INF             .          
wheat               -INF             .            +INF             .          
barley              -INF             .            +INF             .          
corn                -INF             .            +INF             .          
sorghum             -INF             .            +INF             .          
fodder              -INF      4030620.0000        +INF             .          
ricestraw           -INF      6916322.0036        +INF             .          
ricebran            -INF       494932.6509        +INF             .          
wheatstraw          -INF      6769402.9245        +INF             .          
wheatbran           -INF      1206402.5013        +INF             .          
potatovines         -INF      1826789.1350        +INF             .          
soybeancake         -INF      1293687.9079        +INF             .          
rapeseedcake        -INF             .            +INF             .          
beetpulp            -INF        39309.6240        +INF             .          
molasses            -INF        90644.3720        +INF             .          
bagasse             -INF       174914.0800        +INF             .          
meatbonemeal        -INF       164387.0000        +INF             .          
fishmeal            -INF        55615.0000        +INF             .          

---- VAR nnpotential_c  Potential nutrition intake from crops (kcal or grams/capita)

                                LOWER          LEVEL          UPPER         MARGINAL

rice      .calorie              -INF          468.8607        +INF             .          
rice      .protein              -INF            7.9890        +INF             .          
rice      .fat                  -INF            1.1787        +INF             .          
rice      .carbonhydrate        -INF          106.5741        +INF             .          
wheat     .calorie              -INF          205.8254        +INF             .          
wheat     .protein              -INF            5.4253        +INF             .          
wheat     .fat                  -INF            1.0068        +INF             .          
wheat     .carbonhydrate        -INF           43.7659        +INF             .          
pwheat    .calorie              -INF          131.4562        +INF             .          
pwheat    .protein              -INF            3.4650        +INF             .          
pwheat    .fat                  -INF            0.6430        +INF             .          
pwheat    .carbonhydrate        -INF           27.9523        +INF             .          
barley    .calorie              -INF             .            +INF             .          
barley    .protein              -INF             .            +INF             .          
barley    .fat                  -INF             .            +INF             .          
barley    .carbonhydrate        -INF             .            +INF             .          
pbarley   .calorie              -INF             .            +INF             .          
pbarley   .protein              -INF             .            +INF             .          
pbarley   .fat                  -INF             .            +INF             .          
pbarley   .carbonhydrate        -INF             .            +INF             .          
naked     .calorie              -INF             .            +INF             .          
naked     .protein              -INF             .            +INF             .          
naked     .fat                  -INF             .            +INF             .          
naked     .carbonhydrate        -INF             .            +INF             .          
corn      .calorie              -INF             .            +INF             .          
corn      .protein              -INF             .            +INF             .          
corn      .fat                  -INF             .            +INF             .          
corn      .carbonhydrate        -INF             .            +INF             .          
sorghum   .calorie              -INF             .            +INF             .          
sorghum   .protein              -INF             .            +INF             .          
sorghum   .fat                  -INF             .            +INF             .          
sorghum   .carbonhydrate        -INF             .            +INF             .          
mis_grains.calorie              -INF             .            +INF             .          
mis_grains.protein              -INF             .            +INF             .          
mis_grains.fat                  -INF             .            +INF             .          
mis_grains.carbonhydrate        -INF             .            +INF             .          
sweetp    .calorie              -INF             .            +INF             .          
sweetp    .protein              -INF             .            +INF             .          
sweetp    .fat                  -INF             .            +INF             .          
sweetp    .carbonhydrate        -INF             .            +INF             .          
psweetp   .calorie              -INF      1.169320E-15        +INF             .          
psweetp   .protein              -INF      1.047152E-17        +INF             .          
psweetp   .fat                  -INF      1.745254E-18        +INF             .          
psweetp   .carbonhydrate        -INF      2.779317E-16        +INF             .          
potato    .calorie              -INF           64.9278        +INF             .          
potato    .protein              -INF            1.3669        +INF             .          
potato    .fat                  -INF            0.0854        +INF             .          
potato    .carbonhydrate        -INF           14.6728        +INF             .          
ppotato   .calorie              -INF           64.3500        +INF             .          
ppotato   .protein              -INF            1.3547        +INF             .          
ppotato   .fat                  -INF            0.0847        +INF             .          
ppotato   .carbonhydrate        -INF           14.5423        +INF             .          
soy       .calorie              -INF          127.7885        +INF             .          
soy       .protein              -INF           10.2352        +INF             .          
soy       .fat                  -INF            5.9655        +INF             .          
soy       .carbonhydrate        -INF            8.2896        +INF             .          
psoy      .calorie              -INF           53.8876        +INF             .          
psoy      .protein              -INF            4.3161        +INF             .          
psoy      .fat                  -INF            2.5156        +INF             .          
psoy      .carbonhydrate        -INF            3.4957        +INF             .          
mis_beans .calorie              -INF             .            +INF             .          
mis_beans .protein              -INF             .            +INF             .          
mis_beans .fat                  -INF             .            +INF             .          
mis_beans .carbonhydrate        -INF             .            +INF             .          
veges     .calorie              -INF           65.8820        +INF             .          
veges     .protein              -INF            2.8749        +INF             .          
veges     .fat                  -INF            0.4791        +INF             .          
veges     .carbonhydrate        -INF           12.5176        +INF             .          
mandarin  .calorie              -INF            4.5542        +INF             .          
mandarin  .protein              -INF            0.0569        +INF             .          
mandarin  .fat                  -INF            0.0095        +INF             .          
mandarin  .carbonhydrate        -INF            1.0603        +INF             .          
apple     .calorie              -INF            6.5383        +INF             .          
apple     .protein              -INF            0.0123        +INF             .          
apple     .fat                  -INF            0.0247        +INF             .          
apple     .carbonhydrate        -INF            1.5667        +INF             .          
mis_fruits.calorie              -INF            9.3612        +INF             .          
mis_fruits.protein              -INF            0.1570        +INF             .          
mis_fruits.fat                  -INF            0.2915        +INF             .          
mis_fruits.carbonhydrate        -INF            1.5275        +INF             .          
scane     .calorie              -INF             .            +INF             .          
scane     .protein              -INF             .            +INF             .          
scane     .fat                  -INF             .            +INF             .          
scane     .carbonhydrate        -INF             .            +INF             .          
sbeat     .calorie              -INF             .            +INF             .          
sbeat     .protein              -INF             .            +INF             .          
sbeat     .fat                  -INF             .            +INF             .          
sbeat     .carbonhydrate        -INF             .            +INF             .          
rapeseed  .calorie              -INF             .            +INF             .          
rapeseed  .protein              -INF             .            +INF             .          
rapeseed  .fat                  -INF             .            +INF             .          
rapeseed  .carbonhydrate        -INF             .            +INF             .          
fish      .calorie              -INF             .            +INF             .          
fish      .protein              -INF             .            +INF             .          
fish      .fat                  -INF             .            +INF             .          
fish      .carbonhydrate        -INF             .            +INF             .          
seaweed   .calorie              -INF             .            +INF             .          
seaweed   .protein              -INF             .            +INF             .          
seaweed   .fat                  -INF             .            +INF             .          
seaweed   .carbonhydrate        -INF             .            +INF             .          
starch    .calorie              -INF             .            +INF             .          
starch    .protein              -INF             .            +INF             .          
starch    .fat                  -INF             .            +INF             .          
starch    .carbonhydrate        -INF             .            +INF             .          
sugar     .calorie              -INF             .            +INF             .          
sugar     .protein              -INF             .            +INF             .          
sugar     .fat                  -INF             .            +INF             .          
sugar     .carbonhydrate        -INF             .            +INF             .          
oil       .calorie              -INF             .            +INF             .          
oil       .protein              -INF             .            +INF             .          
oil       .fat                  -INF             .            +INF             .          
oil       .carbonhydrate        -INF             .            +INF             .          
miso      .calorie              -INF             .            +INF             .          
miso      .protein              -INF             .            +INF             .          
miso      .fat                  -INF             .            +INF             .          
miso      .carbonhydrate        -INF             .            +INF             .          
soysource .calorie              -INF             .            +INF             .          
soysource .protein              -INF             .            +INF             .          
soysource .fat                  -INF             .            +INF             .          
soysource .carbonhydrate        -INF             .            +INF             .          
mis_foods .calorie              -INF             .            +INF             .          
mis_foods .protein              -INF             .            +INF             .          
mis_foods .fat                  -INF             .            +INF             .          
mis_foods .carbonhydrate        -INF             .            +INF             .          

---- VAR nnpotential_f  Potential nutrition intake from processed foods (kcal or grams/capita)

                                LOWER          LEVEL          UPPER         MARGINAL

rice      .calorie              -INF             .            +INF             .          
rice      .protein              -INF             .            +INF             .          
rice      .fat                  -INF             .            +INF             .          
rice      .carbonhydrate        -INF             .            +INF             .          
wheat     .calorie              -INF             .            +INF             .          
wheat     .protein              -INF             .            +INF             .          
wheat     .fat                  -INF             .            +INF             .          
wheat     .carbonhydrate        -INF             .            +INF             .          
pwheat    .calorie              -INF             .            +INF             .          
pwheat    .protein              -INF             .            +INF             .          
pwheat    .fat                  -INF             .            +INF             .          
pwheat    .carbonhydrate        -INF             .            +INF             .          
barley    .calorie              -INF             .            +INF             .          
barley    .protein              -INF             .            +INF             .          
barley    .fat                  -INF             .            +INF             .          
barley    .carbonhydrate        -INF             .            +INF             .          
pbarley   .calorie              -INF             .            +INF             .          
pbarley   .protein              -INF             .            +INF             .          
pbarley   .fat                  -INF             .            +INF             .          
pbarley   .carbonhydrate        -INF             .            +INF             .          
naked     .calorie              -INF             .            +INF             .          
naked     .protein              -INF             .            +INF             .          
naked     .fat                  -INF             .            +INF             .          
naked     .carbonhydrate        -INF             .            +INF             .          
corn      .calorie              -INF             .            +INF             .          
corn      .protein              -INF             .            +INF             .          
corn      .fat                  -INF             .            +INF             .          
corn      .carbonhydrate        -INF             .            +INF             .          
sorghum   .calorie              -INF             .            +INF             .          
sorghum   .protein              -INF             .            +INF             .          
sorghum   .fat                  -INF             .            +INF             .          
sorghum   .carbonhydrate        -INF             .            +INF             .          
mis_grains.calorie              -INF             .            +INF             .          
mis_grains.protein              -INF             .            +INF             .          
mis_grains.fat                  -INF             .            +INF             .          
mis_grains.carbonhydrate        -INF             .            +INF             .          
sweetp    .calorie              -INF             .            +INF             .          
sweetp    .protein              -INF             .            +INF             .          
sweetp    .fat                  -INF             .            +INF             .          
sweetp    .carbonhydrate        -INF             .            +INF             .          
psweetp   .calorie              -INF             .            +INF             .          
psweetp   .protein              -INF             .            +INF             .          
psweetp   .fat                  -INF             .            +INF             .          
psweetp   .carbonhydrate        -INF             .            +INF             .          
potato    .calorie              -INF             .            +INF             .          
potato    .protein              -INF             .            +INF             .          
potato    .fat                  -INF             .            +INF             .          
potato    .carbonhydrate        -INF             .            +INF             .          
ppotato   .calorie              -INF             .            +INF             .          
ppotato   .protein              -INF             .            +INF             .          
ppotato   .fat                  -INF             .            +INF             .          
ppotato   .carbonhydrate        -INF             .            +INF             .          
soy       .calorie              -INF             .            +INF             .          
soy       .protein              -INF             .            +INF             .          
soy       .fat                  -INF             .            +INF             .          
soy       .carbonhydrate        -INF             .            +INF             .          
psoy      .calorie              -INF             .            +INF             .          
psoy      .protein              -INF             .            +INF             .          
psoy      .fat                  -INF             .            +INF             .          
psoy      .carbonhydrate        -INF             .            +INF             .          
mis_beans .calorie              -INF             .            +INF             .          
mis_beans .protein              -INF             .            +INF             .          
mis_beans .fat                  -INF             .            +INF             .          
mis_beans .carbonhydrate        -INF             .            +INF             .          
veges     .calorie              -INF             .            +INF             .          
veges     .protein              -INF             .            +INF             .          
veges     .fat                  -INF             .            +INF             .          
veges     .carbonhydrate        -INF             .            +INF             .          
mandarin  .calorie              -INF             .            +INF             .          
mandarin  .protein              -INF             .            +INF             .          
mandarin  .fat                  -INF             .            +INF             .          
mandarin  .carbonhydrate        -INF             .            +INF             .          
apple     .calorie              -INF             .            +INF             .          
apple     .protein              -INF             .            +INF             .          
apple     .fat                  -INF             .            +INF             .          
apple     .carbonhydrate        -INF             .            +INF             .          
mis_fruits.calorie              -INF             .            +INF             .          
mis_fruits.protein              -INF             .            +INF             .          
mis_fruits.fat                  -INF             .            +INF             .          
mis_fruits.carbonhydrate        -INF             .            +INF             .          
scane     .calorie              -INF             .            +INF             .          
scane     .protein              -INF             .            +INF             .          
scane     .fat                  -INF             .            +INF             .          
scane     .carbonhydrate        -INF             .            +INF             .          
sbeat     .calorie              -INF             .            +INF             .          
sbeat     .protein              -INF             .            +INF             .          
sbeat     .fat                  -INF             .            +INF             .          
sbeat     .carbonhydrate        -INF             .            +INF             .          
rapeseed  .calorie              -INF             .            +INF             .          
rapeseed  .protein              -INF             .            +INF             .          
rapeseed  .fat                  -INF             .            +INF             .          
rapeseed  .carbonhydrate        -INF             .            +INF             .          
fish      .calorie              -INF             .            +INF             .          
fish      .protein              -INF             .            +INF             .          
fish      .fat                  -INF             .            +INF             .          
fish      .carbonhydrate        -INF             .            +INF             .          
seaweed   .calorie              -INF             .            +INF             .          
seaweed   .protein              -INF             .            +INF             .          
seaweed   .fat                  -INF             .            +INF             .          
seaweed   .carbonhydrate        -INF             .            +INF             .          
starch    .calorie              -INF           35.7183        +INF             .          
starch    .protein              -INF            0.0099        +INF             .          
starch    .fat                  -INF            0.0595        +INF             .          
starch    .carbonhydrate        -INF             .            +INF             .          
sugar     .calorie              -INF           58.8958        +INF             .          
sugar     .protein              -INF             .            +INF             .          
sugar     .fat                  -INF             .            +INF             .          
sugar     .carbonhydrate        -INF             .            +INF             .          
oil       .calorie              -INF           32.7726        +INF             .          
oil       .protein              -INF             .            +INF             .          
oil       .fat                  -INF            3.5584        +INF             .          
oil       .carbonhydrate        -INF             .            +INF             .          
miso      .calorie              -INF           24.2362        +INF             .          
miso      .protein              -INF            1.6646        +INF             .          
miso      .fat                  -INF            0.7990        +INF             .          
miso      .carbonhydrate        -INF             .            +INF             .          
soysource .calorie              -INF            7.5905        +INF             .          
soysource .protein              -INF            0.7690        +INF             .          
soysource .fat                  -INF             .            +INF             .          
soysource .carbonhydrate        -INF             .            +INF             .          
mis_foods .calorie              -INF             .            +INF             .          
mis_foods .protein              -INF             .            +INF             .          
mis_foods .fat                  -INF             .            +INF             .          
mis_foods .carbonhydrate        -INF             .            +INF             .          

---- VAR nnpotential_l  Potential nutrition intake from animal products (kcal or grams/capita)

                             LOWER          LEVEL          UPPER         MARGINAL

beef   .calorie              -INF            4.4176        +INF             .          
beef   .protein              -INF            0.2609        +INF             .          
beef   .fat                  -INF            0.3498        +INF             .          
beef   .carbonhydrate        -INF            0.0031        +INF             .          
pork   .calorie              -INF             .            +INF             .          
pork   .protein              -INF             .            +INF             .          
pork   .fat                  -INF             .            +INF             .          
pork   .carbonhydrate        -INF             .            +INF             .          
chicken.calorie              -INF            0.0870        +INF             .          
chicken.protein              -INF            0.0108        +INF             .          
chicken.fat                  -INF            0.0044        +INF             .          
chicken.carbonhydrate        -INF             .            +INF             .          
egg    .calorie              -INF            2.3578        +INF             .          
egg    .protein              -INF            0.1921        +INF             .          
egg    .fat                  -INF            0.1608        +INF             .          
egg    .carbonhydrate        -INF            0.0047        +INF             .          
milk   .calorie              -INF          109.7943        +INF             .          
milk   .protein              -INF            5.4078        +INF             .          
milk   .fat                  -INF            6.2271        +INF             .          
milk   .carbonhydrate        -INF            7.2104        +INF             .          

                           LOWER          LEVEL          UPPER         MARGINAL

---- VAR cdeficit          -INF        -8271.8017        +INF             .          
---- VAR cshortrate        -INF           -3.8335        +INF             .          

  cdeficit  Calorie deficit (kcal/capita)
  cshortrate  Calorie shortage rate

---- VAR dpotential_c  Potential netfood intake from crops (grams/capita)

                  LOWER          LEVEL          UPPER         MARGINAL

rice              -INF          130.9667        +INF             .          
wheat             -INF           55.9308        +INF             .          
pwheat            -INF           35.7218        +INF             .          
barley            -INF             .            +INF             .          
pbarley           -INF             .            +INF             .          
naked             -INF             .            +INF             .          
corn              -INF             .            +INF             .          
sorghum           -INF             .            +INF             .          
mis_grains        -INF             .            +INF             .          
sweetp            -INF             .            +INF             .          
psweetp           -INF      8.726270E-16        +INF             .          
potato            -INF           85.4313        +INF             .          
ppotato           -INF           84.6711        +INF             .          
soy               -INF           30.2816        +INF             .          
psoy              -INF           12.7696        +INF             .          
mis_beans         -INF             .            +INF             .          
veges             -INF          239.5708        +INF             .          
mandarin          -INF            9.4879        +INF             .          
apple             -INF           12.3364        +INF             .          
mis_fruits        -INF           11.2110        +INF             .          
scane             -INF             .            +INF             .          
sbeat             -INF             .            +INF             .          
rapeseed          -INF             .            +INF             .          
fish              -INF             .            +INF             .          
seaweed           -INF             .            +INF             .          
starch            -INF             .            +INF             .          
sugar             -INF             .            +INF             .          
oil               -INF             .            +INF             .          
miso              -INF             .            +INF             .          
soysource         -INF             .            +INF             .          
mis_foods         -INF             .            +INF             .          

---- VAR dpotential_f  Potential netfood intake from processed foods (grams/capita)

                  LOWER          LEVEL          UPPER         MARGINAL

rice              -INF             .            +INF             .          
wheat             -INF             .            +INF             .          
pwheat            -INF             .            +INF             .          
barley            -INF             .            +INF             .          
pbarley           -INF             .            +INF             .          
naked             -INF             .            +INF             .          
corn              -INF             .            +INF             .          
sorghum           -INF             .            +INF             .          
mis_grains        -INF             .            +INF             .          
sweetp            -INF             .            +INF             .          
psweetp           -INF             .            +INF             .          
potato            -INF             .            +INF             .          
ppotato           -INF             .            +INF             .          
soy               -INF             .            +INF             .          
psoy              -INF             .            +INF             .          
mis_beans         -INF             .            +INF             .          
veges             -INF             .            +INF             .          
mandarin          -INF             .            +INF             .          
apple             -INF             .            +INF             .          
mis_fruits        -INF             .            +INF             .          
scane             -INF             .            +INF             .          
sbeat             -INF             .            +INF             .          
rapeseed          -INF             .            +INF             .          
fish              -INF             .            +INF             .          
seaweed           -INF             .            +INF             .          
starch            -INF            9.9162        +INF             .          
sugar             -INF           15.3375        +INF             .          
oil               -INF            3.5584        +INF             .          
miso              -INF           13.3166        +INF             .          
soysource         -INF            9.9875        +INF             .          
mis_foods         -INF             .            +INF             .          

---- VAR dpotential_l  Potential netfood intake from animal products (grams/capita)

               LOWER          LEVEL          UPPER         MARGINAL

beef           -INF            1.9180        +INF             .          
pork           -INF             .            +INF             .          
chicken        -INF            0.0681        +INF             .          
egg            -INF            1.9519        +INF             .          
milk           -INF          204.8402        +INF             .          

---- VAR delta  Net food intake change (grams/capita)

              LOWER          LEVEL          UPPER         MARGINAL

starch        -INF           32.9838        +INF             .          
sugar         -INF           31.2625        +INF             .          
grain         -INF           93.3807        +INF             .          
tuber         -INF          -54.7024        +INF             .          
pulse         -INF           -0.0512        +INF             .          
veget         -INF            1.8292        +INF             .          
fruit         -INF           57.7647        +INF             .          
other         -INF           22.5376        +INF             .          

                           LOWER          LEVEL          UPPER         MARGINAL

---- VAR deltasumsq        -INF            1.1589        +INF             .          

  deltasumsq  Sum of squared net food intake change rate (crop group)

---- VAR adelta  Net food intake change (grams/capita)

                 LOWER          LEVEL          UPPER         MARGINAL

meat             -INF           90.7139        +INF             .          
egg_dairy        -INF           96.9080        +INF             .          

                           LOWER          LEVEL          UPPER         MARGINAL

---- VAR adeltasum~        -INF            0.1319        +INF             .          
---- VAR target            -INF            1.2908        +INF             .          

  adeltasumsq  Sum of squared net food intake change rate (animal product group)
  target  Weighted average of calorie deficit and net food balance


**** REPORT SUMMARY :        0     NONOPT
                             0 INFEASIBLE
                             0  UNBOUNDED
                             0     ERRORS
                           139  PROJECTED
GAMS 32.2.0  rc62c018 Released Aug 26, 2020 WEX-WEI x86 64bit/MS Windows - 02/18/26 01:42:35 Page 36
Food Supply Simulation in Japan applying the SWISSfoodSys Model
E x e c u t i o n


----   1181 VARIABLE xrlcrop.L  Cropping area (1000ha)

                             paddy_wet   paddy_dry  field_rain   field_irr     orchard

rice      .Hokkaido             70.252
rice      .Tohoku_Hokuriku     436.733
rice      .Kanto_West          718.933     220.503
rice      .Okinawa               0.389       0.362
wheat     .Hokkaido                                    136.205
wheat     .Tohoku_Hokuriku                             179.073      31.627
wheat     .Kanto_West                                  346.038     209.029
wheat     .Okinawa                                       2.563
pwheat    .Kanto_West                      539.551
pwheat    .Okinawa                           0.362
potato    .Hokkaido                                                119.618
ppotato   .Hokkaido                        118.554
soy       .Hokkaido                                                107.477
soy       .Tohoku_Hokuriku                             179.073      31.627
soy       .Kanto_West                                  346.038     209.029
psoy      .Hokkaido                         32.791
psoy      .Kanto_West                      319.048
veges     .Tohoku_Hokuriku                 424.304
veges     .Okinawa                                       7.871
mandarin  .Kanto_West                                                           36.200
apple     .Hokkaido                                                              3.050
apple     .Kanto_West                                                           32.050
mis_fruits.Tohoku_Hokuriku                                                      49.250
mis_fruits.Kanto_West                                                           43.618
mis_fruits.Okinawa                                                               1.880
scane     .Okinawa                                       0.796      22.404
sbeat     .Hokkaido                                     55.400


----   1181 VARIABLE xcrop.L  Cropping area (1000ha)

rice       1447.171,    wheat       904.535,    pwheat      539.913,    potato      119.618,    ppotato     118.554,    soy         873.244,    psoy        351.839,    veges       432.175,    mandarin     36.200,    apple        35.100,    mis_fruits   94.748,    scane        23.200,    sbeat        55.400


----   1181 VARIABLE xlive.L  Head of animal ls

dairycow   2428930.717,    layinghens 5541104.087


----   1181 VARIABLE yfeed.L  Distribution of feed j to animal ls (MT)

                fodder   ricestraw    ricebran  wheatstraw   wheatbran  potatovin~  soybeanca~    beetpulp    molasses     bagasse  meatbonem~    fishmeal

dairycow   4030620.000 6916322.004  494932.651 6769402.925 1206402.501 1826789.135 1293687.908   39309.624   90644.372  174914.080
layinghens                                                                                                                          164387.000   55615.000


----   1181 VARIABLE dms.L  DM supply               (MT)

fodder       4030620.000,    ricestraw    6916322.004,    ricebran      494932.651,    wheatstraw   6769402.925,    wheatbran    1206402.501,    potatovines  1826789.135,    soybeancake  1293687.908,    beetpulp       39309.624,    molasses       90644.372,    bagasse       174914.080,    meatbonemeal  164387.000,    fishmeal       55615.000


----   1267 PARAMETER resLand  Residual land by month (1000ha)

INDEX 1 = potato

                              jan         feb         mar         apr         may         jun         jul         aug         sep         oct         nov         dec

Kanto_West.field_rain     126.924     126.924     126.924     126.924     126.924     126.924     126.924     126.924     126.924     126.924     126.924     126.924
Okinawa   .paddy_dry  6.44484E-14 6.44484E-14 6.44484E-14 6.44484E-14 6.44484E-14 6.44484E-14 6.44484E-14 6.44484E-14 6.44484E-14 6.44484E-14 6.44484E-14 6.44484E-14
Okinawa   .field_rain      10.434      10.434      10.434      10.434      10.434      10.434      10.434      10.434      10.434      10.434      10.434      10.434

INDEX 1 = rice_wheat

                              jan         feb         mar         apr         may         jun         jul         aug         sep         oct         nov         dec

Kanto_West.field_rain 5.68434E-14 5.68434E-14 5.68434E-14 5.68434E-14 5.68434E-14 5.68434E-14 5.68434E-14 5.68434E-14 5.68434E-14 5.68434E-14 5.68434E-14 5.68434E-14
Okinawa   .paddy_dry  6.44484E-14 6.44484E-14 6.44484E-14 6.44484E-14 6.44484E-14 6.44484E-14 6.44484E-14 6.44484E-14 6.44484E-14 6.44484E-14 6.44484E-14 6.44484E-14
Okinawa   .field_rain                                                                   2.219       2.219       2.219       2.219       2.219
Okinawa   .field_irr  3.55271E-15 3.55271E-15 3.55271E-15 3.55271E-15 3.55271E-15 3.55271E-15 3.55271E-15 3.55271E-15 3.55271E-15 3.55271E-15 3.55271E-15 3.55271E-15

INDEX 1 = combination

                              jan         feb         mar         apr         may         jun         jul         aug         sep         oct         nov         dec

Kanto_West.paddy_dry  1.13687E-13 1.13687E-13 1.13687E-13 1.13687E-13 1.13687E-13                                                             1.13687E-13 1.13687E-13
Kanto_West.field_rain                                                             1.19371E-12 1.19371E-12 1.19371E-12 1.19371E-12 1.19371E-12
Kanto_West.field_irr  6.53699E-13 6.53699E-13 6.53699E-13 6.53699E-13 6.53699E-13                                                             6.53699E-13 6.53699E-13
Okinawa   .paddy_dry  6.45040E-14 6.45040E-14 6.45040E-14 6.45040E-14 6.45040E-14 6.61693E-14 6.61693E-14 6.61693E-14 6.61693E-14 6.61693E-14 6.45040E-14 6.45040E-14
Okinawa   .field_rain                                                                   2.563       2.563       2.563       2.563       2.563


----   1267 PARAMETER resLabor  Residual labor (bil. hour)

potato      1.301,    rice_wheat  1.354,    combination 1.390


----   1267 PARAMETER resFert  Residual fertilizer (MT)

               nitrogen

potato       229576.474
rice_wheat   179259.322
combination  175516.075


----   1267 PARAMETER xveg_resLand  Maximum cropping area with residual land  (1000ha)

potato      137.358,    rice_wheat    2.219,    combination   2.563


----   1267 PARAMETER xveg_resLabor  Maximum cropping area with residual labor (1000ha)

potato      1596.418,    rice_wheat  1661.740,    combination 1705.478


----   1267 PARAMETER xveg_resFert  Maximum cropping area with the scarsiest element (1000ha)

                      ( ALL       0.000 )


----   1267 PARAMETER xveg  Post-calculation cropping area (1000ha)

potato      137.358,    rice_wheat    2.219,    combination   2.563



EXECUTION TIME       =        7.813 SECONDS      5 MB  32.2.0 rc62c018 WEX-WEI


USER: Kiyotaka Ishikawa, Single User License         G191217/0001AS-WIN
      Kyoto University, Graduate School of Agriculture          DC10515
      License for teaching and research at degree granting institutions


**** FILE SUMMARY

Input      C:\Users\ikiyo\OneDrive\MAFF_2025\workspace simul\build2.7b260206.gms
Output     C:\Users\ikiyo\OneDrive\MAFF_2025\workspace simul\build2.7b260206.lst
